portugues,Tupi_Referencia,Tupi_via_Guarani,Tupi_direto
Nasceu para nós hoje,  O'a îandébo kori,O'a îandébo kori,O'a îandébo kori
E a aproximação do parto de uma grávida não é também motivo de se ter medo?, A'epe muru'apora membyrasy kakara na nheangûaba bé ruã?,A'epe ta'yraburusu reroîebyîebysabamo n'asé sykyîeby bé ruã?,A'epe muru'apora membyrasy kakara na nheangûaba bé ruã?
A gente vê aquela coisa branca e sua redondeza também," Akó morotinga, i amandaba bé asé osepîak","Akó morotinga, i amandaba bé asé osepîak","Akó morotinga, i amandaba bé asé osepîak"
"Ah, quem me dera comer veneno para que eu morresse disso", A'u temõ mba'eaíba mã a'emo nhẽ xe re'õû ãûa suí,A'u temõ mba'eposakara suí omanõmo mã!,A'u temõ mba'eaíba mã a'emo nhẽ xe re'õû ãûa suí
"Mostramse a urdir mentiras, ficando a provar poções"," E'i mo'ema monhanga, mosanga ra'ãra'anga","Îandé mo'ema monhanga, oîposanong","E'i mo'ema monhanga, mosanga ra'ãra'anga"
"Tenhamos as coisas boas, apartandoas do que é torpe", Îarekó é rakó mba'ekatu i poxyba'e suí i mouruébo,Îarekó é rakó mba'ekatu i poxyba'e suí i mouruébo,Îarekó é rakó mba'ekatu i poxyba'e suí i mouruébo
acordado, iubé ,moingé,iubé 
"aquele (s, a, as)", kíiei,kíiei,kíiei
Não os temos desde nossos avós, Marãpe pe rubixabetae'ym?  Nd'oroerekóî nhẽ oré ramuîa abé  Por que vós não tendes muitos reis?,Îandé ramỹîa suí asé ogûerekó e'ymeté,Marãpe pe rubixabetae'ym? Nd'oroerekóî nhẽ oré ramuîa abé Por que vós não tendes muitos reis?
Por ser coisa que deve ser dividida, Mba'eramo i moîa'okypyra rekóreme,I nhe'engatã pupé,Mba'eramo i moîa'okypyra rekóreme
"Grita tu, lamentate!"," Nde rasẽ, eîeapirõ!","Nde rasẽ, eîeapirõ!","Nde rasẽ, eîeapirõ!"
Não brigarão?, Nd'omarãmonhangi xópene?,Nd'omarãmonhangi xópene?,Nd'omarãmonhangi xópene?
Não existem mais absolutamente suas antigas terras, N'i tybangáî setãmbûera,N'i tybangáî setãmbûera,N'i tybangáî setãmbûera
"antigamente, após a criação do mundo", raka'e 'ara nhemonhang'iré,raka'e 'ara nhemonhang'iré,raka'e 'ara nhemonhang'iré
acaso, serã,E'i nhẽpe oîkóbo,serã
Eram muitos os que estavam a castigálo?, Setápe i nupãnupãsara?,Setápe i moerapûanymbyra?,Setápe i nupãnupãsara?
Os guardadores de cabra querem visitar seu Senhor, Sygûasumé rerekoara oîosupotá o îara,Gûyrá rerekóbo o îara reká,Sygûasumé rerekoara oîosupotá o îara
Eu também sou um porco, Xe abé taîasugûaîa,Xe abé u'ipuba,Xe abé taîasugûaîa
"Meus guardiães oporseão a vós, como de costume", Xe rarõana opoapypyk îandune,Xe rarõana opoapypyk îandune,Xe rarõana opoapypyk îandune
Eu me escafedo ao ir, Xe rembyrĩ gûixóbo,Aîepubuî gûixóbo,Xe rembykãî gûixóbo
Picarmeia o marigui, Xe su'umo marigûi,Moxy aî'abo,Xe su'umo marigûi
"Eu sou o grande tamoio Aimbirê, uma sucuriju"," Xe tamuîusu Aîmbiré, sukuriîu","Xe ambyîusu Aîmbiré, sukuriîu","Xe tamuîusu Aîmbiré, sukuriîu"
Hei de irritar os malditos,"""Aîrarõpe muru ká",Angaîpaba ri xe rosangi,"""Aîrarõpe muru ká"
"Disseste ""Oxalá eu o mate"", fazendo alguém ouvir?","""Aîuká temomã"" erépe abá remiendubamo?","""Aîuká ipó"" eré tenhẽpe abá supé nde putunhẽû?","""Aîuká temomã"" erépe abá remiendubamo?"
"Disseste falsamente que ele disse isso, sendo maledicente?","""E'i kó"" eré tenhẽpe nde îuruaíbamo?",Nde mba'epûerype aîpó nde moŷrõmo?,"""E'i kó"" eré tenhẽpe nde îuruaíbamo?"
"Ao dizer ""Jesus"", o maldito tem medo","""Jesu"" 'éreme, moxy sykyîéû","""Jesu"" 'éreme, kó muru ryryî okûapa","""Jesu"" 'éreme, moxy sykyîéû"
Presumo que ele deve ter ido,"""Osó ipó re'a"" a'é","""Osó ipó re'a"" a'é","""Osó ipó re'a"" a'é"
"""Ele deve ter ido"", disse eu em suposição","""Osó ipó re'a"" a'é angá","""Osó ipó re'a"" a'é angá","""Osó ipó re'a"" a'é angá"
"Suponho eu que ele tenha ido, de fato","""Osó ipó"" a'ea'ub niã ixé","""Osó ipó"" a'ea'ub niã ixé","""Osó ipó"" a'ea'ub niã ixé"
"""Entrai na igreja"" disse ele de modo louvável","""Peîké Tupãokype"" e'i muruangaba","""Peîké Tupãokype"" e'i muru","""Peîké Tupãokype"" e'i muruangaba"
"""Lembraivos da morte"", deverão dizer suas palavras","""Penhemoma'enduá te'õ resé"", e'i temone i nhe'enga","""Penhemoma'enduá te'õ resé"", e'i temone","""Penhemoma'enduá te'õ resé"", e'i temone i nhe'enga"
"Por quê vocês, maíras e perós, quer dizer, franceses e portugueses, vêm de tão longe procurar madeira para se aquecerem?","""Que veut dire que vous autres Mairs et Peros, c'est à dire François et Portugais, veniez de si loin querir du bois pour vous chauffer?""","""Que veut dire que vous autres Mairs et Peros, c'est à dire François et Portugais, veniez de si loin querir du bois pour vous chauffer?""","""Que veut dire que vous autres Mairs et Peros, c'est à dire François et Portugais, veniez de si loin querir du bois pour vous chauffer?"""
"Por que vocês, maíras e perós, quer dizer, franceses e portugueses, vêm de tão longe procurar madeira para se aquecerem?","""Que veut dire que vous autres Mairs et Peros, c'est à dire François et Portugais, veniez de si loin querir du bois pour vous chauffer?""","""Que veut dire que vous autres Mairs et Peros, c'est à dire François et Portugais, veniez de si loin querir du bois pour vous chauffer?""","""Que veut dire que vous autres Mairs et Peros, c'est à dire François et Portugais, veniez de si loin querir du bois pour vous chauffer?"""
Santa Maria é o seu nome,"""Santa Maria"" sera","""Santa Maria"" sera","""Santa Maria"" sera"
"""Que se enfraqueça, que amoleça""","""T'onhemomembek, t'onhemoapapu""","""T'onhemomembek, t'onhemoapapu""","""T'onhemomembek, t'onhemoapapu"""
Hei de ser bom,"""Xe katupe ká""","""Xe katupe ká""",Xe katupe ká
"""Ah, coitadinho de mim"" é o que é ouvido aí","""Xe poreaûsubeté'ĩ mã!"" sendubypyramo a'epe","""Xe poreaûsubeté'ĩ mã!"" sendubypyramo a'epe","""Xe poreaûsubeté'ĩ mã!"" sendubypyramo a'epe"
por,"(= através de): upi (r, s); (= por causa de): suí;",(pron recipr):,"(= através de): upi (r, s); (= por causa de): suí;"
já,(= logo): ra'a; (rei ao passado): umã jabuticaba,ikó / ekó (t) ,(= logo): ra'a; (rei ao passado): umã jabuticaba
quê?,(= que coisa?): mba'epe?; marãpe?; (referindo,(= que coisa?): mba'epe?; marãpe?; (referindo,(= que coisa?): mba'epe?; marãpe?; (referindo
estrada,"(a)pé (r, s)","(a)pé (r, s)","(a)pé (r, s)"
dedo,(da mão): pfiã (m); (do pé): pysã (m); (dedo indicador): pobe'engaba (m),akuia,(da mão): pfiã (m); (do pé): pysã (m); (dedo indicador): pobe'engaba (m)
como,(de comparação): iá; iabé; (= na condi ção de):,(de comparação): iá; iabé; (= na condi ção de):,(de comparação): iá; iabé; (= na condi ção de):
sim,(de h e m): ee; (de b): pá,(rel a lugar):,(de h e m): ee; (de b): pá
sogra,(de h): taixó; (de m): mendy sogro,yba,(de h): taixó; (de m): mendy sogro
nora,(de h): ta'yraty; (de m): membyraty nós,(de h): ta'yraty; (de m): membyraty nós,(de h): ta'yraty; (de m): membyraty nós
neto (a),(de h): temiminõ; (de m): tembiarirõ névoa,iagílara; iagílareté,(de h): temiminõ; (de m): tembiarirõ névoa
prima,(de h): tendyra; (de rn): tykera (quan do mais velha); pyky'yra (quando mais moça) primeiro,pe,(de h): tendyra; (de rn): tykera (quan do mais velha); pyky'yra (quando mais moça) primeiro
órfão,(de mãe): sye'yma; (de pai): tube'yma orgulho,pitangĩ,(de mãe): sye'yma; (de pai): tube'yma orgulho
espinha,(de peixe): kanga; (da pele): kuruba espinho,tygé,(de peixe): kanga; (da pele): kuruba espinho
tocar' (instrumento),(de sopro): py (,mimby,(de sopro): py (
luz,"(do dia): 'ara; (luz de fogo, das estrelas etc): tendy",yby'iaba; sykaba,"(do dia): 'ara; (luz de fogo, das estrelas etc): tendy"
plantação,"(e)mityma (r, s); mityma plantar",kambu,"(e)mityma (r, s); mityma plantar"
mentira,"(e)mo'ema (r, s)","(e)mo'ema (r, s)","(e)mo'ema (r, s)"
prato,"(e)nha'e (r, s)","(e)nha'e (r, s)","(e)nha'e (r, s)"
fezes,"(e)poti (r, s)",marãmotara; iurupari; tagílafüa demoradamente,"(e)poti (r, s)"
índio,(em oposição ao africano ou ao branco europeu): abá; (índio livre; índio da mata): apyaba,(em oposição ao africano ou ao branco europeu): abá; (índio livre; índio da mata): apyaba,(em oposição ao africano ou ao branco europeu): abá; (índio livre; índio da mata): apyaba
terra,"(em seu aspecto físico, natural): yby; (no sentido de pátria): tetama","(em seu aspecto físico, natural): yby; (no sentido de pátria): tetama","(em seu aspecto físico, natural): yby; (no sentido de pátria): tetama"
vasilha,"(ep)uru (r, s); uru (r, s)",aîpi 'y,"(ep)uru (r, s); uru (r, s)"
redondo,(esférico): apu'a; (circular): amandab/a; ap)'Va,amỹîa,(esférico): apu'a; (circular): amandab/a; ap)'Va
maduro,(fal de fruto): 'aiub/a; apaié; 'apub/a mãe,ipó,(fal de fruto): 'aiub/a; apaié; 'apub/a mãe
sobrinho,"(filho do irmão ou primo de h): ta'yra, tyky'yra' (quando mais velho); (filho do irmão ou primo de m): penga (m); (filho da irmã ou prima de m): i'yra",(de h): pyky'yra (m); (de m): tykera (m),"(filho do irmão ou primo de h): ta'yra, tyky'yra' (quando mais velho); (filho do irmão ou primo de m): penga (m); (filho da irmã ou prima de m): i'yra"
sobrinha,(fillia do irmão ou primo de h): taíyra; (filha da irmã ou prima de h): ietype ra; (filha do irmão ou primo de m): penga (m); (filha da irmã ou prima da m): tykera (quando mais velha); piky'yra (quando mais moça),(de h): i'yra; (de m): tykera (quan do mais velha); (de m): tykera (quando mais moça),(fillia do irmão ou primo de h): taíyra; (filha da irmã ou prima de h): ietype ra; (filha do irmão ou primo de m): penga (m); (filha da irmã ou prima da m): tykera (quando mais velha); piky'yra (quando mais moça)
virar,(intr): bak; nhemoiereb; (tr): pobur; moiereb # fazer virar consigo; virar com: erobak,Aîapengok,(intr): bak; nhemoiereb; (tr): pobur; moiereb # fazer virar consigo; virar com: erobak
rachar,(intr): bok; (tr): mobok,koty,(intr): bok; (tr): mobok
entornar,(intr): é; (tr): en (,Aîapapûar,(intr): é; (tr): en (
continuar,(intr): iepotabê; (tr): moiepotabê continuidade,Îandé moatãmo,(intr): iepotabê; (tr): moiepotabê continuidade
retribuir,(intr): iepyme'eng; (tr): poepyk reunir,me'eng,(intr): iepyme'eng; (tr): poepyk reunir
girar,(intr): iereb; iatirnan; (tr): moiereb goela,Aîapengok,(intr): iereb; iatirnan; (tr): moiereb goela
passar,(intr): kftab; (tr): asab (s),moabrub,(intr): kftab; (tr): asab (s)
roçar,(intr): kopir; (tr): giiyrok,andub,(intr): kopir; (tr): giiyrok
velar,(intr): ma'enan; kerarõ; (tr): arõ (s) velha,tesaetá,(intr): ma'enan; kerarõ; (tr): arõ (s) velha
enfraquecer,(intr): membek; tumbek; (tr): moatãe'ym; mopopyatambab,(intr): nheran; nhemobabak; (tr,(intr): membek; tumbek; (tr): moatãe'ym; mopopyatambab
mergulhar,(intr): nheapumi; nhepumi; (tr): pumi; 'apiramõ,(tr): moiepé; (intr): nhemomemúiepé,(intr): nheapumi; nhepumi; (tr): pumi; 'apiramõ
engordar,(intr): nhemongyrá; (tr): mongyrá engrandecer (= tornar grande),morypaba (v mboryb),(intr): nhemongyrá; (tr): mongyrá engrandecer (= tornar grande)
escurecer,(intr): nhemopytun; (tr): mo pytun,anga,(intr): nhemopytun; (tr): mo pytun
resistir,(intr): nheran; nhemobabak; (tr,a'ang (s),(intr): nheran; nhemobabak; (tr
murchar,(intr): nhynhyng; (tr): monhy nhyng,ambyasy,(intr): nhynhyng; (tr): monhy nhyng
despertar,(intr): pak; (tr): mombak despido,(variedades): anakã; tu'i; tu'ityryka etc,(intr): pak; (tr): mombak despido
desembarcar,(intr): pear; (tr): enosem desenhar,nhã; anhã2,(intr): pear; (tr): enosem desenhar
fender,(intr): puk; (tr): mobok,apek (s),(intr): puk; (tr): mobok
estremecer,(intr): syi; tumung; tytyk; (tr): mondyi; mopiring; motumung,monhyrõ,(intr): syi; tumung; tytyk; (tr): mondyi; mopiring; motumung
transbordar,(intr): tui; (tr): mondui transformar,esemõ (s); mopor,(intr): tui; (tr): mondui transformar
viúvo (a) ,"(m): mene'õ; (h): emirekoe'õ (r, s)","(m): mene'õ; (h): emirekoe'õ (r, s)","(m): mene'õ; (h): emirekoe'õ (r, s)"
irmã,(mais nova de m): pyky'yra (m); (mais velha de m): tykera; (de h): tendyra irmão,xe reindy,(mais nova de m): pyky'yra (m); (mais velha de m): tykera; (de h): tendyra irmão
tio,(materno): tutyra; (paterno): tuba1 tipoia,atuá,(materno): tutyra; (paterno): tuba1 tipoia
tia,(paterna): aixé; (materna): sy'yra tigela,(de h): pyky'yra (m); (de m): tykera (m),(paterna): aixé; (materna): sy'yra tigela
primo,(paterno de h): tybyra (quando mais moço); tyky'yra (quando mais velho); (de m): kybyra,ieapyká; nhemonhangaba gerar,(paterno de h): tybyra (quando mais moço); tyky'yra (quando mais velho); (de m): kybyra
sobre,(ponto preciso): 'ari; sosé; (sentido di fuso): 'arybo,(ponto preciso): 'ari; sosé; (sentido di fuso): 'arybo,(ponto preciso): 'ari; sosé; (sentido di fuso): 'arybo
embaixo (de),(ponto preciso): gftyri; gftyrype; (sentido difuso): giiyrybo,itá sosé,(ponto preciso): gftyri; gftyrype; (sentido difuso): giiyrybo
porco,(porco,se,(porco
se3,(pron recipr):,y3,(pron recipr):
quando?2,(referindo,marãtepene?,(referindo
hoje,(rei ao tempo que ainda não chegou): kori; (rei ao tempo já passado): oieí; ieí homem,kori,(rei ao tempo que ainda não chegou): kori; (rei ao tempo já passado): oieí; ieí homem
em,(rel a lugar):,(pron recipr):,(rel a lugar):
oco,(s) ybyia; : ybyi/a,ara'a,(s) ybyia; : ybyi/a
maneta,(s): asyka; : asyk,iara,(s): asyka; : asyk
doente,(s): mara'ara; mba'easybora; : mara'ar; mba'easybor,angaingaíba,(s): mara'ara; mba'easybora; : mara'ar; mba'easybor
sedento,(s): 'useibora; 'useibor/a seguir,"upi (r, s) segundo2 (num ord )",(s): 'useibora; 'useibor/a seguir
tocar1,(tr): atõi; (intr) byk; (= passar a mão): pokok,iybá,(tr): atõi; (intr) byk; (= passar a mão): pokok
pescar,(tr): ekyi (s); (intr): pindaeityk; (pes car com rede): ieporakar,pirá rekoaba,(tr): ekyi (s); (intr): pindaeityk; (pes car com rede): ieporakar
estourar,(tr): mobok; (intr): pok,mombuk,(tr): mobok; (intr): pok
grudar,(tr): moiar; (intr): nhemoiar; po mong (xe),(intr): puk; (tr): mobok,(tr): moiar; (intr): nhemoiar; po mong (xe)
vomitar,(tr): moiebyr; (intr): güe'en vômito,moasy,(tr): moiebyr; (intr): güe'en vômito
igualar,(tr): moioiab; (intr): iakatu igualar,obaiar/a,(tr): moioiab; (intr): iakatu igualar
inchar,(tr): mopungá; moruru; (intr): pungá (xe); ruru (xe),(intr): puk; (tr): mobok,(tr): mopungá; moruru; (intr): pungá (xe); ruru (xe)
ferver,(tr): mopupur; (intr): pupur festa (ritual de comer e beber),mongué,(tr): mopupur; (intr): pupur festa (ritual de comer e beber)
cuspir,(tr): mun (,andub,(tr): mun (
torcer,(tr): pepyr; poká; (torcer como corda): pomombyk; (torcer mão ou pé): mongaraú; (intr): iekundab; ie'ab; (mão ou pé): nhe mongaraú,(intr): puk; (tr): mobok,(tr): pepyr; poká; (torcer como corda): pomombyk; (torcer mão ou pé): mongaraú; (intr): iekundab; ie'ab; (mão ou pé): nhe mongaraú
remar,(tr): pukui; (intr): ygapukui remédio,kokaba,(tr): pukui; (intr): ygapukui remédio
papagaio,(variedades): aiuru; anaká; tiriba; iandaiusu; iendaia; iuruba etc,aka,(variedades): aiuru; anaká; tiriba; iandaiusu; iendaia; iuruba etc
periquito,(variedades): anakã; tu'i; tu'ityryka etc,aka,(variedades): anakã; tu'i; tu'ityryka etc
gaivota,(variedades): aty; gílakagílasu etc galho,aka,(variedades): aty; gílakagílasu etc galho
rato,(variedades): gílabiru; punaré; karu kuoka etc,(variedades): gílabiru; punaré; karu kuoka etc,(variedades): gílabiru; punaré; karu kuoka etc
mosquito,(variedades): iati'ü; marigôi; nhe tlngaruru,(variedades): karapuku; urupé etc coisa,(variedades): iati'ü; marigôi; nhe tlngaruru
rã,(variedades): iu'i; tataka; kotorá etc rabo,potaba (m),(variedades): iu'i; tataka; kotorá etc rabo
coruja,(variedades): kaburé; iakurutu; suin dara etc,u'u,(variedades): kaburé; iakurutu; suin dara etc
macaco,(variedades): ka'i; gfiariba; mbyryki; sagfii; akyky etc,apykaba,(variedades): ka'i; gfiariba; mbyryki; sagfii; akyky etc
cogumelo,(variedades): karapuku; urupé etc coisa,kartlaba,(variedades): karapuku; urupé etc coisa
mosca,(variedades): meru; mberuoby; ietin ga; mutukusu etc,fi,(variedades): meru; mberuoby; ietin ga; mutukusu etc
palmeira,(variedades): pindoba; tukü; pati; pysandó; ieisara; inaiá; karaná; iupati; maraia'yba; karana'yba etc,(variedades): pindoba; tukü; pati; pysandó; ieisara; inaiá; karaná; iupati; maraia'yba; karana'yba etc,(variedades): pindoba; tukü; pati; pysandó; ieisara; inaiá; karaná; iupati; maraia'yba; karana'yba etc
verme,(variedades): sebo'i; turuygíiera; ura; ybyrapeasoka; ybyrasoka; tasoka; iaruma'i; taburaá etc,se,(variedades): sebo'i; turuygíiera; ura; ybyrapeasoka; ybyrasoka; tasoka; iaruma'i; taburaá etc
gavião,(variedades): tagfrató; karakará etc geada,aka,(variedades): tagfrató; karakará etc geada
formiga,"(variedades): tasyba; ysá, akeke; arará, guaiu etc",kartlaba,"(variedades): tasyba; ysá, akeke; arará, guaiu etc"
lagarto,(variedades): teiu; teiugftasu; teiu nhana; senemby; karapopeba; ameresyma; ameiuá etc,aka,(variedades): teiu; teiugftasu; teiu nhana; senemby; karapopeba; ameresyma; ameiuá etc
lá,(vis): ebapó; ilime; (n vis): akfteipe; a'epe lábio,a'epe,(vis): ebapó; ilime; (n vis): akfteipe; a'epe lábio
"esse (s, a, as)",(vis): fil; ebok6ei; ebokiié; ebokilea; eboili; ebo6ing; eboiliba'e; eboilinga; (n vis): a'e; aipó; akó; akiiei estalar (intr),kíiei,(vis): fil; ebok6ei; ebokiié; ebokilea; eboili; ebo6ing; eboiliba'e; eboilinga; (n vis): a'e; aipó; akó; akiiei estalar (intr)
oposto,": obaiar/a (r, s); (s): obaiara (t) oprimir",": obaiar/a (r, s); (s): obaiara (t) oprimir",": obaiar/a (r, s); (s): obaiara (t) oprimir"
velho,: píier/a; umíianja; (s): tuiba'e vencedor,umüan,: píier/a; umíianja; (s): tuiba'e vencedor
rápido,: py'i; apílanja; (adv): sapy'a; esapy'a; korite'i,anhe,: py'i; apílanja; (adv): sapy'a; esapy'a; korite'i
vesgo,": ró; esabang/a (r, s); (s): tesa banga",Amixyr,": ró; esabang/a (r, s); (s): tesa banga"
negro,": un/a (r, s); (s): tapy'yiuna neném",se (= pintar,": un/a (r, s); (s): tapy'yiuna neném"
A todos os homens ama para o bem deles,…Opabĩ abá raûsubi i katurama resé,"Pabẽ abá raûsupa, i angaturãmotaramo",...Opabĩ abá raûsubi i katurama resé
louva,a,moeté,a
"Eis que era costume, então, dar nome às pessoas",Ã tekó a'ereme moreroka,Ko'y moreroka moreroka,Ã tekó a'ereme moreroka
"Eis que era costume, então, batizar",Ã tekó a'ereme moreroka,Ã tekó a'ereme moreroka,Ã tekó a'ereme moreroka
"Eis que era costume, por ocasião disso, pôr nome Assim, puseram como nome dele ""Jesus""",Ã tekó a'ereme moreroka Ké bŷá Îesus nongi seramo,"A'e i xuí pitanga rerasóbo, i 'îasu",Ã tekó a'ereme moreroka Ké bŷá Îesus nongi seramo
"este (s, a, as)",ã; kó; ang; ikó,keygûara,ã; kó; ang; ikó
Ainda estou de pé,A'ã bé,Aîeîuká,A'ã bé
Não! Meu quinhão és tu!,Aã! Xe potaba nde!,Aani! Aîkó nde resé,Aã! Xe potaba nde!
Levantome,A'am,Aîepubuî,Abyr
Eu estou em pé (sem mudar de lugar),A'amĩ,Aîe'amĩ,A'amĩ
Estou em pé (sem me mexer),A'amĩote,A'amĩ,A'amĩote
Fiei o algodão,Aamyniîupoban,Aîmonhang takuare'yma,Aamynyîupoban
Fiei o algodão,Aamynyîupoban,Aîmonhang takuare'yma,Aamynyîupoban
Digo que não,Aan a'é ipó ixé re'a,Ixé na emonani,Aan a'é ipó ixé re'a
"não deve ser, não será assim","aan ipó, aan ipó biã","aan ipó, aan ipó biã","aan ipó, aan ipó biã"
"Não, não os derrotarás","Aan, nd'ereîtyki xóne",Aani! Aîpó n'opoasykyî,"Aan, nd'ereîtyki xóne"
não,aan; aani; na ,aan; aani; na ,aan; aani; na 
experimentar,a'ang (s),(tr): pukui; (intr): ygapukui remédio,a'ang (s)
imitar,a'ang (s),Aîmoa'yrõ,a'ang (s)
medir,a'ang (s),ma'e,a'ang (s)
pronunciar,a'ang (s),nhe'erueru (xe),a'ang (s)
provar,a'ang (s),epiak (s),a'ang (s)
nunca mais,aani xûé ko'yténe,aani xûé ko'yténe,aani xûé ko'yténe
Não! Irriteime,Aani! Aîemoŷrõ,Aani! Aîepyaobok,Aani! Aîemoŷrõ
não há de ser (futuro),aanixûé ipóne,aanixûé ipóne,aanixûé ipóne
Não! Estou bêbado,Aanumẽne! Asabeypó,Aani! Xe ropenhana!,Aanumẽne! Asabeypó
Não! Estou bêbado,Aanumẽne! Asabeypó,Aani! Xe ropenhana!,Aanumẽne! Asabeypó
Teço roupas,Aaópyasab,Aîmobaka,Aaópyasab
Embarquei,A'ar,Aîké,A'ar
Estou a ponto de ir Vou daqui a pouquinho,A'ar apyrĩ  Estou prestes a cair Our apyrĩ  Está já para vir Asó apyri'ĩ,Aûîebétemo asó,A'ar apyrĩ Estou prestes a cair Our apyrĩ Está já para vir Asó apyri'ĩ
Embarco contigo,A'ar nde pupé,T'oúne nde irũ,A'ar nde pupé
Haveria de cair,A'arixûer,Aîureb,A'arixûer
abrir,ab,moebykatã,ab
cortar,ab; mondok; (com instrumento cortan te): kyfi,mbo'ir; moia'ok,ab; mondok; (com instrumento cortan te): kyfi
cabelo,aba,se,aba
alguém,abá,abá,abá
pessoa,abá,abá,abá
Quem mais junto deles foram seus sepultadores?,Abá abépe i pyri i tymbaramo?,Abápe amoaé i pyri i moîáno?,Abá abépe i pyri i tymbaramo?
"Quem mais não o transgride, não jejuando?",Abá abépe nd'oîabyî oîekuakube'yma?,Abá abépe o aîuri oîkoe'ymae'yma?,Abá abépe nd'oîabyî oîekuakube'yma?
"Pois, se um homem guarda seu próprio filho, quanto mais Deus compadecerseá de nós","Abá abiã é o a'yra ogûerekókatu, memetipó Tupã asé raûsubáne","Abá abiã é o a'yra ogûerekókatu, marãpe Tupã asé raûsubá potare'yma?","Abá abiã é o a'yra ogûerekókatu, memetipó Tupã asé raûsubáne"
As doenças da alma do homem com ele saram bem,Abá 'anga mara'ara i pupé opûeîrákatu,Abá rekorama momburu me'enga abé,Abá 'anga mara'ara i pupé opûeîrákatu
As doenças da alma do homem com ela saram bem,Abá 'anga mara'ara i pupé opûeîrákatu,Abá 'anga mara'ara i pupé opûeîrákatu,Abá 'anga mara'ara i pupé opûeîrákatu
estragando as almas dos índios,abá 'anga momoxŷabo,abá rekó momoxysara,abá 'anga momoxŷabo
As almas dos homens morrem ao transgredirem a palavra de Deus,Abá 'anga re'õû nhẽ Tupana nhe'enga abŷápe,Abá rekobé re'õû nhẽ Tupana nhe'enga ra'anga,Abá 'anga re'õû nhẽ Tupana nhe'enga abŷápe
Os homens pecadores mataram São Mateus,Abá angaîpabora São Mateus îukáû,Abá angaîpabora São Mateus îukáû,Abá angaîpabora São Mateus îukáû
Contando os pecados escondidos de alguém para quem não os conhece,Abá angaîpánhemima i kuapare'yma supé mombegûabo,Abá angaîpánhemima i kuapare'yma mombegûabo,Abá angaîpánhemima i kuapare'yma supé mombegûabo
Contando as maldades escondidas de alguém para quem não as conhece,Abá angaîpánhemima i kuapare'yma supé mombegûabo,Abá angaîpánhemima i kuapare'yma supé mombegûabo,Abá angaîpánhemima i kuapare'yma supé mombegûabo
Contando as maldades escondidas de alguém,Abá angaîpánhemima mombegûabo,Mba'erobeté tukutuku potá,Abá angaîpánhemima mombegûabo
O que conta os pecados escondidos de alguém,Abá angaîpánhemima oîmombe'uba'e,Sekónhemima mombegûabo sekónhemima,Abá angaîpánhemima oîmombe'uba'e
Não ia para o céu outrora a alma de nenhum homem?,Abá 'angûera amõ soe'ymi ybakype erimba'e?,Abá 'angûera amõ soe'ymi ybakype erimba'e?,Abá 'angûera amõ soe'ymi ybakype erimba'e?
Não ia para o céu outrora a alma de ninguém?,Abá 'angûera amõ soe'ymi ybakype erimba'e?,Abá 'angûera amõ soe'ymi ybakype erimba'e?,Abá 'angûera amõ soe'ymi ybakype erimba'e?
Ser cordato com um pequeno proceder no mal de alguém,Abá marã sekoagûerĩ resé nherane'yma,Abá marã sekoagûerĩ resé onhemombegûabo,Abá marã sekoagûerĩ resé nherane'yma
Não fazer ataque às pequenas maldades dos homens,Abá marã sekoagûerĩ resé nherane'yma,Eîmoapirõ umẽ abá rekopoxy,Abá marã sekoagûerĩ resé nherane'yma
Arrebentando as coisas de alguém,Abá mba'e mombuka,Abá mba'e mombuka,Abá mba'e mombuka
O homem que esconde algo,Abá mba'e omimba'e,Abá mba'e omondarõba'e,Abá mba'e omimba'e
O homem que comete furto de algo,Abá mba'e resé omondarõba'e,Abá mba'e resé omondarõba'e,Abá mba'e resé omondarõba'e
Invejar as coisas boas de alguém,Abá mba'ekatu moasy,Îandé rapixara mba'ekatu resé îandé moîekosupa,Abá mba'ekatu moasy
Fazendo as pessoas detestarem umas às outras,Abá moîoamotare'ymuká,Abá moingoébo,Abá moîoamotare'ymuká
fazendo os homens ficarem espiando,abá momanhãmanhana,abá resá mo'anga,abá momanhãmanhana
"O que vê o furto de alguém, sem se importar",Abá mondarõ osepîakĩba'e,"Abá mondá osepîakĩba'e, n'i marani",Abá mondarõ osepîakĩba'e
O que vê um homem furtar sem se importar,Abá mondarõ osepîakĩba'e,Abá mondarõ osepîakĩba'e n'oîmoasyî,Abá mondarõ osepîakĩba'e
O homem que come objeto de furto ou que o leva para sua casa,Abá mondarõagûera o'uba'e koîpó og okype ogûerasoba'e,Abá mondarõagûera o'uba'e koîpó og okype ogûerasoba'e,Abá mondarõagûera o'uba'e koîpó og okype ogûerasoba'e
Fazendo as pessoas beberem cauim ou dandolhes de beber,Abá mongagûabo koîpó se'yma,Abá mongagûabo kaûĩ koîpó kamby ka'u,Abá mongagûabo koîpó se'yma
"Fazendo as pessoas beberem cauim ou dandolhes de beber, fazendoas embriagarse","Abá mongagûabo koîpó se'yma, i mondabeypó","Kaûĩ koîpó îukyrûera mongagûabo abá supé, i moîekotebẽmo","Abá mongagûabo koîpó se'yma, i mondabeypó"
"Examinando a armadilha de alguém, tomando o seu conteúdo","Abá mundé supa, i pora rá","Abá îuraragûaîa supa, i py resebé oîar","Abá mundé supa, i pora rá"
Mesmo replicando as palavras de alguém a gente transgride a palavra de Deus?,Abá nhe'enga poepyka tiruãpe asé Tupã nhe'enga abyû?,Abá nhe'enga poepyka tiruãpe asé Tupã nhe'enga abyû?,Abá nhe'enga poepyka tiruãpe asé Tupã nhe'enga abyû?
Palavras de quem são essas?,Abá nhe'engûerape aîpó?,Abá nhe'engape ûĩ?,Abá nhe'engûerape aîpó?
Palavras de quem são aquelas?,Abá nhe'engûerape aîpó?,Abá nhe'engape ûĩ?,Abá nhe'engûerape aîpó?
"O homem, ao morrer um filho seu, fica longamente em pranto",Abá o a'yra re'õneme oîase'oerekópuku,Abá o a'yra re'õneme oîase'oerekópuku,Abá o a'yra re'õneme oîase'oerekópuku
Tendo medo de que alguém o maltrate muito,abá ogûerekomemûãeté suí onheangûabo,Abá o moabaeté suí onheangûabo,abá ogûerekomemûãeté suí onheangûabo
O que fica urdindo as palavras de alguém,Abá oînhe'ẽmonhãmonhangyba'e,abá nhe'enga momburûara,Abá oînhe'ẽmonhãmonhangyba'e
Uma pessoa em vão enfia a mão num recipiente de água benta,Abá opo'ẽ tenhẽ 'ykaraíba ruru pupé,Abáangaîpabĩ oîmondeb o îybá ygaîtĩ pupé,Abá opo'ẽ tenhẽ 'ykaraíba ruru pupé
estátua,abá ra'angaba,arugilá,abá ra'angaba
Quem Deus fez primeiro como habitantes do céu?,Abá ranhẽpe erimba'e Tupã oîmonhangypy ybaka porama?,Abá ranhẽpe erimba'e Tupã oîmonhangypy ybaka porama?,Abá ranhẽpe erimba'e Tupã oîmonhangypy ybaka porama?
"Filhos de índios, certamente","Abá ra'yra, ipó","Abá mondykaba, ipó","Abá ra'yra, ipó"
Filho de quem és tu?,Abá ra'yrape nde?,Abá ra'yrape nde?,Abá ra'yrape nde?
Filhos de quem eram esses?!,Abá ra'yrape ûĩ?!,Abá ra'yrape ûĩ?!,Abá ra'yrape ûĩ?!
Sei lá!,Abá ra'yrape ûĩ?! Sé! Filhos de quem eram esses?!,Na xe tekokuabi,Sé ruã!
matando as criações de alguém,abá reîmbaba îukábo,abá reîmbaba îukábo,abá reîmbaba îukábo
ficando a observar o procedimento das pessoas,abá rekó anduandupa,Abá rekó mombegûabo,abá rekó anduandupa
O destino final das coisas dos homens,Abá rekó mondykaba,A'epe opakatu abá mba'e obasẽne,Abá rekó mondykaba
Tornando notórios os vícios das pessoas,Abá rekopoxy mosãîa,Abá rekopûara kuabe'enga,Abá rekopoxy mosãîa
Aqueles outros dois deverão ser tomados segundo a vontade das pessoas,Abá remimotara rupi tarypyrama é amoaé mokõî,Kó abá remimotara rekóû a'e mokõî amõ,Abá remimotara rupi tarypyrama é amoaé mokõî
Alegrandose com a morte de alguém,Abá re'õagûera resé og orybamo,Abá re'õagûera resé og orybamo,Abá re'õagûera resé og orybamo
"Aos olhos dos homens somente, mas não de verdade,",Abá resápe nhote na supi ruãte,Abá resápe nhõ na supi ruãte,Abá resápe nhote na supi ruãte
O que cria mentiras por causa de alguém,Abá resé mo'ema oîmonhangyba'e,Abá resé nhemombe'u'uba,Abá resé mo'ema oîmonhangyba'e
Fazendo as pessoas terem ódio umas das outras por causa de alguém,Abá resé nhoamotare'yma rerekouká abá supé,Abá resé oporomoaîu,Abá resé nhoamotare'yma rerekouká abá supé
"Na casa de quem passaste tomandoas, antes de te esconderes?","Abá rokype erekûá tá, nhemimy îanondé?","Abápe eresó nde mũ pokeka, nde reîmbaba îanondé?","Abá rokype erekûá tá, nhemimy îanondé?"
"Na casa de quem passaste, tomandoas [isto é, as coisas roubadas], antes de te esconderes?","Abá rokype erekûá, tá, nhemimy îanondé?","Abá rokype erekûá, i mba'e rerasóbo, i ka'a e'ymebé?","Abá rokype erekûá, tá, nhemimy îanondé?"
Na casa de quem passaste?,Abá rokype erekûá?,Abá rokype erekûá?,Abá rokype erekûá?
Quem será que a trouxe?,Abá serã ogûeru?,Abá serã ogûeru?,Abá serã ogûeru?
Quem será como eu?,Abá serã xe îabé?,Abápe xe îá?,Abá serã xe îabé?
Mais que a todos os seres humanos embelezoua,Abá sosé pabẽ i momorangi,Abá sosé pabẽ i momorangi,Abá sosé pabẽ i momorangi
Acima de todas as pessoas embelezoua,Abá sosé pabẽ i momorangi,I apysykatu pabẽ i moîarukari,Abá sosé pabẽ i momorangi
"Dizendo maldades à toa para alguém, dandolhe má fama","Abá supé marã o'îabo tenhẽ, i moerapûana","Abá supé oîporoîukaíb, i moerapûana","Abá supé marã o'îabo tenhẽ, i moerapûana"
Contar aos homens a futura felicidade deles,Abá supé sekokatusagûama mombe'u,Nd'aîpapari sekokatusagûama abá supé,Abá supé sekokatusagûama mombe'u
Para quem a gente reza pela felicidade futura de sua alma?,Abá supépe asé îeruréû o 'anga rekokaturama resé?,Abá supépe asé îeruréû o 'anga rekokaturama resé?,Abá supépe asé îeruréû o 'anga rekokaturama resé?
Para quem a gente reza?,Abá supépe asé îeruréû?,Abá supépe asé îeruréû?,Abá supépe asé îeruréû?
Os homens reconheceramno como Deus verdadeiro?,Abá Tupãetéramo sekokuabi?,Oîkuabépe abá Tupãetéramo?,Abá Tupãetéramo sekokuabi?
Nomes de quem são esses?,Abáabá rerape eboinga?,Abáabá rerape eboinga?,Abáabá rerape eboinga?
Quem são os que rogam por nós a Deus?,Abáabápe asé resé Tupã mongetasaramo sekóû?,Abáabápe asé resé Tupã mongetasaramo sekóû?,Abáabápe asé resé Tupã mongetasaramo sekóû?
Quem são os que rogam a Deus por nós?,Abáabápe asé resé Tupã mongetasaramo sekóû?,Abáabápe asé resé Tupã mongetasaramo sekóû?,Abáabápe asé resé Tupã mongetasaramo sekóû?
Quem faz louvar o nome de Deus?,Abáabápe Tupã rera oîmoetéukar?,Abáabápe Tupã rera oîmoetéukar?,Abáabápe Tupã rera oîmoetéukar?
"Ah, um homem pecador há de ter mais coisas boas que eu!",Abáangaîpabĩ takó mba'ekatu ogûerekó xe suí mã!,Abáangaîpabĩ rekóû xe suí mba'ekatu be'ĩ mã!,Abáangaîpabĩ takó mba'ekatu ogûerekó xe suí mã!
homem muito preguiçoso,abáate'ymusu,abáate'ymusu,abáate'ymusu
Estrebuchei,Ababak,Aîmombe'u,Ababak
homem liberal,abáekoate'yme'yma,abáekoate'yme'yma,abáekoate'yme'yma
homem covarde,abáekoetee'yma,abáekotenhẽ,abáekoetee'yma
Eu sou um homem vadio,Abáekotenhẽ ixé,Abáekotenhẽ ixé,Abáekotenhẽ ixé
terrível,abaeté,erorrõ,abaeté
terror,abaeté,abangaba; panema (m); membeka covarde,abaeté
honrado,"abaeté; eté (r, s)",momiafisub,"abaeté; eté (r, s)"
valente,abaeté; kyre'ymbab/a; pyatã valentia,tatãngatu,abaeté; kyre'ymbab/a; pyatã valentia
"Filo estar como forro, alforrieio",Abaetéramo aîmoingó,"Xe rugûy aoba, ybyrá pepó",Abaetéramo aîmoingó
"boquitorto, homem da boca torta",abaîuruapẽ,abaîuruapẽ,abaîuruapẽ
íngreme,abaJb/a,agiieá2,abaJb/a
homem fugido,abákanhema,abákanhema,abákanhema
homem briguento,abámarãmotara,abámarãmotara,abámarãmotara
"homem apessoado, gentilhomem",abámatuetegûasu,"amõ karaíba, xe îar",abámatuetegûasu
homem falso,abámemûã,abámemûã,abámemûã
"homem grosseiro, zombeteiro",abámemûã,abámemûã,abámemûã
"Quem não saberia ter comido algo bom, esquecendose da excelência de seu sabor?",Abámo mba'ekatu 'uagûera n'oîkuabi xûé sé katûagûera resé o esaraîamo?,Abámo mba'ekatu 'uagûera n'oîkuabi xûé sé katûagûera resé o esaraîamo?,Abámo mba'ekatu 'uagûera n'oîkuabi xûé sé katûagûera resé o esaraîamo?
"Alguém não reconheceria ter comido algo bom, esquecendose da excelência de seu sabor?",Abámo mba'ekatu 'uagûera n'oîkuabi xûé sé katûagûera resé o esaraîamo?,Abámo mba'ekatu 'uagûera n'oîkuabi xûé sé katûagûera resé o esaraîamo?,Abámo mba'ekatu 'uagûera n'oîkuabi xûé sé katûagûera resé o esaraîamo?
Quem não reconheceria ter comido algo bom?,Abámo mba'ekatu 'uagûera n'oîkuabi xûé?,Abámo mba'ekatu 'uagûera n'oîkuabi xûé?,Abámo mba'ekatu 'uagûera n'oîkuabi xûé?
Um homem ladrão que foi posto na prisão como pena de assassinatos,Abámondá morapitîagûera repyramo mundeokype i mondebypyrûera,Abámondá mundeokype i mondebypyrûera abá mondá ré,Abámondá morapitîagûera repyramo mundeokype i mondebypyrûera
Um homem ladrão que foi posto na prisão como pena de chacinas,Abámondá morapitîagûera repyramo mundeokype i mondebypyrûera,Abámondá mundeokype i mondebypyrûera oîmoasagûera repyramo,Abámondá morapitîagûera repyramo mundeokype i mondebypyrûera
Um ladrão que fora posto na prisão,Abámondá mundeokype i mondebypyrûera,Abámondá mundeokype i mondebypyrûera,Abámondá mundeokype i mondebypyrûera
abatido,abangab,abangab,abangab
covardia,abangaba; panema (m); membeka covarde,abangaba; panema (m); membeka covarde,abangaba; panema (m); membeka covarde
pessoa paroleira,abánhe'engixûera,tekokuabe'yma,abánhe'engixûera
Eu sou homem manso,Abanherane'yma ixé,Abanherane'yma ixé,Abanherane'yma ixé
"Ora, quem seria aquele?",Abáp'akó é?,Abápe aîpó erimba'e?,Abáp'akó é?
"Quem, necessariamente, a gente chama, estando aflita?",Abáp'amẽ asé osenõî oîkotebẽmo?,Abá supépe asé îeruréû o nheangerekosápe?,Abáp'amẽ asé osenõî oîkotebẽmo?
Quem aquele (mandamento) transgride?,Abápe aîpoba'e oîaby?,Abápe aîpoba'e oîaby?,Abápe aîpoba'e oîaby?
Quem desobedece àquele?,Abápe aîpoba'e oîmomaran?,Abápe n'osapîari?,Abápe aîpoba'e oîmomaran?
"Quem o fez outrora, começando a pronunciálo?","Abápe aîpoba'e oîmonhang erimba'e, sa'angypŷabo?","Abápe aîpoba'e oîmonhang erimba'e, sa'angypŷabo?","Abápe aîpoba'e oîmonhang erimba'e, sa'angypŷabo?"
Quem fez isso outrora?,Abápe aîpoba'e oîmonhang erimba'e?,Abápe aîpoba'e oîmonhang erimba'e?,Abápe aîpoba'e oîmonhang erimba'e?
Quem cumpre aquele (mandamento)?,Abápe aîpoba'e oîmopor?,Abápe aîpoba'e oîmoeté?,Abápe aîpoba'e oîmopor?
Que habitante do mundo há como tu?,Abápe 'ara pora oîkó nde îabé?,Abápe nde îabé 'ara pupé sekóû?,Abápe 'ara pora oîkó nde îabé?
Que habitante do mundo há como tu?,Abápe 'ara pora oîkó nde îabé?,Abápe nde îabé 'ara pupé sekóû?,Abápe 'ara pora oîkó nde îabé?
Quem é a que fala a Deus por nós?,Abápe asé resé Tupã mongetasara sekóû?,Abáabápe asé resé Tupã mongetasara sekóû?,Abápe asé resé Tupã mongetasara sekóû?
Quem é o inimigo da gente?,Abápe asé sumarã?,Abápe asé sumarã?,Abápe asé sumarã?
Quem foi o que o entregou?,Abápe i me'engarama?,Abápe i me'engarama?,Abápe i me'engarama?
Quem devoraremos primeiro?,Abápe îa'u raẽne?,Abápe îaîmoasy ranhẽne?,Abápe îa'u raẽne?
"Quem aqui dá a cara, para cá olhando furtivamente?","Abápe ké sobasẽ, kûybõ oma'ẽnhemima?","Abápe ké sobasẽ, oma'ẽnhemima?","Abápe ké sobasẽ, kûybõ oma'ẽnhemima?"
Quem aqui dá a cara?,Abápe ké sobasẽ?,Abápe ké sobasẽ?,Abápe ké sobasẽ?
"Quem, hoje, é como eu?",Abápe kori xe îá?,"Abápe kori xe îá? Erĩ, aani!",Abápe kori xe îá?
"Quem, hoje, é como eu? Irra, ninguém!","Abápe kori xe îá? Erĩ, aani!",Abápe kori xe îá?,"Abápe kori xe îá? Erĩ, aani!"
Quem és tu?,Abápe nde?,Abápe nde?,Abápe nde?
Quem és tu?,Abápe nde?,Abápe nde?,Abápe nde?
"Quem és tu? Sarauaia, adversário antigo de franceses","Abápe nde? Saraûaîa, aîuruîubupîarûera","Abápe nde? Saraûaîa, aîuruîubupîarûera","Abápe nde? Saraûaîa, aîuruîubupîarûera"
Quem ficou ali?,Abápe opytá a'epe?,Abápe opytá a'epe?,Abápe opytá a'epe?
quem?,abápe?; (referindo,abápe?; (referindo,abápe?; (referindo
Quem é? Quem está aí?,Abápipó?,Abápipó?,Abápipó?
homem miserável,abáporeaûsubĩ,abápûapẽîara,abáporeaûsubĩ
Homem coitadinho,Abáporeaûsubĩ,Abáporeaûsubĩ xe reî,Abáporeaûsubĩ
Eu sou um homem soberbo,Abáporerobîare'yma ixé,Abáeté ixé,Abáporerobîare'yma ixé
homem soberbo,abáporoîukaíba,abámatueté,abáporoîukaíba
homem intolerante,abáporomborybe'yma,abátekokuabe'yma,abáporomborybe'yma
homem luxurioso,abáporopotara,abáporopotara,abáporopotara
homem severo,abaposykyîe'yma,abámemûã,abaposykyîe'yma
homem sovina,abápûapẽîara,abápûapẽ,abápûapẽîara
padre,abaré,abaré,abaré
A gente o faz ir em busca de padre também?,Abaré abépe asé oîpiamondó?,Asé serã i a'oîa'oîa'ok abaré supéno?,Abaré abépe asé oîpiamondó?
O padre que é colocado como guardião da gente,Abaré asé rerekoaramo i moingopyra,Abaré asé rerekoaramo oîeerekomemûãba'e,Abaré asé rerekoaramo i moingopyra
Os padrinhos junto ao padre ou a outra pessoa não podem casarse com o que batizaram,Abaré koîpó amõ abá pyri morerokarûera nd'e'ikatuî omendá gûemierokûera resé,Abaré abaré koîpó amõ abá pyri morerokarûera nd'e'ikatuî omendá o emierokûera resé,Abaré koîpó amõ abá pyri morerokarûera nd'e'ikatuî omendá gûemierokûera resé
"Não crêem no padre, bebendo cauim ao longo da noite","Abaré nd'ogûerobîari, putuna rupi okagûabo","Abaré nd'arobîari, putuna rupi okagûabo","Abaré nd'ogûerobîari, putuna rupi okagûabo"
o tradutor do padre,abaré nhe'engerekoara,abaré suí oîopysyrõba'e,abaré nhe'engerekoara
ouvir o sermão do padre,abaré nhe'ẽnhe'enga renduba,abaré nhe'ẽnhe'enga renduba,abaré nhe'ẽnhe'enga renduba
"Por os levarem os padres, não os amo","Abaré ogûerasoápe, n'asaûsubi","Abaré serasó resé, n'asaûsubi","Abaré ogûerasoápe, n'asaûsubi"
O próprio padre responsável por eles que o julgue,Abaré serekoara aé t'osekokuab,Abaré serekoara aé t'oîemongetá i xupé,Abaré serekoara aé t'osekokuab
Para o padre contáloá para que o anuncie na igreja,Abaré supé i mombe'uû Tupãokype seronhe'engaûama rine,Abaré supé t'îaîmombe'u Tupãokype,Abaré supé i mombe'uû Tupãokype seronhe'engaûama rine
bispo,abaregftasu,tupãoka,abaregftasu
homem ignorante,abátekokuabe'yma,abátekokuabe'yma,abátekokuabe'yma
"homem parvoeirão, ignorantão",abátekokuabe'ymusu,abátemipó,abátekokuabe'ymusu
homem muito entendido,abátekokugûákatu,abátekokugûákatu,abátekokugûákatu
Mas quem entregou os índios como coisas vossas?,"Abátepe erimba'e, pe mba'erama resé apŷaba me'enga'ubi?","Abátepe erimba'e, pe mba'erama resé apŷaba me'enga'ubi?","Abátepe erimba'e, pe mba'erama resé apŷaba me'enga'ubi?"
"Mas quem há semelhante a mim, desafiando até mesmo a Deus?","Abátepe oîkó xe oîá, Tupã tiruã momburûabo?","Abápe oîkó xe oîá, Tupã tiruã abá resé oîerekóbo?","Abátepe oîkó xe oîá, Tupã tiruã momburûabo?"
Mas quem há como eu?,Abátepe oîkó xe oîá?,Abátepe oîkó xe oîá?,Abátepe oîkó xe oîá?
"Mas quem, outrora, como vossas coisas os índios deu?","Abátepe, erimba'e, pe mba'erama resé apŷaba me'enga'ubi?","Abátepe erimba'e, pe mba'e me'enga'ubi abá supé?","Abátepe, erimba'e, pe mba'erama resé apŷaba me'enga'ubi?"
milho,abati,avati'yba,abati
milho de que se faz pão,abatitinga,miapé îyba,abatitinga
confuso,abato (v abaiõa),erorrõ,abato (v abaiõa)
homem membrudo,abátubixaba,abápûapẽ,abátubixaba
namorado,aba'yba,ioaüsuba,aba'yba
desde,abé; bé,abé; bé,abé; bé
também,abé; bé;,abé; bé;,abé; bé;
mais,abé; bé; bé,marangatueté,abé; bé; bé
juntamente,"abé; esebé (r, s)","abé; esebé (r, s)","abé; esebé (r, s)"
Vôo como este vento,Abebé kó ybytu îá,Aîpobu kó ybytu,Abebé kó ybytu îá
Vôo como este vento,Abebé kó ybytu îá,Aîpobu kó ybytu,Abebé kó ybytu îá
Vôo como este vento,Abebé kó ybytu îá,Aîpobu kó ybytu,Abebé kó ybytu îá
grenha,abebó,mbegüé,abebó
cabelo desgrenhado,abebó,akanga kábo,abebó
Sou leve,Abebuî,Abebuîkatu,Abebuîkatu
Sou leve,Abebuîkatu,Abebuîkatu,Abebuîkatu
Sou leviano,Abebuînhẽ,Abebuîkatu,Abebuînhẽ
pelar,abo'o (s),(intr): puk; (tr): mobok,abo'o (s)
"escabelar, desfazer o penteado de, desgrenhar o cabelo de, etc",abo'obo'o,"moîepebẽ, moîoparab, moîekotyr, amongoty",abo'obo'o
Inchei,Abur,A'é umûã,Abur
transgredir,aby,v animal,aby
semelhante,abyare'ym/a,abyare'ymja,abyare'ym/a
parecido,abyare'ymja,abyare'ym/a,abyare'ymja
pentear,abyky,ñabok,abyky
escovar,abyky1,andub,abyky1
Levantome,Abyr,Aîepubuî,Abyr
"Adão, nosso primeiro pai","Adão, oré rubypy","Adão, oré rubypy","Adão, oré rubypy"
"Adão, nosso primeiro pai, feznos perder verdadeiramente","Adão, oré rubypy, oré mokanhemeté","Adão, oré rubypy, oré mokanhemeté","Adão, oré rubypy, oré mokanhemeté"
"Adão, nosso primeiro pai, feznos perder verdadeiramente, para nos queimarmos no fogo do diabo","Adão, oré rubypy, oré mokanhemeté, Anhanga ratápe nhẽ oré kaîaûama ri","Adão, oré rubypy, oré mokanhemeté, Anhanga ratápe nhẽ oré momoxy nhẽ","Adão, oré rubypy, oré mokanhemeté, Anhanga ratápe nhẽ oré kaîaûama ri"
aquilo,a'e,a'e,a'e
porém,a'e,a'e;,a'e
Aquele padre que te batiza dá uma vela na tua mão,A'e abaré nde mongaraipara iraîtytataendy me'engi nde pópe,"A'e abaré nde remime'enga, tataendyetá me'engi nde pópe",A'e abaré nde mongaraipara iraîtytataendy me'engi nde pópe
Ele mesmo certamente me guarda,A'e aé ipó xe rerekó,A'e aé ipó xe rerekóûne re'a,A'e aé ipó xe rerekó
É ele o que dá o bem desses,A'e aé koba'e katu me'engara re'a,A'e aé koba'e katu me'engara re'a,A'e aé koba'e katu me'engara re'a
"É ele o que dá o bem desses, com certeza",A'e aé koba'e katu me'engara re'a,A'e aé koba'e katu me'engara re'a,A'e aé koba'e katu me'engara re'a
"Eles, na verdade, em três pessoas se distinguem",A'e anhẽ mosapyr pessoaamo i îa'oki,A'e anhẽ mosapyr pessoaamo i îa'oki,A'e anhẽ mosapyr pessoaamo i îa'oki
"Eles, na verdade, em três pessoas se distinguem, na união de seu único ser divino","A'e anhẽ mosapyr pessoaamo i îa'oki, oîepé og ekókaraíba îese'ara pupé nhẽ","Mosapyr pessoa anhẽ i îa'oki, Tupã oîepé nhẽ oîepegûasu","A'e anhẽ mosapyr pessoaamo i îa'oki, oîepé og ekókaraíba îese'ara pupé nhẽ"
"Eles, na verdade, em três pessoas se distinguem, na união de seu único ser divino","A'e anhẽ mosapyr pessoaamo i îa'oki, oîepé og ekókaraíba îese'ara pupé nhẽ","Mosapyr pessoa anhẽ i îa'oki, Tupã oîepé nhẽ oîepegûasu","A'e anhẽ mosapyr pessoaamo i îa'oki, oîepé og ekókaraíba îese'ara pupé nhẽ"
Só isso está acima de tudo o que deve ser desejado,A'e anhõ opakatu i potarypyra sosé,A'e anhõ opakatu îandé remimotara sosé,A'e anhõ opakatu i potarypyra sosé
"Após aquele revirarse do mundo, então os anjos vêm",A'e 'ara îepubur'iré a'ereme karaibebé ruri,"A'e yby îeakypûereroîebyri, karaibebé ruri",A'e 'ara îepubur'iré a'ereme karaibebé ruri
"Aquele que eu beijar na face, agarraio, atandolhe as mãos","A'e asetobapépyténe peîpysykatu kori, i popûá","A'e xe raûsukatupyra xe pysyk, xe momosema","A'e asetobapépyténe peîpysykatu kori, i popûá"
Digo novamente,A'é benhẽ,A'é benhẽ,A'é benhẽ
"Ainda, ainda me odeia fulano",A'é byter aîpó gûi'îabo  Ainda digo isso E'i bytébyterĩ ahẽ xe amotare'yma,"Îé, kó bé xe pûãpẽ",A'é byter aîpó gûi'îabo Ainda digo isso E'i bytébyterĩ ahẽ xe amotare'yma
Ainda o faço,A'é byter i monhanga,A'é benhẽ,A'é byter i monhanga
e portanto,a'e emonãnamo,emonãnamo é,emonãnamo é
Ele dentro dela está ocultamente,A'e i pupé sekónhemimi,I pupé kanhemi,A'e i pupé sekónhemimi
"Assim também fizeram com seus pés, pregandoos com cravos?","A'e îá bépe gûá i py rerekóû, itapygûá pupé i moîáno?","A'e îá bépe i atukupé rerobaká, i apiti?","A'e îá bépe gûá i py rerekóû, itapygûá pupé i moîáno?"
Que ele faça Deus lembrarse de nós,A'e îandé resé Tupã t'omoma'enduar,Îandé resé Tupã t'omoma'enduar,A'e îandé resé Tupã t'omoma'enduar
Parece que é ele,A'e îasûar,A'e îasûar,A'e îasûar
Mas seria difícil para as pessoas comer minha carne,A'e iî abaíbymo abá supé xe ro'o 'u,Sasyetéte abá supé xe remi'u 'u,A'e iîabaíbymo abá supé xe ro'o 'u
Mas seria difícil para as pessoas comer minha carne,A'e iîabaíbymo abá supé xe ro'o 'u,Sasyetéte abá supé xe remi'u 'u,A'e iîabaíbymo abá supé xe ro'o 'u
A ele eu beijarei suas faces,A'e ipó asetobapépyténe,A'e ipó asetobapépyténe,A'e ipó asetobapépyténe
"A ele, certamente, beijarei suas faces",A'e ipó asetobapépyténe,Aîepyaobok,A'e ipó asetobapépyténe
"Ele, certamente, faz tirarlhe o efeito de mim",A'e ipó oîmoarybéukar xe suí,Aîeîtyk îepé xe suí,A'e ipó oîmoarybéukar xe suí
E no caso de ele não estar?,A'e ipó sekoe'ỹme?,A'e îá tenhẽ é?,A'e ipó sekoe'ỹme?
"Esses, na verdade, não honram a Deus",A'e ipó Tupã n'omoangaturami,A'e ipó Tupã resé nd'aruri,A'e ipó Tupã n'omoangaturami
Destruindo a descendência daquele primeiro homem branco,A'e karaibypy îeapykaba mondyka,Moroún karaibypy îeapykaba ri i îukáû,A'e karaibypy îeapykaba mondyka
"Mas agora, por minha causa, dentro de uma casinha estás","A'e ko'y, xe resé, ómirĩ pupé ereîkó","A'e ko'y, xe resé, ómirĩ pupé ereîkó","A'e ko'y, xe resé, ómirĩ pupé ereîkó"
"Por conhecêlo, agora amoo","A'e kuapápe, ko'y asaûsu","A'ekatuekuapa, ko'y asaûsu","A'e kuapápe, ko'y asaûsu"
Ele mesmo está em todas as igrejas?,A'e memẽpe tupãoka îakatu i kûáî?,A'e memẽpe tupãoka îakatu i kûáî?,A'e memẽpe tupãoka îakatu i kûáî?
"Aquele pão o padre o partiu, certamente",A'e miapepûera abaré oîmbo'i re'a,"Aîpó miapepûera abaré reminondé, îepi",A'e miapepûera abaré oîmbo'i re'a
Disse elegantemente,A'é muruangaba,A'é muruangaba,A'é muruangaba
"Ele, com a mãe de Deus, foi o que criou a Jesus, Deus",A'e niã Tupã sy irũnamo Tupã Jesus mongakuasaramo sekóû,A'e niã Tupã sy irũnamo Tupã Jesus mongakuasaramo sekóû,A'e niã Tupã sy irũnamo Tupã Jesus mongakuasaramo sekóû
"Eis que ele, com a mãe de Deus, foi o que criou a Jesus, Deus","A'e niã, Tupã sy irũnamo, Tupã Jesus mongakuasaramo sekóû",A'e niã Tupã sy irũnamo Tupã Jesus mongakuasaramo sekóû,"A'e niã, Tupã sy irũnamo, Tupã Jesus mongakuasaramo sekóû"
"Ele, após crescer, entregouse aos homens maus, fazendose matar na cruz","A'e o kakuab'iré, i nheme'engi apŷabaíba supé, oîeîukáuká ybyraîoasaba resé","I marangatueté pese'õû, i angaîpaba'e supé i nheme'engi, oîeîukáuká ybyraîoasaba resé é","A'e o kakuab'iré, i nheme'engi apŷabaíba supé, oîeîukáuká ybyraîoasaba resé"
"Ele, após crescer, entregouse aos homens maus, fazendose matar na cruz, estirado","A'e o kakuab'iré, i nheme'engi apŷabaíba supé, oîeîukáuká ybyraîoasaba resé i moatãmbyramo","I marangatu tiruã, i nheme'engi angaîpaba supé, oîeîukáuká ybyraîoasaba resé é","A'e o kakuab'iré, i nheme'engi apŷabaíba supé, oîeîukáuká ybyraîoasaba resé i moatãmbyramo"
Ela fez seu marido comer o fruto de modo vil,A'e o mena supé 'ybá'uukara'ubi,Aîmoîekosupa o mena supé 'ybá'u,A'e o mena supé 'ybá'uukara'ubi
"Ele, com seu trabalho, ajudouo",A'e o porabykysaba pupé oîpytybõ,A'e o porabykysaba pupé i pytybõû,A'e o porabykysaba pupé oîpytybõ
Ele vos fortalece,A'e pe mopyatã,Aîmonhang,A'e pe mopyatã
"Semelhantemente a isso fizeram com seus pés, pregandoos também com cravos?",A'e rame'ĩpe ybŷá i py rerekóû itapygûá pupé i moîáno?,"A'e îá bépe ybŷá i moîáno, i momembeka bé?",A'e rame'ĩpe ybŷá i py rerekóû itapygûá pupé i moîáno?
"Depois disso, hoje vamos quebrar as cabeças dos reis",A'e ré kori îasó tubixaba akanga kábo,A'e ré kori îasó tubixaba akanga kábo,A'e ré kori îasó tubixaba akanga kábo
"Depois disso, vamos hoje para quebrar as cabeças dos reis",A'e ré kori îasó tubixaba akanga kábo,A'e ré kori îasó tubixaba akanga kábo,A'e ré kori îasó tubixaba akanga kábo
"Depois disso, vamos quebrar as cabeças dos reis",A'e ré kori îasó tubixaba akanga kábo,A'e ré kori îasó tubixaba akanga kábo,A'e ré kori îasó tubixaba akanga kábo
Depois desse momento hei de atacálos,A'e ré t'asepenhan,A'e 'ara ré t'aîkóne,A'e ré t'asepenhan
"Depois disso, hei de atacálos",A'e ré t'asepenhan!,A'e ré kori asó gûarinĩ,A'e ré t'asepenhan!
"Depois disso, os malvados estão alta noite atacando pelas costas os maridos das mulheres","A'e ré, moxy rekóû pysaîé kunhã mena kupea'pa","A'e ré, moxy rekóû pysaîé kunhã mena kupea'pa","A'e ré, moxy rekóû pysaîé kunhã mena kupea'pa"
"Depois disso, os malvados estão, a altas horas, atravessando o interior das ocas","A'e ré, moxy rekóû pysaîé okybỹîa asáasapa","A'e ré, moxy rekóû ko'em'iré i moangaîpapa oîepe'a","A'e ré, moxy rekóû pysaîé okybỹîa asáasapa"
Por ocasião disso Deus deixou de amar o homem?,A'e remebépe erimba'e Tupã abá raûsupo'iri?,Oîmoepype Tupã abá raûsuba?,A'e remebépe erimba'e Tupã abá raûsupo'iri?
"então, nesse tempo",a'e remengatutenhẽ,a'ereme bé,a'e remengatutenhẽ
"Depois disso, os descendentes de Noé perderamse?",A'e roîré bépe Noé remiminõetá roparamo?,A'e roîré bépe Noé remiminõ 'ara mokanhemi?,A'e roîré bépe Noé remiminõetá roparamo?
"Depois disso, finalmente, voltase em direção a eles, falando muito terrivelmente",A'e roîré ko'yté i koty obaka onhe'engabaetéramo,"A'e ré ko'yté i xupé, oîemomburupa, oîemomburupa",A'e roîré ko'yté i koty obaka onhe'engabaetéramo
"Vejoo (Com ênfase Lit, Achome vendoo)",A'é sepîaka,A'é îepi,A'é sepîaka
E porventura na hóstia está Jesus Cristo?,A'e serãne hóstia pupé Îesu Cristo rekóû?,A'e serãne hóstia pupé Îesu Cristo rekóû?,A'e serãne hóstia pupé Îesu Cristo rekóû?
Daí virá para julgar todos os que vivem e os que morreram,A'e suí turi oîkobeba'e omanõba'epûera pabẽ rekomonhangane,A'epe turi oîkobeba'e omanõba'epûera pabẽ rekomonhangane,A'e suí turi oîkobeba'e omanõba'epûera pabẽ rekomonhangane
"Dizendo, digo asneiras (isto é, quando digo algo, digo asneiras)",A'é tenhẽ marã gûi'îabo,"Aîpó gûitekóbo, aîapapapub",A'é tenhẽ marã gûi'îabo
"Dizendo algo, digo asneiras",A'é tenhẽ marã gûi'îabo,"Aîpó gûi'îabo, aîapapapá",A'é tenhẽ marã gûi'îabo
Vou mesmo castigarte,A'e tenhẽ nde nupãmone,A'e tenhẽ nde moporaraa'anga,A'e tenhẽ nde nupãmone
Já vou,A'é uman ûixóbo,A'é uman ûiîurĩ,A'é uman ûixóbo
Como as coisas devagar,A'é umanĩ mba'e gûabo,A'é umanĩ mba'e gûabo,A'é umanĩ mba'e gûabo
Faço as coisas devagar,A'é umanĩ mba'e monhanga,Aanumẽne! Asabeypó,A'é umanĩ mba'e monhanga
Ele dará para mim minha aflição,A'e xe rekotebẽsaba oîme'eng ixébene,A'e xe mba'easy amõ me'enga ixébene,A'e xe rekotebẽsaba oîme'eng ixébene
Dentro daquele navio fazendoos embarcar consigo também,A'e ygarusu pupé sero'arukáno,Ygape serã îepé serasóbo bé,A'e ygarusu pupé sero'arukáno
"Elas, certamente, são más","A'e, rakó, i angaîpá",I angaîpá tenhẽ,"A'e, rakó, i angaîpá"
"Elas, na verdade, são más, ficando a fazer pajelança","A'e, rakó, i angaîpá, oîemopaîépaîébo","A'e, rakó, i angaîpá, oîemoŷrõmo okupa","A'e, rakó, i angaîpá, oîemopaîépaîébo"
mas,a'e;,a'e;,a'e;
"ele (s, a, as)",a'e; ahe; i # para ele: i xupé elegante,a'e; ahe; i # para ele: i xupé elegante,a'e; ahe; i # para ele: i xupé elegante
isso,a'e; akó; Ui; aipó; eboüinga,a'e; akó; Ui; aipó; eboüinga,a'e; akó; Ui; aipó; eboüinga
mesmo,aé; é # nem mesmo: tlruã,nhe,aé; é # nem mesmo: tlruã
Aqueles serão consolados,A'eba'e i moapysykypyramo sekóûne,A'eba'e i moytarõmbyramo sekóûne,A'eba'e i moapysykypyramo sekóûne
Aqueles serão saciados,A'eba'e i moytarõmbyramo sekóûne,A'eba'e i moîypotasaba,A'eba'e i moytarõmbyramo sekóûne
"Ele nasceu de Maria, a que não foi tocada por homem",A'eba'e o'ar Maria abá bykagûere'yma suí,O'ar Maria abá nd'e'i omendare'ymba'e suí,A'eba'e o'ar Maria abá bykagûere'yma suí
Ainda hoje fazendoos cair,A'ebé kori i mbo'ane,A'ebé kori i mopu'ama,A'ebé kori i mbo'ane
Muito a propósito a gente comemorará bem esse dia,A'eboé ebokûé 'ara asé oîmoetékatune,Kó 'ara îaîmoeté t'îaîmoeté,A'eboé ebokûé 'ara asé oîmoetékatune
"Está muito a propósito, está sem mais nem menos (como se queria)",A'eboé tuî,Aîkó tuî,A'eboé tuî
Muito a propósito comporteime como filho de Deus,A'eboé Tupã ra'yramo anhemoingó re'a,"Anheté, Tupã ra'yramo aîkó",A'eboé Tupã ra'yramo anhemoingó re'a
"Muito a propósito comporteime como filho de Deus, fazendome batizar","A'eboé Tupã ra'yramo anhemoingó re'a, gûinhemoîasukuká","Iîá muru Tupã ra'yramo xe rekorama, xe mongaraípa","A'eboé Tupã ra'yramo anhemoingó re'a, gûinhemoîasukuká"
É certo que o comungante comungue algumas vezes (ou) sempre?,"A'eboépe Tupã rasara Tupã rari amõme, îepi?",A'eboépe i me'engymbyra a'epe amõme nhẽ i me'engi?,"A'eboépe Tupã rasara Tupã rari amõme, îepi?"
"Logo então, em um momento, levao para sempre para o fogo",A'eîbé korite'ĩaíbeté serasóû aûîeramanhẽ tatápe,"A'e ré, korite'ĩaíbeté, aîmoîar aûîeramanhẽ tatápe",A'eîbé korite'ĩaíbeté serasóû aûîeramanhẽ tatápe
"Logo então, muito rapidamente, levouo para sempre para o fogo",A'eîbé korite'ĩaíbeté serasóû aûîeramanhẽ tatápe,A'eîbé korite'ĩaíbeté serasóû tatápe,A'eîbé korite'ĩaíbeté serasóû aûîeramanhẽ tatápe
Bem nesse momento perdoou a Pilatos,A'eîbé Pilatos supé oîerekûabamo,A'eîbé Pilatos supé oîerekûabamo,A'eîbé Pilatos supé oîerekûabamo
Bem nesse momento perdoou a Pilatos,A'eîbé Pilatos supé oîerekûabamo,A'eîbé Pilatos supé oîerekûabamo,A'eîbé Pilatos supé oîerekûabamo
"Logo, então, a cruz ergueram, fincandoa?",A'eîbépe ybŷá cruz mo'ami i atykábo?,A'eîbépe ybŷá cruz mo'ami i atykábo?,A'eîbépe ybŷá cruz mo'ami i atykábo?
"Logo então a cruz ergueram, fincandoa?",A'eîbépe ybŷá cruz mo'ami i atykábo?,A'eîbépe ybŷá cruz supiri i mo'ami?,A'eîbépe ybŷá cruz mo'ami i atykábo?
Sei fazer isso,A'ekatu eboûinga resé,Aîkugûabarõan,A'ekatu eboûinga resé
Tenho jeito para a coisa,A'ekatu mba'e resé,Xe mba'e,A'ekatu mba'e resé
Posso vêlo,A'ekatu sepîaka,A'é sepîaka,A'ekatu sepîaka
Sei fazêlo,A'ekatu sesé,Aîkugûabarõan,A'ekatu sesé
afiado,aembé,ipó,aembé
torrar,a'embé (s),(intr): puk; (tr): mobok,a'embé (s)
afiar,aembe'e,ereb (s),aembe'e
"fio embotado (de faca, de machado, etc)",aembékoroîa,nha'epupuk,aembékoroîa
fio embotado,aembékorõîa,Aîpepó'ok,aembékorõîa
Ele conosco caminharia,A'emo îandé resé i atarimo,A'emo îandé resé i atarimo,A'emo îandé resé i atarimo
Eles mandariam enforcálos?,A'emo oîubykuká?,Osẽpe ybŷá serekóû?,A'emo oîubykuká?
Eu estaria bem arrumado se o levasse,A'emopeé ixé serasóa'ubi é,Aûîebeté pakó xe serasóbo,A'emopeé ixé serasóa'ubi é
Por que haveria eu de o levar?,A'emop'ixé serasóa'ubi é?,Marãmope xe serasóû?,A'emop'ixé serasóa'ubi é?
aí,a'epe,a'epe,a'epe
"E ao partir muitas vezes o padre a hóstia em pedaços, em cada pedaço Nosso Senhor Jesus Cristo está?",A'epe abaré hóstia pese'õetáetáreme i pese'õmbûera îabi'õ Îandé Îara Îesu Cristo rekóû?,A'epe abaré hóstia oîmoîa'ok o îabi'õme i îabi'õ Îandé Îara Îesu Cristo rekóû?,A'epe abaré hóstia pese'õetáetáreme i pese'õmbûera îabi'õ Îandé Îara Îesu Cristo rekóû?
"E ao partir muitas vezes o padre a hóstia em pedaços, em cada pedaço dela Nosso Senhor Jesus Cristo está?",A'epe abaré hóstia pese'õetáetáreme i pese'õmbûera îabi'õ Îandé Îara Îesu Cristo rekóû?,A'epe abaré okûá okûapa memẽ i xupé i pese'õmbûera îabi'õ Îandé Îara Îesu Cristo rekóû?,A'epe abaré hóstia pese'õetáetáreme i pese'õmbûera îabi'õ Îandé Îara Îesu Cristo rekóû?
"E aquelas mulheres não resistem, combatendoos?",A'epe a'e kunhã n'onherani i momarana?,"A'epe a'e kunhã n'onherani, i momarana?",A'epe a'e kunhã n'onherani i momarana?
Ali ias por ocasião dos feriados,A'epe 'aretéreme eresó,A'epe erimba'e nde só îepi,A'epe 'aretéreme eresó
"E os cadáveres da gente, que sucede a eles?","A'epe asé re'õmbûera, marã?","A'epe asé rapixara re'õmbûera, marã?","A'epe asé re'õmbûera, marã?"
"Ali também estão os meninos, as meninas, as moças que guardaram seus corpos em Deus","A'epe bé kunumĩ, kunhataĩ, kunhãmuku Tupã resé ogûeté onongatuba'epûera rekóû","A'epe bé kunumĩ, kunhataĩ, kunhãmuku Tupã supé o etéramo oîmoín","A'epe bé kunumĩ, kunhataĩ, kunhãmuku Tupã resé ogûeté onongatuba'epûera rekóû"
Ali também estando os que guardaram sua alma em sua virtude,A'epe bé ogûekokatu pupé o 'anga nongatusarûera oína,A'epe bé ogûekókaraíba rerekóbo o ekobé rerekóbo,A'epe bé ogûekokatu pupé o 'anga nongatusarûera oína
"Aí também, certamente, o homem sofre",A'epe bé rakó abá nhupatĩû,Kó bé rakó abá nhupatĩû,A'epe bé rakó abá nhupatĩû
"E os cristãos transgressores da palavra de Deus, que lhes sucede?","A'epe cristãos Tupã nhe'enga abŷara, marã?","Cristãos Tupã nhe'enga aby'are'yma, marãpe sekóû?","A'epe cristãos Tupã nhe'enga abŷara, marã?"
E com essa tua mentira tornaste alguém famoso?,A'epe ebokûé nde îuraragûaîa pupé eremoerapûã abá amõ?,A'epe ebokûé nde îuraragûaîa pupé abá moîerapûanymbyra?,A'epe ebokûé nde îuraragûaîa pupé eremoerapûã abá amõ?
E preocupaivos hoje em dia com as futuras penas de vosso agir assim?,A'epe emonã pe rekopûera repyrama resé koyry bé penhemosako'i,A'epe penhemosako'i ko'arapukuî pe rekopûera repyrama resé emonã pe rekopûera repyramo?,A'epe emonã pe rekopûera repyrama resé koyry bé penhemosako'i
E confessaste que tu as roubaste?,A'epe ereîmombe'u a'e resé nde mondá?,A'epe erépe nde mondá?,A'epe ereîmombe'u a'e resé nde mondá?
Para o inferno,A'epe i 'anga mamõ i xóû? Anhanga ratápe  E sua alma para onde foi?,Anhanga ratápe,A'epe i 'anga mamõ i xóû? Anhanga ratápe E sua alma para onde foi?
Ali assandoos e comendoos,"A'epe i moîypa, i gûabo","A'epe i moîypa, i gûabo","A'epe i moîypa, i gûabo"
E no caso de não acabar sua dívida neste mundo?,A'epe ikó 'ara pupé sepy syke'ỹme?,A'epe ikó 'ara pupé o porabykypyre'yma?,A'epe ikó 'ara pupé sepy syke'ỹme?
E Judas não se afligiu junto aos judeus por entregar a seu senhor?,A'epe Îudas n'oîkotebẽî Îudeus supé o îara me'engagûera resé?,Nd'oîkotebẽîpe Îudas Îudeus supé o îara me'engagûera resé?,A'epe Îudas n'oîkotebẽî Îudeus supé o îara me'engagûera resé?
E Judas não se afligiu junto aos judeus pela traição a seu senhor?,A'epe Îudas n'oîkotebẽî Îudeus supé o îara me'engagûera resé?,Nd'oîmoasyîpe Îudas Îudeus supé o îara me'engagûera resé?,A'epe Îudas n'oîkotebẽî Îudeus supé o îara me'engagûera resé?
Ali atacando as moças,A'epe kunhãmuku repenhana,A'epe kunhataĩ repenhana,A'epe kunhãmuku repenhana
"Ali atacando as moças, por desejálas","A'epe kunhãmuku repenhana, i potasápe","A'epe kunhataĩ i aso'i, i potasápe","A'epe kunhãmuku repenhana, i potasápe"
"E os rapazes que perseguem mulheres, querendo escravas bem nas casas de cristãos?","A'epe kunumĩgûasu kunhã oîmomosemba'e, miaûsuba potá nhẽ karaibokypekatu?","A'epe kunumĩgûasu kunhã oîmondá, miaûsuba potá nhẽ karaibokypekatu?","A'epe kunumĩgûasu kunhã oîmomosemba'e, miaûsuba potá nhẽ karaibokypekatu?"
"E os rapazes que perseguem mulheres, querendo escravas?","A'epe kunumĩgûasu kunhã oîmomosemba'e, miaûsuba potá nhẽ?","A'epe kunumĩgûasu kunhã oîmomosemba'e, miaûsuba repîaka?","A'epe kunumĩgûasu kunhã oîmomosemba'e, miaûsuba potá nhẽ?"
"E os rapazes que perseguem mulheres, fugindo sempre?","A'epe kunumĩgûasu kunhã oîmomosemba'e, onhegûasema memẽ?","A'epe kunumĩgûasu kunhã oîmomosemba'e, aûîeramanhẽ kanhemi?","A'epe kunumĩgûasu kunhã oîmomosemba'e, onhegûasema memẽ?"
E os rapazes que perseguem mulheres?,A'epe kunumĩgûasu kunhã oîmomosemba'e?,A'epe kunumĩgûasu kunhã ri i mondaba'e?,A'epe kunumĩgûasu kunhã oîmomosemba'e?
E os rapazes que perseguem mulheres?,A'epe kunumĩgûasu kunhã oîmomosemba'e?,A'epe kunumĩgûasu kunhã ri i mondaba'e?,A'epe kunumĩgûasu kunhã oîmomosemba'e?
E como alguém procederá encontrando o que esqueceu?,A'epe marã abá rekóû a'e o esaraîagûera supé ogûasemane?,A'epe marã abá rekóû i kanhembyra supé ogûasemane?,A'epe marã abá rekóû a'e o esaraîagûera supé ogûasemane?
E como alguém procederá encontrando aquilo que esqueceu?,A'epe marã abá rekóû a'e o esaraîagûera supé ogûasemane?,A'epe marã abá rekóû i potanhemima supé ogûasemane?,A'epe marã abá rekóû a'e o esaraîagûera supé ogûasemane?
E de que maneira é homem verdadeiro como nós?,A'epe marã apŷabetéramo sekóû îandé îabé?,A'epe marã apŷabetéramo sekóû îandé îabé?,A'epe marã apŷabetéramo sekóû îandé îabé?
E como a gente procede para amar seu próximo como ama a si mesmo?,A'epe marã asé rekóû o îeaûsuba îabékatu o apixara raûsupa?,A'epe marã asé rekóû o îeaûsuba îabékatu o apixara raûsupa?,A'epe marã asé rekóû o îeaûsuba îabékatu o apixara raûsupa?
E o escravo não obedecerá às palavras de seu senhor?,A'epe miaûsuba n'osapîari xûé o îara nhe'engane?,A'epe miaûsuba n'osapîari xupé o îara nhe'engane?,A'epe miaûsuba n'osapîari xûé o îara nhe'engane?
Ias ali para ouvir a missa,"A'epe missa rendupa, eresó","A'epe missa rendupa, eresó","A'epe missa rendupa, eresó"
E a aproximação das dores de parto de uma grávida não é causa de se ter medo também?,"A'epe muruapora membyrasy kakara, na nheangûaba bé ruã?","A'epe muru'apora membyrasy kakara, na asé ruî bé ruã?","A'epe muruapora membyrasy kakara, na nheangûaba bé ruã?"
E a aproximação do parto de uma grávida não é causa de se ter medo também?,"A'epe muru'apora membyrasy kakara, na nheangûaba bé ruã?",A'epe muru'apora nd'oîkotebẽî bé asé suí?,"A'epe muru'apora membyrasy kakara, na nheangûaba bé ruã?"
"E as grávidas ao quererem beber água, que acontece?",A'epe muru'apora 'y 'useîtápe marã?,A'epe kunhã muru'apora 'y 'useîtápe marã?,A'epe muru'apora 'y 'useîtápe marã?
E vosso rei não tem riquezas?,A'epe n'oerekóî pe rubixaba ma'e?,A'epe n'oîkóî pe rubixaba mba'e?,A'epe n'oerekóî pe rubixaba ma'e?
"E o que tem excitação por sua amante, que acontece?","A'epe o agûasá resé segûyrõba'e, marã?","A'epe marã oîkóbo i agûasá resé, marã?","A'epe o agûasá resé segûyrõba'e, marã?"
"E não confessando ser parente, de fato, de seu marido ou de sua esposa, que acontece?","A'epe o mena koîpó o emirekó mũetéramo sekó mombe'ue'yma, marã?","A'epe o mena koîpó semirekó mũetéramo sekó mombe'ue'yma, marã?","A'epe o mena koîpó o emirekó mũetéramo sekó mombe'ue'yma, marã?"
"E não confessando ser parente verdadeira de seu marido, que acontece?","A'epe o mena mũetéramo sekó mombe'ue'yma, marã?","A'epe o mena mũetéramo sekó kuapabe'yma, marã?","A'epe o mena mũetéramo sekó mombe'ue'yma, marã?"
"E o que, torpemente, tem relações sexuais com sua parenta verdadeira?",A'epe o mũeté resé oîkopoxyba'e?,A'epe o mũeté resé oîkopoxyba'e?,A'epe o mũeté resé oîkopoxyba'e?
antes de irem para lá,a'epe o só îanondé,a'epe o só îanondé,a'epe o só îanondé
E todas as coisas futuramente queimarão?,A'epe opá irã mba'e kaîne?,A'epe opá irã mba'e kaîne?,A'epe opá irã mba'e kaîne?
Aí são muitas as mulheres que se estão oferecendo para Deus,A'epe se'yî kunhã Tupã supé onheme'engyba'e oîkóbo,Se'yî kunhã Tupã supé i me'engiba'e,A'epe se'yî kunhã Tupã supé onheme'engyba'e oîkóbo
"E se dividirem seu sangue em pequenas partes, em cada uma delas está?",A'epe sugûy moîa'omirĩmirĩneme i îabi'õpe i kûáî?,A'epe sugûy moîepé'ĩmirĩ pupé i mo'ẽpa?,A'epe sugûy moîa'omirĩmirĩneme i îabi'õpe i kûáî?
"E o que evoca a Deus pelo que não é verdade, que acontece?","A'epe supindûare'yma resé Tupã renõîndara, marã?",A'epe Tupã n'oîpó îandé îabé marã?,"A'epe supindûare'yma resé Tupã renõîndara, marã?"
Como se eu fosse lá,A'epe xe só îaramẽ,Ixé îabé gûitupa,A'epe xe só îaramẽ
Ali é o lugar aonde eu vou,A'epe xe soagûama,A'epe xe soagûama,A'epe xe soagûama
E este?,A'ep'ikó?,ebokûeîpe ûĩ?,A'ep'ikó?
"Para acalmar aquele, como nós ele se fez homem verdadeiro",A'epûera nongatûabo é îandé îabé apŷabetéramo i nhemonhangi erimba'e,"Îandé monhyrõmo nhẽ, îandé îabé, i apŷabetéramo sekóû",A'epûera nongatûabo é îandé îabé apŷabetéramo i nhemonhangi erimba'e
"Igualmente, após dálo à luz, estando virgem","A'erame'ĩ i mbo'ar'iré, omarane'ymamo","A'e tiruã, o membyrar'iré, n'i membyrari béî","A'erame'ĩ i mbo'ar'iré, omarane'ymamo"
Então matarei alguns,A'ereme amõ aîukáne,A'ereme omanõmo,A'ereme amõ aîukáne
"Então, alguns matarei, no meu laço fazendoos cair","A'ereme amõ aîukáne, xe îusanyme i mbo'a","A'ereme amõ aîeruré, xe pó suí i moîapuûama","A'ereme amõ aîukáne, xe îusanyme i mbo'a"
logo então,a'ereme bé,a'e,a'ereme bé
Então também as almas de todos os que morreram virão quando forem chamadas,A'ereme bé opá omanõba'epûera 'angûera ruri o enõîndápe,A'ereme opá omanõba'epûera 'angûera ruri o enõîndápe,A'ereme bé opá omanõba'epûera 'angûera ruri o enõîndápe
Então as estrelas cairão pouco a pouco,A'ereme îasytatá o apakuîamo,A'ereme îasytatá o'ar umanĩ,A'ereme îasytatá o apakuîamo
Então as estrelas cairão completamente,A'ereme îasytatá o apakuîamo,A'ereme îasytatá o'ar umûã,A'ereme îasytatá o apakuîamo
"Então os anjos virão, chamando os mortos, tocando trombetas","A'ereme karaibebé ruri, te'õmbûera renõîa, mimbygûasu pŷabo","A'ereme Tupã karaibebé ruri, te'õmbûera renõîa, mimbygûasu pŷabo","A'ereme karaibebé ruri, te'õmbûera renõîa, mimbygûasu pŷabo"
Então já estava São João Batista no ventre de sua mãe,A'ereme oín uman São João Batista o sy rygépe,A'ereme oín uman São João Batista o sy rygépe,A'ereme oín uman São João Batista o sy rygépe
Mas são eles os que mandam fazer cauim,A'ete kaûĩ pûaîtara,A'e kaûĩ monhanga monhanga,A'ete kaûĩ pûaîtara
Mas são eles os que mandam fazer cauim,A'ete kaûĩ pûaîtara,A'e kaûĩ monhanga monhanga,A'ete kaûĩ pûaîtara
eternamente,afileramanhé,afileramanhé,afileramanhé
logo,"afrnhenhe; korite'í; koromõ; sapy'a; tafiié # logo após, logo depois de: abé; logo então: a'ebé; logo mais: koromõ",a'e,"afrnhenhe; korite'í; koromõ; sapy'a; tafiié # logo após, logo depois de: abé; logo então: a'ebé; logo mais: koromõ"
concubino (a),ag1lasá,aka,ag1lasá
adultério,agiiasá,kunusãia,agiiasá
concubinato,agíiasá,mendara,agíiasá
eixo,agiieá2,ybyrapu'a,agiieá2
Fazendoa estar como presa de Aguaixaí,Agûaîxay rembiaramo i moingóbo,Agûayajara rakypûera pupé i mondepa,Agûaîxay rembiaramo i moingóbo
Estoume sentando,Agûapyk gûitena,Anhagûãnhagûãî,Agûapyk gûitena
"filho bastardo, filho do amante",agûasá membyra,membyre'yma,agûasá membyra
"Vivo na mancebia, vivo amancebado",Agûasá pupé aîkó,Ka'abo aîkó,Agûasá pupé aîkó
Cheguei (por terra),Agûasem,Aîur,Agûasem
Caminhei o dia todo,Agûatá ko'arapukuî,Agûatá ko'arapukuî,Agûatá ko'arapukuî
Caminhei o dia todo por causa da tua fama,Agûatá ko'arapukuî nde rerapûana resé,Agûatá ko'arapukuî nde rekokatu resé,Agûatá ko'arapukuî nde rerapûana resé
Fico andando à toa,Agûatágûatá tenhẽ,Anhagûãnhagûãî,Agûatágûatá tenhẽ
Fico andando à toa,Agûatágûatátenhẽ,Anhagûãnhagûãî,Agûatágûatá tenhẽ
Vomitei,Agûe'en,Aîmombe'u,Agûe'en
"cabeleira, peruca",agûera,aopesyioka,agûera
Caí,Agûyapy,Aî'abo'obo'o,Agûyapy
"Mataram, na verdade, a outra pessoa que não aquele assassino",Ahẽ morapitîarûera taté nhẽ anhẽ ybŷá oîuká,Ahẽ morapitîarûera taté nhẽ anhẽ ybŷá oîuká,Ahẽ morapitîarûera taté nhẽ anhẽ ybŷá oîuká
Mataram erradamente a fulano em lugar do assassino,Ahẽ morapitîarûera tatenhẽ anhẽ ybŷá oîuká,"Aîukáukar i xupé, a'e marãtekoara",Ahẽ morapitîarûera tatenhẽ anhẽ ybŷá oîuká
"Ruim por ruim, ele é, de fato, um pouco melhor (isto é, ele é menos ruim que os outros)",Ahẽ nakó i angaturãbe'ĩ,"I angekoaíbeté é, rakó i angaturãbe'ĩ",Ahẽ nakó i angaturãbe'ĩ
"Eis que somente ele tem coisas boas, em vez de mim!","Ahẽ nhõ ikó i mba'ekatu, xe suí mã!",I nhõ xe mba'ekatueté i xuí,"Ahẽ nhõ ikó i mba'ekatu, xe suí mã!"
com ele,ahẽ pabẽ,ahẽ pabẽ,ahẽ pabẽ
"a unhada de fulano, a marca das unhas de fulano",ahẽ pûapẽmbora,akaîgûyra,ahẽ pûapẽmbora
"Deveria ser ele, primeiro",Ahẽ ranhẽ temonemo,Ahẽ ranhẽ t'oîkó,Ahẽ ranhẽ temonemo
Se não fosse a vinda do fulano,Ahẽ ruraba a'eîponomã,Akó abá îabynomã,Ahẽ ruraba a'eîponomã
"Oh, guardate de acreditar neles!","Ahẽ, teumẽ serobîá!",Eîmo'ang umẽ nde rerobîara!,"Ahẽ, teumẽ serobîá!"
ácido,ai ,korõi,ai 
azedo,ai ,potaba (m),ai 
"Minha mãe, vem!","A'i, eîori!","A'i, eîori!","A'i, eîori!"
árduo,ai1,angaingaíba,ai1
Fiz todos os jejuns,Aîá pá îekuakuba,Asenõî mbá xe îá,Aîá pá îekuakuba
Pratiquei todos os jejuns,Aîá pá îekuakuba,Aîopy ko'arapukui,Aîá pá îekuakuba
Guardei todos os jejuns,Aîá pá îekuakuba,Aîmomaran pabẽ,Aîá pá îekuakuba
papo,aia; iurubyra; tendybagiiyra para,papo,aia; iurubyra; tendybagiiyra para
Fujo,Aîabab,Aîeîurupirar,Aîabab
Sou fujão (sou inclinado a fugir),Aîababixûer,Ixé kanhemixûer,Aîababixûer
Cateilhe a cabeça,Aî'abiú,Aî'apirungá,Aî'abiú
Eu lhe pélo a cabeça,Aî'abo'o,Aî'apirungá,Aî'abo'o
Escabeleio,Aî'abo'obo'o,Aîpyeî,Aî'abo'obo'o
"Ah, transgredi muitíssimo as palavras de meu criador!",Aîabyeteté xe monhangara nhe'enga mã!,Aîabyeteté xe monhangara nhe'enga mã!,Aîabyeteté xe monhangara nhe'enga mã!
"Fiqueias errando (isto é, as flechas atiradas)",Aîabyîaby,Aîabyîaby,Aîabyîaby
Manuseioo,Aîabyky,Aîabyky,Aîabyky
Penteioo,Aîabyky,Aîeabyky,Aîabyky
Transgredirei eu a lei de Deus procedendo assim?,Aîabyp'ixé Tupã rekó inã ûitekóbone?,"Aîpó gûitekóbo, Tupã rekó abŷabo nhẽ?",Aîabyp'ixé Tupã rekó inã ûitekóbone?
Soveia,Aîaîuká,ti,Aîaîuká
Laceio pelo pescoço,Aîaîurar,Aî'apirung,Aîaîurar
Gritei com ele,Aîakab,Aîakab,Aîakab
Fiqueio tocando,Aîakãîakãî,Asysyrung,Aîakãîakãî
"Amarreilhe a cabeça (isto é, fizlhe tranças no cabelo, com fita)",Aîakãmbûar,Aî'apirungá,Aîakãmbûar
Corteilhe a cabeça,Aîakãmondok,Aîakãmbûar,Aîakãmondok
Puslhe touca,Aîakangaórung,Aîmokang,Aîakangaórung
Fiqueilhe puxando a cabeça (pelos cabelos),Aîakangekyekyî,Epu'ã i akanga moîegûaka,Aîakangekyekyî
Roío,Aîakarãî,Aîepogûasu,Aîakarãî
Apoio sua cabeça,Aî'akok,Aî'akok,Aî'akok
Agueia,Aîamõ,Aîypab,Aîamõ
Corteilhe o prepúcio,Aî'amopikytĩ,Aî'amopikytĩ,Aî'amopikytĩ
Apavoreio,Aîangerasó,Arekorekó,Aîangerasó
Cubroo,Aîaob,Ixé t'asenõî,Aîaso'i
Vesti a roupa nele,Aîaómondeb,Aîo'ok xe aoba sesé,Aîaómondeb
Mexias,Aîapamonan,México pî,Aîapamonan
Dobreio,Aîapapûar,Aîapengok,Aîapapûar
Entorteia,Aîapar,Aîapapûar,Aîapar
Derrubeio,Aîaparaîtyk,Aîapapûar,Aîaparaîtyk
Endireiteio,Aîaparok,Aîapengok,Aîaparok
Deilhe porradas na cabeça,Aîaparupã,Aîkytyk i nambi,Aîaparupã
"Soqueio, compactando",Aîapasok,Aîeapyká,Aîapasok
Apisoeio,Aîapatuká,Aîapapûar,Aîapatuká
Forreio,Aîapeaob,Aîapŷuban,Aîapeaob
"Chamusquei o casco dela (isto é, da embarcação, para calafetála)",Aîapéereb,Asybykoî ahẽ suí ybytinga,Aîapéereb
Breei o casco dele,Aîapékytyk,Aîpirok,Aîapékytyk
Endireiteio,Aîapengok,Aîapengok,Aîaparok
Descasqueio,Aîape'ok,Aîapengok,Aîape'ok
Dou topadas no esteio,Aîapi okytá,Aybyrápan,Aîapi okytá
Fiqueio apedrejando,Aîapiapi,Aîeréîereb,Aîapiapi
Rapolhe a cabeça,Aî'apin,Aî'asu'u,Aî'apin
Eu lhe pelo o couro cabeludo,Aî'apirabo'o,Aî'apytybõ ndebe xe akanga,Aî'apirabo'o
Eu lhe pélo o couro cabeludo,Aî'apirabo'o,Aî'atypetek,Aî'apirabo'o
Machucolhe a cabeça,Aî'apirungá,I akanga ri i mo'mirĩamo,Aî'apirungá
"Filo aos trancos, filo confusamente",Aîapixosok,I abaetékatueté aîpó moropotara,Aîapixosok
Afagolhe a cabeça,Aî'apixyb,Aî'apirung,Aî'apixyb
Faço mingau,Aîapó minga'u,Asykûera aîmonhang,Aîapó minga'u
Façoo muito apressadamente,Aîapóanhẽanhẽ,Aîapóanhẽanhẽ,Aîapóanhẽanhẽ
"Apanheias (pex, frutas num pano)",Aîapûapyk,Aîeapyk,Aîapûapyk
Encurteio,Aîapûapyk,Aîapugûar,Aîapûapyk
Embrulheio,Aîapugûar,Aîangerasó,Aîapugûar
Doulhe pancadas na cabeça,Aî'apurupã,Muru ri opurũpurung,Aî'apurupã
Amortalheios,Aîapyear,Aîapytĩatã,Aîapyear
Salteio,Aîapyrasab,Aîapŷuban,Aporero'ar
Aparei as pontas deles,Aîapyretab,Aî'apirabo'o,Aîapyretab
Reateio,Aîapytĩatã,Aîapyrõ,Aîapytĩatã
Forreio,Aîapŷuban,Aîapŷuban,Aîapeaob
Aceitei dinheiro de Pedro,Aîar itaîuba Pedro suí,Aîme'eng itaîuba Pedro supé,Aîar itaîuba Pedro suí
Tomeio às costas,Aîar xe aseî,Aîepokápoká,Aîar xe aseî
Estou dependurado,Aîasekó,Aîepubuîereb,Aîasekó
"Corteilhe a garganta, degoleio",Aîaseókytĩ,Aî'apirabo'o,Aîaseókytĩ
Corteilhe a garganta,Aîaseómondok,Aîpimomemûã,Aîaseómondok
Fiquei em pranto,Aîase'orekó,Aîase'o,Aîase'orekó
Cubroo,Aîaso'i,Ixé t'asenõî,Aîaso'i
Eu lhe mordo a cabeça,Aî'asu'u,Aî'abo'o,Aî'asu'u
Mordolhe a cabeça,Aî'asu'u,Aî'abo'obo'o,Aî'asu'u
Cortei um pedaço dela,Aîasy'ab,Aîasy'ab,Aîasy'ab
Fiz fogo,Aîatapy,Anheatĩatã,Aîatapy
Fiz fogueira,Aîatapygûasu,Aîmonhang tatá,Aîatapygûasu
Esbofeteei a nuca dele,Aîatuápetek,Aî'atypetek,Aîatuápetek
Enterroo,Aîatyb,Amendy,Aîatyb
Pus entradas nele,Aî'atybakãmoín,Aîmoîub itaîukûara i pupé,Aî'atybakãmoín
Pus espertadura nela,Aî'atype'apámoín,Aîputu'umbok,Aî'atype'apámoín
Esbofeteei suas têmporas,Aîatypetek,Aîpimomemûã,Aîatypetek
Esbofeteei suas têmporas,Aî'atypetek,Aîpimomemûã,Aîatypetek
desprezível,aíb (v aíba),iekosub,aíb (v aíba)
envelhecido,aíb (v aíba); tuiba'e,umüan,aíb (v aíba); tuiba'e
mal2 (adv),aíb/a; memüã,aíb/a; memtiã; poxy,aíb/a; memüã
mau,aíb/a; memuã; poxy; angaipab/a me (pron pess obj),iekosub,aíb/a; memuã; poxy; angaipab/a me (pron pess obj)
Penteiome,Aîeabyky,Aîpitupuku,Aîeabyky
Tirei o luto,Aîeaibok,Aîase'o ko'ẽ kó xe rapirõmo,Aîeaibok
Mudome (para longe),Aîeakasó,Aka'anupã,Aîeakasó
Amarreime o cabelo,Aîe'amaman,Aîe'amaman,Aîe'amaman
Encolhome,Aîeapûapyk,Aîmoatã,Aîeapûapyk
"Reproduzime, procriei",Aîeapyká,Aîeapyká,Aîeapyká
"Finqueime, fiz pé firme",Aîeatyká,Aîepysyrõsyrõ,Aîeatyká
Estoume apoiando sobre o braço (estando deitado),Aîeatykok gûitupa,Aîubĩrasó,Aîeatykok gûitupa
Pusme espertadura,Aîe'atype'a,Aîe'atype'a,Aîe'atype'a
"Apoiome sobre o braço, estando deitado",Aîeatyrung gûitupa,Aîeatyrung gûitupa,Aîeatyrung gûitupa
"Indo, voltei atrás","Aîeby benhẽ, gûixóbo",Aîeby benhẽ,"Aîeby benhẽ, gûixóbo"
Passeei,Aîebyîebyr,Akûabĩ tenondé,Aîebyîebyr
Vingome deles,Aîeepyk anhẽ sesé,Aîmomburu,Aîeepyk anhẽ sesé
Eu me limpo das fezes,Aîeîkûaru'umbok,Aî'abo'obo'o,Aîeîkûaru'umbok
Façome matar,Aîeîukáukar,Aîukáuká,Aîeîukáukar
Bocejei,Aîeîurupirar,Aîepysó gûitupa,Aîeîurupirar
"Abrime a boca, bocejei",Aîeîurupirar,Aîeîurupirar,Aîeîurupirar
Quebreime,Aîeká,kanhemja,Aîeká
Encostome nele,Aîekok sesé,Eîembo'e,Aîekok sesé
Porei armadilhas para eles,Aîekotyrung seséne,Aîpytasãmondok,Aîekotyrung seséne
Cingime,Aîeku'apûar,andub,Aîeku'apûar
Fiz minas,Aîekûarybykoî,Aîekûarybykoî,Aîekûarybykoî
Escondome bem,Aîemĩngatu,Aîemĩngatu,Aîemĩngatu
Escondome bem estando deitado aqui,Aîemĩngatu kó gûitupa,Aîemĩngatu kó gûitekóbo,Aîemĩngatu kó gûitupa
"Escondome bem, estando deitado aqui",Aîemĩngatu kó gûitupa,"Aîemĩngatu, i moatãmo",Aîemĩngatu kó gûitupa
Hei de me esconder bem,Aîemĩngatupe ká,Aîemim,Aîemĩngatupe ká
Hei de me esconder bem,Aîemĩngatupe ká,Aîemim,Aîemĩngatupe ká
Sou feito,Aîemonhang,Aîkó,Aîemonhang
Parto,Aîepabok,membyrara; membyrasaba (v mem byrar),Aîepabok
Arranco lenha,Aîepe'abar,Aybyrákytĩ,Aîepe'abar
"Escudome, defendome",Aîepîar,Aîeapyká,Aîepîar
Arrepieime,Aîepoká,Ema'enãngatu ixébe,Aîepoká
Ficome espreguiçando,Aîepokápoká,Aîepubuîereb,Aîepokápoká
Torcime a mão,Aîepómongaraû,Aîepómongaraû,Aîepómongaraû
Façome estalar as mãos,Aîepómopiririk,Aîpytybõmo,Aîepómopiririk
"Façome estalar as mãos (isto é, dou castanhetas)",Aîepómopuruk,Aîpyeî,Aîepómopuruk
Pesco com rede,Aîeporakar,pirá rekoaba,Aîeporakar
Tive a segunda menstruação,Aîeporero'ypok,Amondarõ,Aîeporero'ypok
Continuei,Aîepotabẽ,Aîeîurupirar,Aîepotabẽ
Cheguei (por mar),Aîepotar,Aîur,Aîepotar
Coloqueime colar,Aîepo'yrung,Aîpim xe rûaîa,Aîepo'yrung
Naufraguei,Aîepubuîereb,Aîar xe ygara,Aîepubuîereb
Descalceime,Aîepyaobok,Aîepyapasámondeb,Aîepyaobok
Calceime os sapatos,Aîepyapasámondeb,Aîepyapasámondeb,Aîepyapasámondeb
"Vingome, de fato, deles, após tornarse bom seu povo","Aîepyk anhẽ sesé, i anama katu riré","Aûîeté pakó i xupé, xe retama raûsub'iré","Aîepyk anhẽ sesé, i anama katu riré"
"Vingarmeei dele no futuro, certamente",Aîepyk ipó irã seséne,Aîuká ranhẽne,Aîepyk ipó irã seséne
Desconjunteime o pé,Aîepymongaraû,Aîepómopiririk,Aîepymongaraû
Deitome,Aîepysó,Epytá!,Aîepysó
Eu estou estirado,Aîepysó gûitupa,Aîmombe'u,Aîepysó gûitupa
Desculpeime,Aîepysyrõsyrõ,Abebuî,Aîepysyrõsyrõ
desimpedido,aiereb (v aiereba),nharõ,aiereb (v aiereba)
Fico a espojarme,Aîeréîereb,Aîepysó gûitupa,Aîeréîereb
Piorei muito de meu grande mal,Aîerekoaibeté xe angaîpákatu suí,Aîpó xe angaîpákatueté,Aîerekoaibeté xe angaîpákatu suí
Piorei muito de meu grande pecado,Aîerekoaíbeté xe angaîpákatu suí,I îaeté xe angaîpaba,Aîerekoaíbeté xe angaîpákatu suí
Estou derrubado,Aîero'ar,Aîeréîereb,Aîero'ar
Ensoberbecime acerca de mim mesmo,Aîerobîá xe îoesé,Aîerobîá xe îoesé,Aîerobîá xe îoesé
Confio muito em mim mesmo,Aîerobîákatu xe îoesé,Aîerobîákatu xe îoesé,Aîerobîákatu xe îoesé
Estou sendo um tanto arrogante,Aîerobîápyryb gûitekóbo,Aîemomara'ar,Aîerobîápyryb gûitekóbo
Vangloriome,Aîerobîatenhẽ,Vangloriõ,Aîerobîatenhẽ
"Mudarei de nome hoje, por causa deles",Aîerok kori seséne,Kori bé aîerokukar i xupé,Aîerok kori seséne
Peço a Pedro por roupa,Aîeruré aoba resé Pedro supé,Aîeruré aoba resé Pedro supé,Aîeruré aoba resé Pedro supé
Peço a Deus por minha virtude,Aîeruré Tupã supé xe angaturãgûama resé,Aîeruré Tupã supé xe rekopoxy purûabo,Aîeruré Tupã supé xe angaturãgûama resé
Benzime a testa,Aîesybasab,Aîapore'ym,Aîesybasab
Estirome,Aîetu'u,Aîepubuî,Aîetu'u
Grudei penagens nele,Aîgûaîaýmoîar,Asysymondok,Aîgûaîaýmoîar
concluído,aíiié,aíiié,aíiié
viva! (= muito bem!),"aíiié!, aftiebé!, aíiiebeté!, aíiié","Erĩ, aûîé!","aíiié!, aftiebé!, aíiiebeté!, aíiié"
Calei a boca dele,Aîîurupyk,Aîgûaîaýmoîar,Aîîurupyk
Ordenheia,Aîkambyamĩ,ka'a,Aîkambyamĩ
Carpias,Aîkapir,Karpĩ,Aîkapir
Selecioneio,Aîkatu'ok,Aîkatu'ok,Aîkatu'ok
Faço papa dela,Aîka'u,Aîmombe'u a'ereme i xy,Aîka'u
Entrei para estar fundeado,Aîké gûitupa,Aîeapirõsó,Aîké gûitupa
Entrei nos caminhos das fontes,Aîké nhãîmbiara pupé,Aîké 'ype,Aîké nhãîmbiara pupé
Entrei nos caminhos de fontes,Aîké nhãîmbiara pupé,Aîké 'ype nhã,Aîké nhãîmbiara pupé
Entro na igreja só de vez em quando,Aîképa'ũpa'ũ nhote Tupãokype,Aîképa'ũpa'ũ nhote Tupãokype,Aîképa'ũpa'ũ nhote Tupãokype
"Eisme aqui, eis que aqui estou",Aîkó,Aín,Aîkó
Caso com uma mulher,Aîkó kunhã rupi,Kunhã resé mendara,Aîkó kunhã rupi
Estou em guerra,Aîkó marana ri,Aîkó marana ri,Aîkó marana ri
Procedo conforme tua palavra,Aîkó nde nhe'enga rupi,Aîkó nde nhe'enga rupi,Aîkó nde nhe'enga rupi
Moro com Pedro,Aîkó Pero irũnamo,Kó taba pupé aîkó Moro nesta aldeia Aîkó iké xe roka pupé Moro aqui em minha casa Aîkó Pero irũnamo,Kó taba pupé aîkó Moro nesta aldeia Aîkó iké xe roka pupé Moro aqui em minha casa Aîkó Pero irũnamo
Sou um novato,Aîkó pysasuramo,Aîkoeté,Aîkó pysasuramo
Tenho pendências com ele,Aîkó sesé,Aropu'am,Aîkó sesé
Tenho relações sexuais com ela,Aîkó sesé,Aropor ahẽ so'o pupé,Aîkó sesé
Vivo na virtude,Aîkó tekokatu resé,Tekokatu resé aîkó,Aîkó tekokatu resé
Não hei de estar na maldade diante dele,Aîkó umẽpe mba'epoxy resé sobaké ká,N'aîkóî xûé i xupé,Aîkó umẽpe mba'epoxy resé sobaké ká
Estou menstruada,Aîkoaíb,Aîepoûsub,Aîkoaíb
Ajo velhacamente,Aîkóangaîpab,Erimba'endûarûera,Aîkóangaîpab
Permaneço eu o seu guardião,Aîkobé n'ixé sarõana,I nhemonhangaba ixé,Aîkobé n'ixé sarõana
Permaneço seu guardião,Aîkobé n'ixé sarõana,Aîkobé pe rarõana,Aîkobé n'ixé sarõana
Eu permaneço seu guardião,Aîkobé n'ixé sarõana,Aîkobé pe rarõana,Aîkobé n'ixé sarõana
"Eis que aqui estou, o que vos enxota",Aîkobé pe mondoarama,"Kó xe rekóû, pe rerekomemûãba'e",Aîkobé pe mondoarama
"Aqui estou, não me afasto deles","Aîkobé, n'aîepe'aî i xuí","Kó é aîkó, n'aîepe'aî i xuí","Aîkobé, n'aîepe'aî i xuí"
Sou diferente,Aîkoé,Aîepysó gûitupa,Aîkoé
"Procedo bem, tendo a intenção de ir para o céu",Aîkókatu t'asóne ybakype ûi'îabo,"Aîkókatu, ybakype ûi'îabo",Aîkókatu t'asóne ybakype ûi'îabo
Hei de viver bem como eles,Aîkókatupe i îabé ká,Aîkókatu i îabé t'aîkó,Aîkókatupe i îabé ká
Dou roça a Pedro,Aîkóme'eng Pedro,Aîme'eng Pedro,Aîkóme'eng Pedro
Sou desprezível,Aîkomemûã,Ixé aé aporoîaî,Aîkomemûã
Folgo,Aîkonhẽ,Aîapŷuban,Aîkonhẽ
Vivo mal,Aîkópoxy,Aîkópoxy,Aîkópoxy
Sei mais que tu,Aîkuabeté nde suí,Aîkuabeté nde suí,Aîkuabeté nde suí
Fiqueio contando,Aîkuabe'ube'u,A'é umûãne,Aîkuabe'ube'u
Cingio,Aîku'aman,Aîku'aman,Aîku'aman
Pinteio,Aîkûatiar,Aîkûatiar,Aîkûatiar
Agradecio,Aîkugûab,Aîkugûab,Aîkugûab
Novamente o soube,Aîkugûab amõ,A'é benhẽ,Aîkugûab amõ
Tenho jeito de o saber,Aîkugûabarõan,Aîkugûabarõan,Aîkugûabarõan
Esmigalheio,Aîkumirik,Aîpyeî,Aîkurubixok
"Fiz cilada contra o inimigo, matandoo",Aîkupe'ab tobaîara i îukábo,"Aîepysó asuí xe raûsupa, i îukábo",Aîkupe'ab tobaîara i îukábo
Laceilhe as pernas,Aîkupyîurar,Aîepómongaraû,Aîkupyîurar
Amarreilhe as pernas,Aîkupypûar,Aîepómongaraû,Aîkupypûar
Ficoo chacoteando,Aîkurákurab,Aîeréîereb,Aîkurákurab
Esmigalheio,Aîkurubixok,Aîpyeî,Aîkurubixok
Ferio,Aîkutuk,Aîetu'u,Aîkutuk
Breeio,Aîkytyk,ebokûé aé,Aîkytyk
Esfregueio com cera,Aîkytyk iraîty pupé,Aîkytyk,Aîkytyk iraîty pupé
Fiqueio esfregando com gordura,Aîkytykytyk mba'ekagûera pupé,Aîubĩ anhõ,Aîkytykytyk mba'ekagûera pupé
Fiqueio esfregando com gordura,Aîkytykytyk mba'ekagûera pupé,Aîubĩ anhõ,Aîkytykytyk mba'ekagûera pupé
Fiqueio esfregando com coisa gordurosa,Aîkytykytyk mba'ekagûera pupé,Aîybĩambuk,Aîkytykytyk mba'ekagûera pupé
Tiro a sua ferrugem,Aîkytyngok,Aîpe'a nde rugûy,Aîkytyngok
Limpoo de ferrugem,Aîkytyngok,kaba2 kyba'yra,Aîkytyngok
Distribuoos,Aîma'e'ĩ,Aîkumirik,Aîma'e'ĩ
Enrolei o cipó no esteio,Aîmaman okytá ysypó pupé  Amarrei o esteio com cipó Aîmaman ysypó okytá resé,Anhepanakũnhang,Aîmaman okytá ysypó pupé Amarrei o esteio com cipó Aîmaman ysypó okytá resé
Retirei as amarras dele,Aîmamãrok,Aîmoîa'ok,Aîmamãrok
Saqueeilhe as coisas completamente,Aîmba'epysyrõmbab,I xupé oîmoerapûanaí,Aîmba'epysyrõmbab
"Aimbirê, vem diante de mim!","Aîmbiré, eîori xe robaké!","Aîmbiré, eîori xe robaké! Nde apûan!","Aîmbiré, eîori xe robaké!"
"Aimbirê, vem diante de mim! Apressate!","Aîmbiré, eîori xe robaké! Nde apûan!","Aîmbiré, eîori xe renondé! Nde apûan!","Aîmbiré, eîori xe robaké! Nde apûan!"
"Aimbirê, levemos os malditos logo","Aîmbiré, îarasó muru taûîé","Aîmbiré, t'îarasó ikó angaîpaba","Aîmbiré, îarasó muru taûîé"
"Aimbirê, levemos os malditos logo para alegrar os que ficaram em nossas casas","Aîmbiré, îarasó muru taûîé îandé roŷpyra moesãîa","Aîmbiré, îarasó muru taûîé îandé roŷpyra mondyîa","Aîmbiré, îarasó muru taûîé îandé roŷpyra moesãîa"
"Aimbirê, levemos os malditos logo, para alegrar os que ficaram em nossas casas","Aîmbiré, îarasó muru taûîé, îandé roŷpyra moesãîa","Aîmbiré, t'îarasó taûîé u'uba, îandé roŷpyra moetesabamo","Aîmbiré, îarasó muru taûîé, îandé roŷpyra moesãîa"
Deveria eu por bem ensinálo,Aîmbo'e be'ĩmo mã,Aîîukápe ky,Aîmbo'e be'ĩmo mã
Acalenteia,Aîmboyî,mosyk}ié,Aîmboyî
Estou,Aîmẽ,Aîmẽ,Aîmẽ
Dei coisas para outra pessoa que não a meu pai,Aîme'eng mba'e xe ruba taté nhẽ,Aîme'engeté mba'e xe ruba taté nhẽ,Aîme'eng mba'e xe ruba taté nhẽ
Douo em recompensa,Aîme'eng sepyramo,Aîma'e'ĩ,Aîme'eng sepyramo
Deio de graça,Aîme'eng tenhẽ,Aîme'eng re'a,Aîme'eng tenhẽ
Deio a meu pai,Aîme'eng xe ruba pé,Aîpapáne,Aîme'eng xe ruba pé
"Deio por dar (isto é, de graça)",Aîme'engĩ,Aîme'eng rei,Aîme'engĩ
Fecundeia,Aîmenõ,tabe'yma,Aîmenõ
Façoa soar,Aîmimby,Aîapysyk,Aîmimby
Desobedeci a ele,Aîmoabangab,Aîmomburu,Aîmoabangab
Ordeneio,Aîmoabaré,Aîmoabaré,Aîmoabaré
Faço Pedro ser padre,Aîmoabaré Pedro,Aîmoabaré Pedro,Aîmoabaré Pedro
Deixeio pela metade,Aîmoagûé,Aîmoagûé,Aîmoagûé
Estragueia,Aîmoaikatu,Aîku'aman,Aîmoaikatu
Enxugueio,Aîmoaku'i,Aîapapûar,Aîmoaku'i
Arredondeio,Aîmoamandab,Aîapapûar,Aîmoamandab
Filo emagrecer,Aîmoangaîbar,Aîeapysykatu,Aîmoangaîbar
Farei todos pecarem de novo,Aîmoangaîpá pá benhẽne,Aîmoangaîpá pá benhẽne,Aîmoangaîpá pá benhẽne
Façoo ruim,Aîmoangaîpab,Aîkópoxy,Aîmoangaîpab
Faço Pedro ter roupa,Aîmoaob Pedro,Aîme'eng Pedro aoba,Aîmoaob Pedro
Convençoo,Aîmoapapub,mondykaba; sykaba (v syk') concórdia,Aîmoapapub
Toseio bem,Aîmoapererákatu nhote,Aîubĩngatu,Aîmoapererákatu nhote
Fiz enfiada de peixes,Aîmoapytam pirá,Aîapó piráetá,Aîmoapytam pirá
Tonsureio,Aîmoapytereb,Aîmoapytereb,Aîmoapytereb
Deio à luz,Aîmo'ar,Anhe'ẽ,Aîmo'ar
Lamento tua ida,Aîmoasy nde só,Aîmoangaturã nde só,Aîmoasy nde só
Apertei meus passos,Aîmoatã xe rapupa'ũ,Aîmoapapub,Aîmoatã xe rapupa'ũ
Alarguei meus passos,Aîmoatã xe rapupa'ũ,Aîusãmoín,Aîmoatã xe rapupa'ũ
Esfalfeio,Aîmoa'ypab,ka'a,Aîmoa'ypab
Afineio muito,Aîmoa'yrĩngatu,Aîepysyrõngatu,Aîmoa'yrĩngatu
Balanço meu rabo,Aîmobabak xe rûaîa,Aîpyapasamoín,Aîmobabak xe rûaîa
"Filo apresador de mim (isto é, deixeime vencer por ele)",Aîmoembiaryîar ahẽ xe îoesé,Aîmoabaîar,Aîmoembiaryîar ahẽ xe îoesé
Tirei faísca dele,Aîmoendyîab,Asẽmoín,Aîmoendyîab
Hei de louvar muito meu pai,Aîmoetékatupe xe ruba ká,Asykatupe ká xe ruba,Aîmoetékatupe xe ruba ká
Aparteios,Aîmoîa'ok,Aîapŷuban,Aîmoîa'ok
Encalhei a canoa,Aîmoîar ygara,Aîpusu'ã ygara,Aîmoîar ygara
Convencio a ir,Aîmoîekûer,Aîmoîekûer,Aîmoîekûer
Prendio a uma pedra,Aîmoín itá resé,Aîmoín itá resé,Aîmoín itá resé
Filo trabalhar (ou Filo estar em ocupação),Aîmoingómarã,Aîmoingómarã,Aîmoingómarã
Façoas umas atrás das outras (se são muitas),Aîmoîoakypûékypûer,Ene'ĩ t'omoîoakypûé,Aîmoîoakypûékypûer
Ponhoos um(s) diante do(s) outro(s),Aîmoîobaîxûar,Aîmoîobaîxûar,Aîmoîobaîxûar
Entremeeias,Aîmoîoparab,Aîmoîuru'ar,Aîmoîoparab
Façoa chocar os ovos,Aîmoîoupi'aerub,Aî'useîukur,Aîmoîoupi'aerub
Doureio com ouro,Aîmoîub itaîuba pupé,Itaîuba pupé i moîepe'aû,Aîmoîub itaîuba pupé
Filo ter vontade de comer,Aîmoîurué,Aîupab,Aîmoîurué
Moqueeio,Aîmoka'ẽ,moka'é,Aîmoka'ẽ
Afrouxeio,Aîmokanãî,Aîapapûar,Aîmokanãî
Enxugueio,Aîmokang,Aîapapûar,Aîmoaku'i
Fureio,Aîmokûar,Aîangerasó,Aîmokûar
Dou laçadas nela,Aîmokusambar,Asanong,Aîmokusambar
Fizlhe cócegas,Aîmokyxyk,Aîmombegûabo,Aîmokyxyk
Façoo doente,Aîmomara'ar,Aîepo'yrung,Aîmomara'ar
Desobedeci a meu pai,Aîmomaran xe ruba,Na xe ruba piaretéî,Aîmomaran xe ruba
Caprichei nele,Aîmomatueté,Aîmoŷrõ sesé,Aîmomatueté
Filo enriquecer,Aîmomba'e,Aîeapyká,Aîmomba'e
"Honro tua casa, dentro dela dançando","Aîmomba'eté nde roka, i pupé gûiporaseîa","Aîmomba'eté nde roka, i pupé gûiporaseîa","Aîmomba'eté nde roka, i pupé gûiporaseîa"
Honreio muitíssimo,Aîmomba'etétekatunhẽ,Aîmomboîkatu,Aîmomba'etétekatunhẽ
Digo mal dele,Aîmombe'uaíb,Aîmombe'uaíb,Aîmombe'uaíb
Ameaçoo muito,Aîmomboîkatu,Aîmoanhã tenhẽ,Aîmomboîkatu
Lanceio no chão,Aîmombor ybype,Aîmombor ybype,Aîmombor ybype
Compadecime dele,Aîmomboreaûsub,Ererasó muru,Aîmomboreaûsub
"Ameacei, outrora, os tupinambás",Aîmomburu akûeîme tupinambá,Îepé aîmombuky tupinambá,Aîmomburu akûeîme tupinambá
Fila engravidar,Aîmomburu'a,Kunhã muru'abora,Aîmomburu'a
Atraio a Pedro,Aîmomotar Pedro,Aîme'eng Pedro,Aîmomotar Pedro
Arruinei a todos,Aîmomoxy pabenhẽ,Arasó pab,Aîmomoxy pabenhẽ
"Arruinei a todos, fazendoos roubar também","Aîmomoxy pabenhẽ, i momondarõmo bé","Aîmomoxy pabenhẽ, i momondarõmo bé","Aîmomoxy pabenhẽ, i momondarõmo bé"
Movio,Aîmomỹî,Aîkumirik,Aîmomỹî
Arrombeio,Aîmonarang,Aîmombe'u,Aîmonarang
"Suspeito dele acerca de meu dinheiro (isto é, suspeito que foi ele quem o furtou)",Aîmondar ahẽ xe itaîuba ri,Aîmoîar ahẽ xe itaîuba ri,Aîmondar ahẽ xe itaîuba ri
Metoo pelo pescoço,Aîmondeb o aîurybo,Nde resyri aîkytyk,Aîmondeb o aîurybo
Se eu o mandasse,Aîmondómomo,Aîmondómomo,Aîmondómomo
Deveria mandálo,Aîmondómonẽmo,Aîmondómonẽmo,Aîmondómonẽmo
Leioo,Aîmongetá,Aîapekó,Aîmongetá
Derrubei as folhas dela,Aîmonguî soba,Aî'ybab,Aîmonguî soba
Gasteio totalmente,Aîmongûypab,Aîpygûasu,Aîmongûypab
Untei as penas de pássaro (para me emplumar com elas),Aîmongy gûyráaba,Aîkurákurab,Aîmongy gûyráaba
Tinjoo com jenipapo,Aîmongy îanypaba resé,Aîmongy îanypaba resé,Aîmongy îanypaba resé
Filo mal,Aîmonhãmemûã,Aîaîbebuî,Aîmonhãmemûã
Transformo o ferro em anzol,Aîmonhang itá pindáramo,T'aîuká umẽ takuare'yma,Aîmonhang itá pindáramo
Faço minha futura casa,Aîmonhang oka  Fiz uma casa Xe rokûama aîmonhang,Aîkó xe roka Fiz uma casa Xe rokûama,Aîmonhang oka Fiz uma casa Xe rokûama aîmonhang
Filo muito mal,Aîmonhang serãserã,I apysakûákatu,Aîmonhang serãserã
Faço sua futura casa,Aîmonhang sokûama,Aîmonhang sokûama,Aîmonhang sokûama
"Filo por fazer (sem algum fim, sem mais, porque quis)",Aîmonhangĩ nhẽ,N'aîpotare'ymi,Aîmonhangĩ nhẽ
Filo rispidamente,Aîmonhangîeaseî,Xe atápûan,Aîmonhangîeaseî
"Faço intervalos em minhas entradas na igreja (isto é, entro uma vez sim, outra não)",Aîmopa'ũpa'ũ nhote Tupãokype xe reîké,Aîkeraker Tupãokype,Aîmopa'ũpa'ũ nhote Tupãokype xe reîké
Afileio bem fininho,Aîmopoîĩ,Aîpó îasytatá,Aîmopoîĩ
Cumpri minha palavra,Aîmopor xe nhe'enga,Aînhe'engapypyk îepé,Aîmopor xe nhe'enga
Fiz frustrar aquilo que fulano faria,Aîmorambûerukar ahẽ rekorambûera,Aîemopaîépaîé,Aîmorambûerukar ahẽ rekorambûera
Fiqueio simulando,Aîmorãmoran,Anhemoatãngatu,Aîmorãmoran
Ensinoo,Aîmotekokuab,Aîkugûab,Aîmotekokuab
Turvei sua água,Aîmo'ypiting,Aîmo'ypiting,Aîmo'ypiting
Enfileireios,Aîmoysyrung,Asysymondok,Aîmoysyrung
Eis que aqui estou,Aín,Kó é aîkó,Kó é aîkó
Estou assentado torto,Aínapẽ,Anhagûãnhagûãî,Aínapẽ
Estou à parte,Aindé,Aîepubuîereb,Aindé
"Estou bem estabelecido (isto é, estou firmemente assentado)",Aĩngatu,Aîeîĩngatu,Aĩngatu
Obedeço às palavras dele,Aînhe'engapîar,Aînhe'engapîar,Aînhe'engapîar
"Argumentei contra suas palavras, em vão",Aînhe'engapypyk îepé,"Aînhe'engapypyk îepé, i mombe'upotá",Aînhe'engapypyk îepé
"Argumentei contra suas palavras, com efeito",Aînhe'engapypyk îepé,Aînhe'engapypyk îepé,Aînhe'engapypyk îepé
Antecipei (ou atalhei) sua fala,Aînhe'engenondear,Aînhe'engenondear,Aînhe'engenondear
Replico a Pero,Aînhe'ẽpoepyk Pero,Aporandub Pero,Aînhe'ẽpoepyk Pero
"Ajudeio em suas palavras (isto é, ajudeio naquilo que dizia, argumentando a favor dele)",Aînhe'ẽpytybõ,Aînhe'ẽpytybõ,Aînhe'ẽpytybõ
Retirei o invólucro dele,Aînhubãrok,Aîpytápûar,Aînhubãrok
Arranquei o invólucro dele,Aînhubãrok,Aîîurupyk,Aînhubãrok
Estou quieto,Ainĩ,Aîe'atype'a,Aîubĩote
Daqui a pouquinho castigoo,Aînupã apyri'ĩ,mbegûé kóbo,Aînupã apyri'ĩ
bolsa,aió,itaiuba,aió
saco,aió,kóbo,aió
estragado,aiõ (v aiõa),kanhemja,aiõ (v aiõa)
ruim,aiõ/a; memtiã; poxy,iekosub,aiõ/a; memtiã; poxy
Pélo a testa a mim mesma,Aîobabo'o,Aîe'amaman,Aîobabo'o
saca,aîogûasu,mundeoka,aîogûasu
Caçôo dele,Aîoîaî,iî apaba,Aîoîaî
Escoreio,Aîokok,kartlaba,Aîokok
Façoos ser ladrões de cauim,Aîonong ka'umondá,A'epe aîmonhang abá mondá,Aîonong ka'umondá
Tapoo,Aîo'o,Aîo'o,Aîo'o
Tirei minha roupa,Aîo'ok xe aoba,Aîo'ok xe aoba,Aîo'ok xe aoba
Aquentoo,Aîopé,Aîkuabe'ube'u,Aîopé
Piqueio,Aîopi,Mba'emba'eremepe asé îeruréû i xupé? Îepi nhẽ Em que ocasiões a gente reza para eles?,Aîopi
Cerqueios,Aîopîar,apyra,Aîopîar
Reparti com ele a carne,Aîopoî ahẽ so'o pupé,Aî'useîuká,Aîopoî ahẽ so'o pupé
Alimenteio rispidamente,Aîopoîîeaseî,Aîapûanusu,Aîopoîîeaseî
Alimento muitos,Aîopoîusu,Asemi'uerekûab,Aîopoîusu
Mandei um homem em busca de pindoba,Aîopûaî amõ abá pindoba resé,Aîopûaî amõ abá pindoba resé,Aîopûaî amõ abá pindoba resé
Mandei um homem ir em busca de palma,Aîopûaî amõ abá pindoba resé,Asó xe abá pindoba resé,Aîopûaî amõ abá pindoba resé
Encarreguei Pedro da lenha,Aîopûaî Pedro îepeaba resé,Aîeruré Pedrope ybyrá'ĩ resé,Aîopûaî Pedro îepeaba resé
Tocoa,Aîopy,to'o,Aîopy
Fiqueio oprimindo,Aîopyîopyk,Aîeîurupirar,Aîopyîopyk
Calei minhas palavras,Aîopyk xe nhe'enga,Aînhe'ẽmby'i,Aîopyk xe nhe'enga
Desenroleio,Aîorab,Aîpyeî,Aîorab
Desfieio,Aîorab,Aîepysó,Aîorab
Ferio,Aîosok,Aîetu'u,Aîkutuk
Visito os aposentos dos índios,Aîosub abá koty,Aîosub abá koty,Aîosub abá koty
Visito os aposentos dos índios,Aîosub abá koty,Aîosub abá koty,Aîosub abá koty
Já afastei dessa maneira minhas maldades,Aîpe'a umûã emonã xe angaîpaba,Aîpe'a umûã emonã xe angaîpaba,Aîpe'a umûã emonã xe angaîpaba
Cutuqueio,Aîpekãî,amynyîutyba,Aîpekãî
Cerqueio,Aîpemim,apyra,Aîpemim
Arranqueilhe a casca (fal de árvore ou madeira),Aîpé'ok,Aîpepópûar,Aîpé'ok
Puslhe penas,Aîpepómoín,Aîmoîyb,Aîpepómoín
Arranquei as penas de sua asa,Aîpepó'ok,Aîpepó'ok,Aîpepó'ok
Ateilhe penas,Aîpepópûar,Aîpepómoín,Aîpepópûar
"Amarrei penas de asa nela (isto é, na flecha)",Aîpepópûar,Aîpokesárab,Aîpepópûar
Torcio,Aîpepyr,tory,Aîpepyr
aipim,aipI,kartlaba,aipI
licor de aipim,aîpi 'y,aîpi 'y,aîpi 'y
"Fico à espera dele, fico no caminho dele",Aîpiarõ,"Aîosupotá, asapûámobyr",Aîpiarõ
Esfregueilhe a caspa,Aîpiku'imomemûã,Aîkytyngok,Aîpiku'imomemûã
Furolhe a pele,Aîpikutuk,Asé pirûera 'u,Aîpikutuk
Esfreguei a pele dele,Aîpimomemûã,Aî'atypetek,Aîpimomemûã
Cortolhe a pele,Aîpimondok,Aîpirok,Aîpimondok
Fiqueia beliscando,Aîpĩpin,Aytarõ,Aîpĩpin
Tirolhe a pele,Aîpirok,Aîpirok,Aîpirok
Tinjo as pernas,Aîpitupuku,Aîepómopiririk,Aîpitupuku
Tinjoo de vermelho (com urucu),Aîpitupyrang,Aîpitupyrang,Aîpitupyrang
Esses homens são os que portam riquezas para nós,Aîpó abá ma'e îara îandébe,Aîpó abá îandé repymondykara,Aîpó abá ma'e îara îandébe
Esses homens são os que portam riquezas para nós,Aîpó abá ma'e îara îandébe,Aîpó abá îandé repymondykara,Aîpó abá ma'e îara îandébe
Isso dirá somente a ele ou contará ao padre para que o repreenda,Aîpó e'i nhote i xupéne konipó abaré supé i mombe'uû i akakapagûama reséne,Aîmombe'u umẽ abaré supé i moîaruká,Aîpó e'i nhote i xupéne konipó abaré supé i mombe'uû i akakapagûama reséne
Isso dizes com razão,Aîpó eré supikatu,A'é muru,Aîpó eré supikatu
"Sendo isso assim, o dia todo e a noite toda tu cuidarás de tua alma","Aîpó e'ymeté, ko'arapukuî, pysaré nde maînanĩ nde 'anga reséne","Aîpó e'ymeté, ko'arapukuî, pysaré ereîkotebẽ nde rekobé resé","Aîpó e'ymeté, ko'arapukuî, pysaré nde maînanĩ nde 'anga reséne"
"Sendo isso assim como é, vós também não reconheceis que vos enterrarão?",Aîpó e'ymetépe peẽ bé ybŷa pe tymagûama na peîkuabi?,A'epe peẽ bé pe tymagûama na peîkuabi?,Aîpó e'ymetépe peẽ bé ybŷa pe tymagûama na peîkuabi?
"Isso dizendo, eu não estou tíbio","Aîpó gûi'îabo, n'akyî ixé","Aîpó gûi'îabo, n'akyî ixé","Aîpó gûi'îabo, n'akyî ixé"
"Tendo isso que ele disse, seus discípulos tomaram o pão em suas mãos","Aîpó i 'eagûera rerekóbo, semimbo'eetá miapé rari o pópe","Aîpó gûi'îabo i xupé, i boîá miapé rari i xupé","Aîpó i 'eagûera rerekóbo, semimbo'eetá miapé rari o pópe"
Aqueles pregados junto dele também,Aîpó i pyri i moîarypyrûera abé,Aîpó i pyri i moîarypyrûera abé,Aîpó i pyri i moîarypyrûera abé
Aqueles serão os futuros habitantes do fundo de nosso fogo,Aîpó îandé ratá gûyra porama,Aîpó îandé ratá gûyra porama,Aîpó îandé ratá gûyra porama
"Aqueles serão os futuros habitantes do fundo do nosso fogo, os que serão queimados","Aîpó îandé ratá gûyra porama, sapypyrama",Aîpó Anhanga ratá pora,"Aîpó îandé ratá gûyra porama, sapypyrama"
Cada um daqueles quatro destinos últimos de nossa vida hei de anunciar detidamente,Aîpó îandé rekó oîoirundyk mondykaba îabi'õ t'amombe'u apysagûé,Aîpó îandé rekó oîoirundyk mondykaba îabi'õ t'amombe'une,Aîpó îandé rekó oîoirundyk mondykaba îabi'õ t'amombe'u apysagûé
Eis que estas tuas futuras presas são muitas,Aîpó kó nde rembiarama setá,Aîpó nde remiekara setá,Aîpó kó nde rembiarama setá
"Sabendo disso, impedirias a transgressão da palavra de Deus","Aîpó kuapamo, ereîmorambûé Tupã nhe'enga abyrambûeramo","Aîpó kuapamo, ereîme'eng Tupã nhe'enga abŷagûama","Aîpó kuapamo, ereîmorambûé Tupã nhe'enga abyrambûeramo"
"Este era, de fato, o meu intento",Aîpó nakó xe rekopotasaba,Aîpó nakó xe rekopotasaba,Aîpó nakó xe rekopotasaba
Porventura eu não disse isso tudo?,Aîpó nd'a'eî pá ky?,Aîkó kûepe mba'e tetiruã?,Aîpó nd'a'eî pá ky?
Essas serão teu futuro assado,Aîpó nde remixyrama,Aîpó nde remimotara angaturama,Aîpó nde remixyrama
Essas serão as que tu assarás,Aîpó nde remixyrama,Aîpó nde kambûerama,Aîpó nde remixyrama
Aí é que está! Eu estou surpreso por tua causa,Aîpó nhẽ! Xe putupab nhẽ nde ri,A'epe ahẽ rekóû! Nde resé ixé oporandupa,Aîpó nhẽ! Xe putupab nhẽ nde ri
Porventura fazes isso à toa?,Aîpó nhẽpipó ereîkó?,Nde potasápe aîpó ereîkó?,Aîpó nhẽpipó ereîkó?
"Esse somente é, de fato, teu nome?",Aîpó nhõpipó nde rera?,Aîpó nhõpipó nde rera anhõ?,Aîpó nhõpipó nde rera?
"Esse, somente, é de fato teu nome?",Aîpó nhõpipó nde rera?,Aîpó nhõpipó nde rera anhõ?,Aîpó nhõpipó nde rera?
"Isso não seria possível contar, ainda que o sol se pusesse!","Aîpó n'i papasabi, kûarasymo oîké îepémo!",Aîpó n'i papasabi kûarasymo oîké îepémo!,"Aîpó n'i papasabi, kûarasymo oîké îepémo!"
"Isso não seria possível enumerar, ainda que o sol se pusesse!","Aîpó n'i papasabi, kûarasymo oîké îepémo!","Aîpó n'i papasabi, kûarasymo oîké îepémo!","Aîpó n'i papasabi, kûarasymo oîké îepémo!"
"Isso não tem meio de se contar, ainda que o sol se pusesse!","Aîpó n'i papasabi, kûarasymo oîké îepémo!","Aîpó n'i papasabi, kûarasymo oîké îepémo!","Aîpó n'i papasabi, kûarasymo oîké îepémo!"
"Logo depois de dizerem aquilo para ele, lançou o pagamento por seu senhor no templo","Aîpó oîoupé 'é abé, o îara repypûera reîtyki Tupãokype",Aîpó o'îabo i îara repypûera reîtyki Tupãokype,"Aîpó oîoupé 'é abé, o îara repypûera reîtyki Tupãokype"
"Logo depois de dizer aquilo para ele, lançou o pagamento por seu senhor no templo, indo finalmente enforcarse","Aîpó oîoupé 'é abé, o îara repypûera reîtyki Tupãokype aûîé osóbo oîeaîubyka","Aîpó o'îabo, o îara remipûera reîtyki Tupãokype aûîé osóbo o îubana","Aîpó oîoupé 'é abé, o îara repypûera reîtyki Tupãokype aûîé osóbo oîeaîubyka"
"Querendo isso, fezse homem, não deixando de ser Deus","Aîpó potá é erimba'e nhemoapŷabi, Tupãnamo o ekó po'ire'yma","Aîpó kuapamo, erimba'e nhemoapŷabi, Tupãnamo oîkóbo ko'yté","Aîpó potá é erimba'e nhemoapŷabi, Tupãnamo o ekó po'ire'yma"
"Sabendo que Deus te fez sair daquela escuridão, honra a Deus","Aîpó pytunusu suí Tupã nde mosemagûera kuapa, eîmomba'eté Tupã","Îandupabẽ putunusu suí Tupã nde mosemagûera kuapa, eîmomba'eté Tupã","Aîpó pytunusu suí Tupã nde mosemagûera kuapa, eîmomba'eté Tupã"
"Por causa disso, com efeito, agora o amo","Aîpó resé nhẽ, ko'y asaûsu","Aîpó resé nhẽ, ko'y aîmondó","Aîpó resé nhẽ, ko'y asaûsu"
Eis que o sábado reservou para a cessação do trabalho nele,Aîpó sábado pysyrõû i pupé ybŷá morabyky suí o pykápe,Peîmoîekosub sábado 'ara putupaba mo'anga,Aîpó sábado pysyrõû i pupé ybŷá morabyky suí o pykápe
"Isso é que deve ser bem amado, isso verdadeiramente","Aîpó saûsukatupyra, aîpó anhẽ","Aîpó saûsukatupyra, aîpó anhẽ","Aîpó saûsukatupyra, aîpó anhẽ"
"daí, desse lugar (que tu dizes)",aîpó suí,ebanõîa suí kó,aîpó suí
o oposto daqueles pecados,aîpó tekoangaîpaba robaîara,amõaé tekoangaîpaba,aîpó tekoangaîpaba robaîara
Os opostos daqueles pecados assim se enunciam,Aîpó tekoangaîpaba robaîara nã e'i,I angaîpaba robaîara koty onhe'enga nã,Aîpó tekoangaîpaba robaîara nã e'i
"Para esse belo procedimento, a gente a mantém em seu próprio quarto (isto é, a água benta), aí dependurando o recipiente em que a bebe","Aîpó tekoporanga resé asé serekóû o kotype, a'epe i moîasekóbo i gûaburu",Aîpó tekoporanga resé asé i moîarukari ybytinga pupé i pupé i moîypa,"Aîpó tekoporanga resé asé serekóû o kotype, a'epe i moîasekóbo i gûaburu"
"Aquela lei nova, quem será que a trouxe?",Aîpó tekópysasu abá serã ogûeru?,Aîpó tekópysasu abá serã ogûeru?,Aîpó tekópysasu abá serã ogûeru?
"Antes dessas mortes, um certo homem muito mau, chamado AntiCristo, virá, exaltandose",Aîpó te'õ îanondé irã amõ abáangaîpabeté AntiCristo seryba'e ruri onhemoetébo,Aîpó te'õ îanondé irã amõ Anhanga ratá AntiCristo seryba'e supéne,Aîpó te'õ îanondé irã amõ abáangaîpabeté AntiCristo seryba'e ruri onhemoetébo
Esse nome é o que me convém,Aîpó tera xe arõana,Aîpó xe mba'ekatu rera,Aîpó tera xe arõana
"Eis que esse vem (ouvindo sua voz, somente, não o vendo)",Aîpó turi,Aîpó turi,Aîpó turi
Eis que veio o que me entregará,Aîpó xe me'engarama ruri,Ko'yté xe raba rapŷaba ruri,Aîpó xe me'engarama ruri
"No caso de ser difícil frustrarse essa minha morte, que não se faça minha vontade","Aîpó xe re'õnama rambûera abaíme, t'onhemonhang umẽ xe remimotara","I abaíbeté xe re'õnama, t'onhemonhang xe remimotara","Aîpó xe re'õnama rambûera abaíme, t'onhemonhang umẽ xe remimotara"
"Por causa disso, agora amo a meu senhor Jesus","Aîpoba'e ri, ko'y asaûsu xe îara Îesu","Aîpoba'e ri, ko'y asaûsu xe îara Îesu","Aîpoba'e ri, ko'y asaûsu xe îara Îesu"
"Esses, enfim, não diferem da cobra, isso porque a cobra, antes de fazer destruir a vida daquele que morde, deixa sua própria vida ao pisarem sua cabeça","Aîpoba'e tene nd'oîabyî mboîa, mba'etakó mboîa o emindu'u rekobé mokanhemukary îanondé, o ekobé reîari o akanga patukasagûerype","Aîpoba'e tene nd'oîabyî mboîa, mba'etakó mboîa o emiarõ rekobé mokanhemukary îanondé, o ekobé reîari o akanga patukasagûerype","Aîpoba'e tene nd'oîabyî mboîa, mba'etakó mboîa o emindu'u rekobé mokanhemukary îanondé, o ekobé reîari o akanga patukasagûerype"
"Aquele, de fato, não é diferente da cobra",Aîpoba'e tenhẽ n'oîabyî mboîa,Aîpoba'e tenhẽ n'oîabyî mboîa,Aîpoba'e tenhẽ n'oîabyî mboîa
"Esse, enfim, não é diferente da cobra",Aîpoba'etene n'oîabyî mboîa,"Kó, rumby, na mboîa ruã",Aîpoba'etene n'oîabyî mboîa
"Transtorno o coração das velhas, irritandoas, fazendoas brigar","Aîpobu gûaîbĩ py'a, i moŷrõmo, i momarana","Aîpobu gûaîbĩ py'a, i moangekoaíba, i momarana","Aîpobu gûaîbĩ py'a, i moŷrõmo, i momarana"
"Replico a Pero (isto é, respondolhe nos mesmos termos) Aînhe'ẽpoepyk Pero  Replico as palavras de Pero",Aîpoepyk Pero,Aîpoepyk Pero,Aîpoepyk Pero
"Retribuí o que ele escreveu (isto é, escrevilhe como ele fez a mim)",Aîpoepyk semikûatiara,Aîpoepyk semikûatiara,Aîpoepyk semikûatiara
Solto o embrulho dele,Aîpokesárab,Aîpe'a rei,Aîpokesárab
Fizlhe cócegas,Aîpokirik,Aîmombegûabo,Aîmokyxyk
Tenhoo por costume,Aîpokugûab,Asó îandune,Aîpokugûab
Esbofeteio as costas de suas mãos,Aîpokupépetek,Aîpokesárab,Aîpokupépetek
Escapuli das mãos dele,Aîpomogûab,Aîepe'a i xuí,Aîpomogûab
Desfolheia,Aîpo'o,Asa'ang,Aîpo'o
"Esbofeteei suas mãos (isto é, batilhe com palmatória)",Aîpópetek,Aîpópetek,Aîpópetek
Soltei as algemas dele,Aîpopûasárab,Asysymondok,Aîpopûasárab
É por isso que o batizais junto ao padre,Aîporama resé é peîmongaraíb abaré pyri,Aîporama resé é peîmoîasuka abaré robaké,Aîporama resé é peîmongaraíb abaré pyri
"Ah, oxalá eu sofresse por Deus muitíssimos infortúnios!",Aîporará temõ Tupã resé mba'easy katupabẽ mã!,I abaeté pa'i xe îara mã!,Aîporará temõ Tupã resé mba'easy katupabẽ mã!
Tomei emprestada a canoa do índio,Aîporu abá ygara,Aîme'eng xe abá ygara,Aîporu abá ygara
Quero muito mesmo todas as aldeias destruir,Aîpotákatutenhẽ opabĩ taba mondyka,Aîpotákatutenhẽ opabĩ taba mondyka,Aîpotákatutenhẽ opabĩ taba mondyka
Quero muitíssimo todas as aldeias destruir,Aîpotákatutenhẽ opabĩ taba mondyka,Aîpotákatutenhẽ opabĩ taba mondyka,Aîpotákatutenhẽ opabĩ taba mondyka
"Ah, como desejo aquela mulher casada!",Aîpotáte kûé kunhãmendara mã!,Aîpotáte kûé kunhãmendara mã!,Aîpotáte kûé kunhãmendara mã!
Temo ficar preso nesta armadilha,Aîpoûsub ikó mundépe xe rena,Aîkó kó mundépe apytá,Aîpoûsub ikó mundépe xe rena
Coloquei colar nele,Aîpo'yrung,Aîpo'yrung,Aîpo'yrung
Lacei a perna dele,Aîpukuîurar,Aî'atype'apámoín,Asetymãmaman
Soltei as peias dos pés dele,Aîpukusambok,I xy rygûera aîpe'a,Aîpukusambok
Amarreio pelos pés,Aîpukusãmoín,Aîepotabẽ,Aîpukusãmoín
Ergui a espinhela,Aîpusu'ãmogûyr,Aîeapûapyk,Aîpusû'ãmogûyr
Ergui a espinhela,Aîpusû'ãmogûyr,Aîeapûapyk,Aîpusû'ãmogûyr
Tapeilhe a boca,Aîputupyk,Aîputupyk,Aîputupyk
Arranquei o miolo dele,Aîputu'umbok,Aîputu'umbok,Aîputu'umbok
Ferreio,Aîpyapasamoín,Aîapŷuban,Asapy
Pus o sapato,Aîpyapasámondeb,Aîeîurupirar,Aîpyapasámondeb
Lavoa,Aîpyeî,Aîapŷuban,Aîpyeî
Tinjolhe os pés (com urucu),Aîpygûang,timbora,Aîpygûang
Segureio fortemente,Aîpysykatã,Aîpysykatã,Aîpysykatã
Quero muito apanhálas com os que atacam as pessoas,Aîpysypotákatu morepenhandara ri,Aîpotákatutenhẽ morepenhandara,Aîpysypotákatu morepenhandara ri
Amarreilhe os calcanhares,Aîpytápûar,Aîkytyngok,Aîpytápûar
Cortei seus nervos,Aîpytasãmondok,Aî'apirabo'o,Aîpytasãmondok
Beijeio,Aîpyter,Asaûsuba'ub,Aîpyter
riscar,aír (s),eroiebyr; momokõi,aír (s)
Multiplicoo,Aîrumõ,Aîubyk,Aîrumõ
Ficaria aumentando meus miseráveis pecados vivendo nesta terra,Aîrumõrumõmo xe rekoangaîpagûera'uba ikó yby pupé gûitekóbomo,Aîkó tenhẽ xe angaîpánhemima ikó yby pupé xe rekóûne,Aîrumõrumõmo xe rekoangaîpagûera'uba ikó yby pupé gûitekóbomo
Lavrei a pedra,Aitámombipik,Aitámombipik,Aitámombipik
Doulhe os filhos de Pedro,Aîta'yme'eng Pedro,Aîkotebẽ Pedro ra'yra,Aîta'yme'eng Pedro
Esgotei a água dele,Aîtyapyî,Atymombîá,Aîtyapyî
Açouteilhe o irmão,Aîtybynupã,Aîtybynupã,Aîtybynupã
Lancei a âncora,Aîtyk itasama,Aîmoín itákûara,Aîtyk itasama
Lanço palavras contra ele,Aîtyk nhe'enga sesé,Aîmombegûab,Aîtyk nhe'enga sesé
Lanço [à água] a canoa,Aîtyk ygara,Aîtyk ygara,Aîtyk ygara
Sorvi o caldo,Aîtykukur,Aîukyrakok,Aîtykukur
fibroso,"aiu (r, s); iyk (v iyka)",ybypomombykypyra,"aiu (r, s); iyk (v iyka)"
Vim para informarte sobre minhas chacinas,Aîu nde momorandupa xe porapiti resé,Asó nde momorandupa xe nhe'enga resé,Aîu nde momorandupa xe porapiti resé
Vim ainda agora,Aîu ramõ,Asó kori,Aîu ramõ
amadurecer,aiub,nhan,aiub
abraçar,aiuban,aku'i,aiuban
Jazo imóvel,Aîubé,tabe'yma,Aîubé
Jazo acordado,Aîubé,Aîubé,Aîubé
Estou quieto,Aîubĩ,Aîe'atype'a,Aîubĩote
Estou quieto,Aîubĩote,Aîe'atype'a,Aîubĩote
Enforqueio,Aîubyk,Îaîuká,Aîubyk
enforcador,aîubykara,nhü,aîubykara
Abarqueio,Aîubykatã,Aseîkûaru'umbok,Aîubykatã
"Matáloei futuramente, com certeza",Aîuká ipó irãne,Aîuká ranhẽne,Aîuká ipó irãne
"Ah, quem me dera o tivesse matado!",Aîuká me'ĩ mã!,Aîkuab me'ĩmo mã!,Aîuká me'ĩmo mã!
"Ah, quem me dera o tivesse matado!",Aîuká me'ĩmo mã!,Aîkuab me'ĩmo mã!,Aîuká me'ĩmo mã!
Matei já os tupis,Aîuká umûã tupi,Aîuká umûã tupi,Aîuká umûã tupi
Não mato,Aîukae'ym,Aîmonhang umẽ,Aîukae'ym
"Mateios muito, fiz matança",Aîukámatutenhẽ,"Aî'abo pá, aîuká",Aîukámatutenhẽ
"Ah, quem me dera o tivesse matado!",Aîukámo mã!,Aîkuab me'ĩmo mã!,Aîuká me'ĩmo mã!
Quase o matei,Aîukasûer,Asykûer,Aîukasûer
Acalmeime,Aîukatu,Emo'ar,Aîukatu
Mando matálo,Aîukáukar,Aîukáukar,Aîukáukar
Arranco o amargor do sal,Aîukyrakok,Asybykoîaî,Aîukyrakok
Parti,Aîupabok,Asó,Aîupabok
Boteime os ovos,Aîupi'amombor,Aîkytyk xe rygûyrõ,Aîupi'amombor
"Vim de motu próprio, vim de própria vontade",Aîur é,Aîur é,Aîur é
"Vim, voltando",Aîur gûiîeby,A'ar benhẽ,Aîur gûiîeby
Venho não tendo a intenção de que me alimentem,Aîur ta xe poî na ûi'îabo ruã,Aîur xe poîa gûeba potare'yma,Aîur ta xe poî na ûi'îabo ruã
Vim de minha casa,Aîur xe roka suí,Aîur xe roka suí,Aîur xe roka suí
Vim do céu para vos ajudar sempre,Aîur ybaka suí îepi nhẽ pe pytybõmo,Aîur ybaka suí îepi nhẽ pe pytybõmo,Aîur ybaka suí îepi nhẽ pe pytybõmo
Vim do céu pelo interior de vossas ocas,Aîur ybaka suí pe rokybỹîa rupi,Aîur ybaka suí pe suí,Aîur ybaka suí pe rokybỹîa rupi
pescoço,aiura # no pescoço: aiuri,apykaba,aiura # no pescoço: aiuri
Os franceses trouxeram pólvora em vão,Aîuruîuba mokaba ogûeru tenhẽ,Aîuruîuba a'epe reru,Aîuruîuba mokaba ogûeru tenhẽ
adversário antigo de franceses,aîuruîubupîarûera,Aîuruîubupîarûera,aîuruîubupîarûera
"Desatei a boca dele (isto é, do cavalo), desencabresteio",Aîurusambok,Aî'apirabo'o,Aîurusambok
Vim de novo para externar minha alegria,Aîury bé xe roryba mombegûabo,Aîury bé xe roryba mombegûabo,Aîury bé xe roryba mombegûabo
Armei os laços,Aîusãmoín,Aîkytyngok,Aîusãmoín
Farteime de comêlo,Aî'useîmogûab,Aîporaká,Aî'useîmogûab
Saciei minha vontade de comêlo,Aî'useîmogûab,Aîkó potá,Aî'useîmogûab
papo grande,aîusu,papoîusu,aîusu
Asseime,Aîyb,küara,Aîyb
Podeia,Aî'ybab,ipó re'a; serã; ruã prover,Aî'ybab
"Cortei o pé dela (isto é, da parreira, da mandioca, etc)",Aî'ybab,Aî'ybab,Aî'ybab
"Flechei todos eles, capturandoos, amarrandoos","Aîybõ mbá, i pysyka, i apytĩamo","Aîmomoxy pabenhẽ, i pysyka, i momembeka","Aîybõ mbá, i pysyka, i apytĩamo"
Flecheios todos,Aîybõmbá,"Enhemomotá, pabenhẽ!",Aîybõmbá
Pileilhe as taipas,Aîybysosok,Eîarype'a,Aîybysosok
Areia,Aîybyyby'ab,Asa'ubar,Aîybyyby'ab
Comeceio,Aîypymoín,Aîypymoín,Aîypymoín
Inventeio,Aîypymonhang,Aîmorambûer,Aîypymonhang
chifre,aka,aka,aka
Defequei,Aka'ab,Aîmombe'u,Aka'ab
Roço a mata,Aka'agûyrok,Asysymondok,Aka'agûyrok
Caço,Aka'amondó,Aîapi,Aka'amondó
Rocei,Aka'anupã,Apupuk,Aka'anupã
Defequei (ou fui defecar),Aka'apîasó,Aîurupirar,Aka'apîasó
brigar,akab,marãtekó,akab
"cabeça baixa, desânimo",akãgûyra,i akangûera,akãgûyra
"Ai, por mais que eu esteja procurando alguma pousada, irra, fazme sair sempre da aldeia o padre","Akaî! Aseká îepé mytasaba amõ gûitekóbo, erĩ!, xe mosẽ memẽ taba suí abaré",Akaî! Oîepé îasó o îoirundyk îepé abaré xe rerasóbo memẽ,"Akaî! Aseká îepé mytasaba amõ gûitekóbo, erĩ!, xe mosẽ memẽ taba suí abaré"
Ai! Guardate de me queimar!,Akaî! Teumẽ xe rapŷabo!,Aûîé! Teumẽ xe mombaka!,Akaî! Teumẽ xe rapŷabo!
cajá,akaiá,ku'a # na cintura: ku'ai,akaiá
Ai! Por que bates em mim?,Akaîgûá! Marãpe xe ri erepûá?,Marãmope xe îukáû?,Akaîgûá! Marãpe xe ri erepûá?
Ai! Não há absolutamente servos meus,Akaîgûá! N'i tybangáî xe boîá,I angaîpá kó xe boîá mã!,Akaîgûá! N'i tybangáî xe boîá
caju,akaiu,akaiu,akaiu
castanha (de caju),akaiu,apé,akaiu
licor de caju,akaîu 'y,akaiu rapŷaba,akaîu 'y
Fizme rapaz,Akakuab,I kunumĩ ixé,Akakuab
Envelheço,Akakugûabakatã,"gûaîbĩ, tuîba'e",Akakugûabakatã
Mamei,Akambu,A'ytab,Akambu
Quero mamar,Akambuseî,Aîkópotá,Akambuseî
Tendo também coroas vermelhas e brilhantes,Akanetápyrãberaba reroínano,Akanetápyrãberaba reroínano,Akanetápyrãberaba reroínano
cabeça,akanga,akanga,akanga
as juntas da cabeça,akanga îepotasaba,akanga îepotasaba,akanga îepotasaba
chapéu,akangaoba,sapatu,akangaoba
var de chapéu em forma de cogumelo,akangaoburupé,Gûyrá ningo ka'a,akangaoburupé
var de chapéu,akangaóîepepira,(de chapé): moiub; (de berne): moiub,akangaóîepepira
crânio,akangapé,teté',akangapé
carapinha,akangapixa'i,amandaba,akangapixa'i
"cabeça ""enrugada"" (isto é, cabeça com cabelo PIXAIM, ou seja, de pessoa negra, carapinha)",akangapixa'ĩ,akangaíba,akangapixa'ĩ
cocar,akangatara,(intr): puk; (tr): mobok,akangatara
almofada,akangupaba,ybypomombykypyra,akangupaba
Andei sumido,Akanhẽkanhem,Aîepubuîereb,Akanhẽkanhem
Eis que agora eu hei de perecer!,Akanhem kó ixé re'a,Marãîasûaramo kori aîkóne mã!,Akanhem kó ixé re'a
Eis que agora eu pereço,Akanhem kó ixé re'a,Akanhem kó ixé re'a,Akanhem kó ixé re'a
febril,akanunduk (v akanunduka) fechar,mara'ar,akanunduk (v akanunduka) fechar
o que sofre febre,akanunduka porarasara,mara'asara,akanunduka porarasara
Carpi,Akapir,Akapir,Akapir
cará (var de peixe),akará,ka'a,akará
Comi,Akaru,A'u,Akaru
Urinei,Akaruk,Aîesyb,Akaruk
duvidoso,akasang,aan ipó re'a,akasang
dúvida,akasanga,poranduba (m),akasanga
Durmo amiúde,Akerakerĩ,Akó kerangûer,Akerakerĩ
aquele outro,akó amõaé,akó amõaé,akó amõaé
Mais que a roupa batida é a brancura de sua alma,Akó aoba i putukapyra sosé o 'anga tinga,Akó aoba i moingobépotá sosé tobá,Akó aoba i putukapyra sosé o 'anga tinga
Aquele que entrava na igreja,Akó oîké rakó Tupãokype,Akó oîké rakó Tupãokype,Akó oîké rakó Tupãokype
Como se fosse aquele que não morrerá,Akó omanõba'erame'yma berame'ĩ,Aûîebétemo omanõmo,Akó omanõba'erame'yma berame'ĩ
Aqueles velhos reis fedorentos?,Akó tubixanẽmbûera?,Morubixaba tuîba'e i angaîpabetépe?,Akó tubixanẽmbûera?
Aqueles velhos reis fedorentos?,Akó tubixanẽmbûera?,Morubixaba tuîba'e i angaîpabetépe?,Akó tubixanẽmbûera?
Esse é meu antigo enforcador,Akó xe îubykarûera,Akó xe îekuakuba,Akó xe îubykarûera
"Esse é meu antigo enforcador, querendo enforcarme novamente!",Akó xe îubykarûera xe îubyk benhẽ potá!,Akó xe îubykarûera xe îubyk benhẽ potá!,Akó xe îubykarûera xe îubyk benhẽ potá!
"Esse é meu antigo enforcador, uma taturana","Akó xe îubykarûera, tataûrana!","Akó xe îubykarûera, tataûrana!","Akó xe îubykarûera, tataûrana!"
"Esse é meu antigo enforcador, uma taturana, um tamanduá","Akó xe îubykarûera, tataûrana, tamandûá !","Akó xe îubykarûera, tataûrana, tamandûá !","Akó xe îubykarûera, tataûrana, tamandûá !"
Esse é o que eu flechei?,Akó xe remiybõmbûera?,Akó xe remiybõmbûera?,Akó xe remiybõmbûera?
"Assim como esta água lava o corpo da gente, aquela também","Akó 'y asé reté moîasuka îabé, akûeîa îabé","Akó 'y asé reté moîasuka îabé, akûeîa îabé","Akó 'y asé reté moîasuka îabé, akûeîa îabé"
"Assim como esta água lava o corpo da gente, também aquela (lava)","Akó 'y asé reté moîasuka îabé, akûeîa îabé","Akó 'y asé reté moîasuka îabé, akûeîa îabé","Akó 'y asé reté moîasuka îabé, akûeîa îabé"
"Assim como esta água lava o corpo da gente, aquela também (lava)","Akó 'y asé reté moîasuka îabé, akûeîa îabé","Akó 'y asé reté moîasuka îabé, akûeîa îabé","Akó 'y asé reté moîasuka îabé, akûeîa îabé"
"Eis que, como está no céu, Nosso Senhor está dentro do pão","Akó ybakype ogûekó îakatu, Îandé Îara rekóû miapepûera","Akó ybakype ogûekó îakatu, Îandé Îara rekóû miapepûera pupé","Akó ybakype ogûekó îakatu, Îandé Îara rekóû miapepûera"
"Eis que, como está no céu, Nosso Senhor está dentro do pão nas mãos do padre, com certeza","Akó ybakype ogûekó îakatu, Îandé Îara rekóû miapepûera pupé nhẽ abaré pópe re'a","Akó ybakype ogûekó îakatu, Îandé Îara rekóû miapepûera pupé nhẽ abaré pópe re'a","Akó ybakype ogûekó îakatu, Îandé Îara rekóû miapepûera pupé nhẽ abaré pópe re'a"
íngua de virilha,akóa'ynha,tykyra,akóa'ynha
Vou à roça,Akopîasó,Asó,Akopîasó
Faço roça,Akopir,Aîapó minga'u,Akopir
"Naquela época, após criarse o mundo",Akoraka'e 'ara nhemonhang'iré,"A'e remebépe yby monhang'iré, i poromonhangyne",Akoraka'e 'ara nhemonhang'iré
ali,aktieipe,a'epe,aktieipe
"Passei, somente (sem entrar nem pousar)",Akûab îõte,Akûabĩ tenhẽ,Akûab îõte
Adianteime,Akûabĩ,Ekûãî,Akûabĩ
Segui adiante,Akûabĩ tenondé,Akûabĩ tenondé,Akûabĩ tenondé
quente,"akub/a (r, s)",takuba,"akub/a (r, s)"
morno,"akubaib/a (r, s)",takuba,"akubaib/a (r, s)"
Movimentome,Akué,Eîori xe robaké,Akué
aquela cidade chamada Jerusalém,akûé tabusu Îerusalém 'îaba,akûé tabusu Îerusalém 'îaba,akûé tabusu Îerusalém 'îaba
Disse isso conhecendo o futuro esmagamento dos habitantes daquela cidade chamada Jerusalém,Akûé tabusu Îerusalém 'îaba pora mombebaûama kuapa nhẽ aîpó i 'éû,Akûeî tabusu Îerusalém 'îaba pora mombebaûama kuapa nhẽ Îesu aîpó i 'éû,Akûeî tabusu Îerusalém 'îaba pora mombebaûama kuapa nhẽ aîpó i 'éû
"dali, daquela parte (que tu e eu sabemos  nvis)",akûea suí,amõ suí,akûea suí
Disse isso conhecendo o futuro esmagamento dos habitantes daquela cidade chamada Jerusalém,Akûeî tabusu Îerusalém 'îaba pora mombebaûama kuapa nhẽ aîpó i 'éû,Akûeî tabusu Îerusalém 'îaba pora mombebaûama kuapa nhẽ Îesu aîpó i 'éû,Akûeî tabusu Îerusalém 'îaba pora mombebaûama kuapa nhẽ aîpó i 'éû
menos ou menor que aquele,akûeîa gûyri nhote,"miri; a'yri (r, t)",akûeîa gûyri nhote
"Assim eu procederei, tendo saúde futuramente",Akûeîkó xe rekóû xe marane'yma rerekóbo rimba'e re'a,"Akûeîkó xe rekóû, tekokatu arekóbo ranhẽne",Akûeîkó xe rekóû xe marane'yma rerekóbo rimba'e re'a
"Antigamente eu estava aflito, praticando meus vícios","Akûeîme aîkotebẽ, xe rekopoxy purûabo","Akûeîme aîkotebẽ, xe tekopoxy mombegûabo","Akûeîme aîkotebẽ, xe rekopoxy purûabo"
"Antigamente estava aflito, praticando meus vícios","Akûeîme aîkotebẽ, xe rekopoxy purûabo","Akûeîme aîkó nhote, xe remi'u repyramo","Akûeîme aîkotebẽ, xe rekopoxy purûabo"
Antigamente eu ficava sempre junto de ti,Akûeîme apytá memẽ nde pyri,Akûeîme apytá memẽ nde pyri,Akûeîme apytá memẽ nde pyri
"Antigamente eu ficava sempre junto de ti, no alto do morro","Akûeîme apytá memẽ nde pyri, ybytyrapûápe","Akûeîme apytá memẽ nde pyri, ybytyrapûápe","Akûeîme apytá memẽ nde pyri, ybytyrapûápe"
"Antigamente frequentavas nossa terra, amandoa","Akûeîme eresapekó oré retama, saûsupa","Akûeîme ereîur oré retama pupé, saûsupa","Akûeîme eresapekó oré retama, saûsupa"
Antigamente estes habitantes da aldeia sob minhas mãos estavam,Akûeîme kó tabygûara xe pó gûyrybo sekóû,Akûeîme kó tabygûasu rekóû xe pó gûyrybo re'a,Akûeîme kó tabygûara xe pó gûyrybo sekóû
Antigamente esses habitantes da aldeia sob minhas mãos estavam,Akûeîme kó tabygûara xe pó gûyrybo sekóû,Akûeîme kó tabygûasu rekóû xe pó gûyrybo sekóû,Akûeîme kó tabygûara xe pó gûyrybo sekóû
Antigamente pescava bem os peixes,Akûeîme rakó pirá asekyîmarangatu,"Akûeîme, rakó, pirá apekókatûabo","Akûeîme, rakó, pirá asekyîmarangatu"
"Antigamente, morrendo eu, o diabo, de repente, minha alma mataria com o pecado","Akûeîme, gûimanõmo, anhanga, esapy'a, xe 'anga oîuká angaîpaba irũmomo","Akûeîme, gûimanõmo, anhanga, esapy'a, xe 'anga oîuká angaîpaba irũmomo","Akûeîme, gûimanõmo, anhanga, esapy'a, xe 'anga oîuká angaîpaba irũmomo"
"Outrora, passando por cima dela, eu fui causa de te fazer agir","Akûeîme, i apyrasapa, xe nde moingosaba é","Akûeîme, ybaté xe sóû, nde resé aîkó","Akûeîme, i apyrasapa, xe nde moingosaba é"
Antigamente pescava bem os peixes,"Akûeîme, rakó, pirá asekyîmarangatu","Akûeîme, rakó, pirá apekókatûabo","Akûeîme, rakó, pirá asekyîmarangatu"
Antigamente pescava bem os peixes,"Akûeîme, rakó, pirá asekyîmarangatu","Akûeîme, rakó, pirá apekókatûabo","Akûeîme, rakó, pirá asekyîmarangatu"
Que mal eu agi outrora,Akûere'õ xe rekóû rimba'e re'ĩ,Akûere'õ xe rekóû rimba'e re'ĩ,Akûere'õ xe rekóû rimba'e re'ĩ
enxuto,aku'i; kang (v kanga); aku'ixa'i1; ka'ê,îepe'amobokaba,aku'i; kang (v kanga); aku'ixa'i1; ka'ê
calvo,akuia,akangaó,akuia
Queimo campinas,Akusumondyk,Asapy kagûar,Akusumondyk
cotla,akuti,(intr): puk; (tr): mobok,akuti
molhado,akym/a,ty2; tyku,akym/a
úmido,"akymaíb/a; y (r, t); yby'y (r, s) unha",ty2; tyku,"akymaíb/a; y (r, t); yby'y (r, s) unha"
aborto,akyrara,a'ubor,akyrara
curto,akyta'i; apíla'i,asangĩ,akyta'i; apíla'i
cercar,aman,monhopa'ümondoar; moioparab; mopa'ü,aman
envolver,aman; uban; pokek,iekosub,aman; uban; pokek
chuva,amana,amana,amana
convocar (para guerra ou reunião),amanaié copular (ª ter relações sexuais),îeporakasaba,amanaié copular (a ter relações sexuais)
circular,amandab,aparok,amandab
círculo,amandaba,kíiarasy,amandaba
"Morro eu próprio (isto é, sem que me matem)",Amanõ teé,Ixé aé emimotá,Amanõ teé
"Morro falsamente, isto é, desmaio, desfaleço",Amanõaíb,Amanõaíb,Amanõaíb
Desfaleço de fome,Amanõaíb ambyasy suí,Asapy,Amanõaíb ambyasy suí
Padeci acidentes,Amanõmanõ,Aîepysó gûitupa,Amanõmanõ
Morro subitamente,Amanõmemûã,Amanõmemûã,Amanõmemûã
tempestade,amanusu (v amana),amanusu (v amana),amanusu (v amana)
granizo,amanybá,amandaba,amanybá
Eis que o tempo está para chuva,Amãpytuna ã,Ko'yté amana,Amãpytuna ã
"tempo, lugar, modo, etc de estar em pé",ambaba,ambaba,ambaba
Vendi coisas,Amba'ema'e'ĩ,Amba'e'u,Amba'ema'e'ĩ
Como sem ti,Amba'e'u nde suí,nde remimotara,Amba'e'u nde suí
esperar,ambé (só se emprega na 21 p s do imper: eambé!,(fal de fruto): 'ara mokanhema; 'ara mokanhema,ambé (só se emprega na 21 p s do imper: eambé!
bolsa do abdômen (dos marsupiais),ambéaîó,i mara'ara,ambéaîó
Levo carga,Ambosyî,Aîeakasó,Ambosyî
"Fiquei carregado com ele (isto é, carregueio, leveio às costas)",Ambosyî ahẽ resé,Aîmokõî,Ambosyî ahẽ resé
centopeia,ambu'a,aka,ambu'a
faminto,ambyasy,ambyasy,ambyasy
sofrendo a fome e a sede,"ambyasy, 'useîa porarábo","I ambyasy, i 'useî","ambyasy, 'useîa porarábo"
"Fome, sede, cansaço, quaisquer coisas sofrendo por nós","Ambyasy, 'useîa, kane'õ, mba'e tetiruã porarábo îandé resé","Ambyasy, 'useîa, kane'õ, mba'e tetiruã porarábo îandé resé","Ambyasy, 'useîa, kane'õ, mba'e tetiruã porarábo îandé resé"
fome,ambyasy; mafiaré,ambyasy,ambyasy; mafiaré
Dar de comer aos famintos,Ambyasybora poîa,I 'apira katupe i me'engi,Ambyasybora poîa
Alimentar os famintos,Ambyasybora poîa,I ambyasyba'e oîmoapyryîébo,Ambyasybora poîa
Futuros defuntos somos todos nós,Ambyrama pabẽ îandé,Îandé rekobé omanõba'epûera pabẽ,Ambyrama pabẽ îandé
em abrigo,ãme,tesaetá,ãme
habitualmente (= de costume),ame hálito,py'i; py'i,ame hálito
Acovardome,Amembek,Aî'asu'u,Amembek
Espremi mandioca,Amiamĩ,Aîmongy,Amiamĩ
Ralo mandioca,Amie'ẽ,Aîpepó'ok,Amie'ẽ
Assei,Amixyr,Amixyr,Amixyr
além,amõ,amõ,amõ
algum,amõ,amõ,amõ
vários (as),amõ,ka'apílanama,amõ
Não estão casados os que não se casam diante de duas outras pessoas também,Amõ abá abé mokõî robaké omendare'ymba'e n'omendari,Nd'e'i omendaryba'e abá mokõî robaké o nhemomotar'yre'yma,Amõ abá abé mokõî robaké omendare'ymba'e n'omendari
alguém (h),amõ ahẽ,pora,amõ ahẽ
Alguns ficavam batendo no peito,Amõ amõ o poti'a resé opûápûá,Amõ amõ o poti'a resé opûápûá,Amõ amõ o poti'a resé opûápûá
alguns santos,amõ amõ santos,amõngatu marãtekoarfiere'yma,amõ amõ santos
Algum diabão espião sempre me ameaça,Amõ anhangusumanhana îepimemẽ xe momboî,Amõ anhangusumanhana îepimemẽ xe moabaîté,Amõ anhangusumanhana îepimemẽ xe momboî
Uma púrpura colocando nele,Amõ aopyranga mondepa sesé,Amõ aîpoba'e mondepa sesé,Amõ aopyranga mondepa sesé
Uma roupa vermelha colocando nele,Amõ aópyranga mondepa sesé,Amõ aópyranga mondepa,Amõ aópyranga mondepa sesé
"Certo judeu velho mostrou o lugar em que ela foi enterrada, fazendonos alcançála","Amõ îudeu tuîba'e i tymagûera kuabe'engi, sesé îandé moîekosupa","Amõ îudeutuîba'e o tymagûera îandébe kuabe'engi, îandébe t'orerasó","Amõ îudeu tuîba'e i tymagûera kuabe'engi, sesé îandé moîekosupa"
Um certo judeu velho mostrou o lugar em que ela fora enterrada,Amõ îudeutuîba'e i tymagûera kuabe'engi,Amõ îudeutuîba'e i tymagûera kuabe'engi,Amõ îudeutuîba'e i tymagûera kuabe'engi
Concluí que ele está querendo matar alguém,Amõ îukápotá ûĩ sekóû a'é,Aîandubi amõ îukápotá ûĩ,Amõ îukápotá ûĩ sekóû a'é
certo homem branco nobre,amõ karaíba mosakara,amõ karaíba,amõ karaíba mosakara
Diferenciandoa das outras mulheres,Amõ kunhã suí i moingoébo,Amõ kunhã suí i moingotebẽmo,Amõ kunhã suí i moingoébo
"No caso de morrer algum, o que fica não pode casarse com algum irmão ou irmã de seu cônjuge falecido","Amõ re'õneme, opytaba'e nd'e'ikatuî omendá o mendasabambyra asykûera amõ resé","Amõ re'õneme, o mendasabambyra rembirekó abá re'õû, nd'e'ikatuî omendá o mendasabambyra amõ resé","Amõ re'õneme, opytaba'e nd'e'ikatuî omendá o mendasabambyra asykûera amõ resé"
Com algumas coisas que são saborosas,Amõ seba'e irũmo nhẽ,Abá 'anga endysyrykypyramo,Amõ seba'e irũmo nhẽ
"de acolá, dali",amõ suí,eboûinga suí,ûĩ suí
outras aldeias frequentando,amõ taba rapekóbo,amõ taba rupi,amõ taba rapekóbo
Mostrandolhe uma certa árvore que estava no meio do seu jardim,Amõ 'yba gûemityma pyterype o'amba'e kuabe'enga,Amõ îuká ybyrabagûera amõ resé i xupé,Amõ 'yba gûemityma pyterype o'amba'e kuabe'enga
Mostrandolhe certa árvore que estava no meio do seu jardim,Amõ 'yba gûemityma pyterype o'amba'e kuabe'enga,Amõ sy'yba amõ sesé i kûáîba'e kuabe'enga,Amõ 'yba gûemityma pyterype o'amba'e kuabe'enga
Aqueles outros grandes chefes em ti confiam,Amõaé tubixákatu nde resé oîerobîá,Amõaé tubixákatu nde resé oîerobîá,Amõaé tubixákatu nde resé oîerobîá
"outro (s, a, as)",amõaé; amõ,amõaé; amõ,amõaé; amõ
poucas vezes,amõamõme é,amõamõme é,amõamõme é
Filo meu senhor,Amombiaryîar,"Xe îar, xe ryaî",Amombiaryîar
"algumas poucas vezes, algumas vezes, somente",amõme é,amõme é,amõme é
algumas e poucas vezes,amõme nhõ,amõme é,amõme nhõ
Sou traidora de meu marido,Amondarõ xe mena suí,Aîepubuîereb xe mena suí,Amondarõ xe mena suí
poucas vezes,amõneme é,amõamõme é,amõamõme é
raramente,amõneme nhõ,n'îaîkuabi,amõneme nhõ
"de uma só parte, de um só lado",amongoty nhõ,amongoty nhõ,amongoty nhõ
emplumar,amongy (s),moyku,amongy (s)
bigode,amotaba,akuia,amotaba
amar,amotar,amotar,amotar
prezar,amotar,me'eng,amotar
odiar,amotare'ym; erofl'õ,asaûsu,amotare'ym; erofl'õ
ódio,amotare'yma,kuakub,amotare'yma
"o que quer mal, o que detesta",amotare'ymbara,"Marãmotara, anhangaíba",amotare'ymbara
inimigo,"amotare'ymbara; tupiara; (inimigo de uma nação indígena, pertencente a grupo diferente, considerado hostil): tobaiara1; (ini migo pessoal): sumarã",gftarini; kyre'ymbaba,"amotare'ymbara; tupiara; (inimigo de uma nação indígena, pertencente a grupo diferente, considerado hostil): tobaiara1; (ini migo pessoal): sumarã"
Não hei de deitar a perder a meu pai,Amote'e umẽpe xe ruba ká,N'aîme'engîaî xó xe ruba îekyîa,Amote'e umẽpe xe ruba ká
emparelhado,amYi,amYi,amYi
"casas do lado, vizinhança",amỹîoka,amỹîoka,amỹîoka
vizinhança,amyioka; amundaba,anama,amyioka; amundaba
broto,amykyra,kambu,amykyra
"roupa de algodão grossa (isto é, malha para a defesa na guerra)",amyniîuaópoanama,aobapé,amyniîuaópoanama
algodão,amynyiu,avati'yba,amynyiu
pano de algodão,amynyîuaoba,aoboby,amynyîuaoba
malha de algodão grossa para a defesa na guerra,amynyîuaópoanama,marana tĩmbeba,amynyîuaópoanama
algodoal,amynyîutyba,potaba (m),amynyîutyba
"pé de algodão, algodoeiro",amynyîu'yba,"agûera, nha'ẽ, gûyrá",amynyîu'yba
denso,anam (v anama),ipó,anam (v anama)
nação,anama,américanerekó,anama
povo,anama,anama,anama
família,anama; ta'yra,anama; ta'yra,anama; ta'yra
raça,anama; ta'ysé,ieapyká; nhemonhangaba gerar,anama; ta'ysé
Furo orelhas,Anambikutuk,Aî'apurupã,Anambikutuk
perceber,andub,Aîkuabe'ube'u,andub
sentir,andub,andub,andub
morcego,andyrá,aka,andyrá
"Será que é um morcego, uma borboleta ou uma cuíca?","Andyrá ruãpe é, panama koîpó gûaîkuíka?","Andyrá ruãpe é, mboîa koîpó mboîa?","Andyrá ruãpe é, panama koîpó gûaîkuíka?"
Será que é um morcego?,Andyrá ruãpe é?,Andyrá ruãpe é?,Andyrá ruãpe é?
tipo de corte de cabelo dos índios (etim  cabelo de morcego),andyrá'aba,abá akangaóîaba,andyrá'aba
morcegão voador,andyragûasubebé,fiîubora,andyragûasubebé
Isto pela primeira vez,Ang é,Kó iîypy,Ang é
Isto de novo!,Ang é!,Irõ bé!,Ang é!
abrigo,anga,tesaetá,anga
alma,anga,anhanga suí,anga
eco,anga,nhe'enga,anga
sombra,anga,anga,anga
absolutamente,angá ,nhe,angá 
"Como a esses, mato os que costumam pecar","Anga îá, angaîpabora aîuká",A'erame'ĩ angaîpabora aîuká,"Anga îá, angaîpabora aîuká"
"Como a esses, matarei os que costumam pecar","Anga îá, angaîpabora aîuká",A'ereme bé amõ i angaîpaba'e aporomoaîuká,"Anga îá, angaîpabora aîuká"
"Como a esses, matarei os que costumam pecar, fazendoos cair comigo em meu fogo","Anga îá, angaîpabora aîuká, xe ratápe sero'ane","A'e ramõ angaîpaba ri xe reîtyka, tatápe sero'ane","Anga îá, angaîpabora aîuká, xe ratápe sero'ane"
"Isso Nosso Senhor impede, repelindoo das pessoas","Anga Îandé Îara oîmoabaíb, morosuí i mondóbo",Aîpó Tupã erimba'e oîmoabaíb opabĩ abá supé,"Anga Îandé Îara oîmoabaíb, morosuí i mondóbo"
Como estas são vossas casas?,Anga îápe pe roka?,Anga îápe pe roka? Oîkoékatu,Anga îápe pe roka?
Como estas são vossas casas? Diferem muito,Anga îápe pe roka? Oîkoékatu,Anga îápe pe roka? Oîkoékatu,Anga îápe pe roka? Oîkoékatu
ameaça,angagfiaba,kyrirí,angagfiaba
magro,angaibar/a,îepe'amobokaba,angaibar/a
"algum tanto, um pouquinho",angaîbĩ'ĩ nhote,mokonhõmbyryb,angaîbĩ'ĩ nhote
doido (s),angaingaíba,ara'a,angaingaíba
louco,angaingaíba,I ku'a,angaingaíba
"desatinado, sem juízo, enlouquecido, maníaco",angaingaibora,i apytagûaba,angaingaibora
maldade (lit  qualidade da alma ruim),angaipaba,mba'e,angaipaba
Surpreendi os pecadores,Angaîpaba aîpokosu,Aîkó angaîpaba apoagûera supa,Angaîpaba aîpokosu
"Ah, que velhaco!",Angaîpaba maniîabo mã!,Mba'eembûera!,Angaîpaba maniîabo mã!
Os maus padecem açoites,Angaîpaba oîporará îonupã,Angaîpaba oîporará,Angaîpaba oîporará îonupã
pecador,angaipabora,angaipabora,angaipabora
"Portanto, ando hoje com o provincial",Angari abaregûasu arogûatá,Emonãnamo kori aîkóne taûîé xe anama pabẽ,Angari abaregûasu arogûatá
"Por isso, ando com o provincial hoje",Angari abaregûasu kori arogûatá,"Angari, kori, asó xe membykara ndi",Angari abaregûasu kori arogûatá
bondoso,angaturam,mooryb,angaturam
tristeza,angekoaíba; aruru; tekotebe troco (= o que se dá em troca),angekoam,angekoaíba; aruru; tekotebe troco (= o que se dá em troca)
aflito,angekoam,angekoam,angekoam
maravilhar,angerasó,i aysó,angerasó
cuidar,angerekó; nhemosainan,tesaetá,angerekó; nhemosainan
"Doravante, não estejais aflitos","Angiré, pe poreaûsub umẽ","Angiré, pe poreaûsub umẽ","Angiré, pe poreaûsub umẽ"
doravante,angiré; ko'yré,angiré; ko'yré,angiré; ko'yré
a alma depois que sai do corpo,angûera,xe 'anga o eterama suí o 'angûera reîtyka bé,angûera
tempo de rogar a Deus pelas almas,angûera resé Tupã mongetasagûama,'ara asé 'anga resé Tupã mongetasagûama pupé,angûera resé Tupã mongetasagûama
"Depois disto, guardate de ser mau",Angyba'e roîré teumẽ nde poxyramo,Angyba'e roîré teumẽ nde rekopoxy,Angyba'e roîré teumẽ nde poxyramo
Mordoa (com as gengivas),Anhagûãî,Aîkytyngok,Anhagûãî
Ficoo mastigando (sem dentes),Anhagûãnhagûãî,Aîepysó,Anhagûãnhagûãî
Rodeeio,Anhaman,Aîrodé,Anhaman
Espremi o sumo dela,Anhamĩ  Espremio Atyamĩ,Aîepysó gûitupa,Anhamĩ Espremio Atyamĩ
"Ah, se tivesse percebido isso outrora!",Anhandu beémo erimba'e angûama mã!,"Erĩ, a'e repîaka'upa mã!",Anhandu beémo erimba'e angûama mã!
"Ah, se eu tivesse percebido outrora isso, praticando o que dizíeis!","Anhandu beémo erimba'e angûama mã, pe 'erama purûabo!","Anhomim temõ erimba'e, aîpó nde 'îaba purûabo mã!","Anhandu beémo erimba'e angûama mã, pe 'erama purûabo!"
Sinto que tu queres ir para o fogo do diabo,Anhandub Anhanga ratápe nde sópotara,Aîandupe nhẽ nde sóû ybype,Anhandub Anhanga ratápe nde sópotara
O diabo nos capturou,Anhanga îandé pysyki,Anhanga îandé moaîu,Anhanga îandé pysyki
Invocando o Anhanga ou a morte ou o Jurupari,Anhanga koîpó te'õ koîpó Îurupari rekyîa,Anhanga koîpó te'õ koîpó Îurupari renõîa,Anhanga koîpó te'õ koîpó Îurupari rekyîa
perseguidora do diabo,Anhanga momosembara,Anhanga rakypûemondóbo,Anhanga momosembara
Como modo de espantar o diabo,Anhanga mondyîtabamo,Anhanga mosykyîaba,Anhanga mondyîtabamo
Para afugentar o diabo,Anhanga monhegûasemagûama resé,Anhanga mondyîa,Anhanga monhegûasemagûama resé
É um modo de assustar o diabo,Anhanga mosykyîaba,Anhanga mondyîtabamo kó,Anhanga mosykyîaba
O diabo te agasta,Anhanga nde moabaîté,T'aî'atype'a anhanga,Anhanga nde moabaîté
"O diabo te agasta, de ti tendo medo","Anhanga nde moabaîté, nde suí osykyîébo","Anhanga nde moŷrõ, nde suí osykyîébo","Anhanga nde moabaîté, nde suí osykyîébo"
O diabo te detesta,Anhanga nde momburu,Anhanga nde momburu,Anhanga nde momburu
A causa de fuga do diabo é a água benta,Anhanga nhegûasembaba 'ykaraíba,Anhanga mondyîtara 'ykaraíba,Anhanga nhegûasembaba 'ykaraíba
Não querendo que o diabo esteja como seu senhor,Anhanga o îaramo sekó potare'yma,N'oîpotari anhanga o îaramo,Anhanga o îaramo sekó potare'yma
Irritandose com o diabo,Anhanga pé oîemoŷrõmo ,Anhanga monhegûaîa,Anhanga pé oîemoŷrõmo 
afastando o diabo,anhanga pe'abo,anhanga mondyîa,anhanga pe'abo
"Afastando o diabo, assim como a morte","Anhanga pe'abo, te'õ resebé","Anhanga pe'abo, te'õ abé","Anhanga pe'abo, te'õ resebé"
Sob as mãos do diabo está,Anhanga pó gûyrybo nhẽ sekóû,Anhanga pó gûyrybo nhẽ sekóû,Anhanga pó gûyrybo nhẽ sekóû
"Junto do diabo lançandoos, com o qual queimará para sempre",Anhanga pyri seîtyka aûîeramanhẽ i kaîagûama,"Anhanga pé oîmoîa'ok, aûîeramanhẽ i mokanhema",Anhanga pyri seîtyka aûîeramanhẽ i kaîagûama
inferno,anhanga ratá,(intr): nhemoiar; (tr): mondyiar; po mong (xe),anhanga ratá
Como o fogo do diabo o fogo dele é penoso?,Anhanga ratá îabépe satá rasyramo?,Marãpe Anhanga ratá ratá raûsubane?,Anhanga ratá îabépe satá rasyramo?
inimiga do diabo,Anhanga sumarã,Anhanga pé onhemongaraibypyre'yma,Anhanga sumarã
Para Deus nos encorajar contra o diabo,Anhanga supé Tupã asé mopyatãgûama resé,Anhanga supé Tupã asé mopyatãgûera,Anhanga supé Tupã asé mopyatãgûama resé
Que afastemos o diabo agora e para sempre,Anhanga t'îaîpe'a ko'yr aûîeramanhẽ,Anhanga t'îaîpe'a ko'yr aûîeramanhẽ,Anhanga t'îaîpe'a ko'yr aûîeramanhẽ
Que afastemos o diabo agora e para sempre,Anhanga t'îaîpe'a ko'yr aûîeramanhẽ,Anhanga t'îaîpe'a ko'yr aûîeramanhẽ,Anhanga t'îaîpe'a ko'yr aûîeramanhẽ
O diabo me importuna,Anhanga xe moaîu,Aîeréîereb,Anhanga xe moaîu
diabo,anhanga; iurupari,Aîmonhang serãserã,anhanga; iurupari
demônio,anhanga; iurupari; tagílafüa demoradamente,anhanga; iurupari; tagílafüa demoradamente,anhanga; iurupari; tagílafüa demoradamente
diabo mau,anhangaíba,Aîmonhang serãserã,anhangaíba
"diabo mau, assassino","anhangaíba, morapitîara",anhangaíba,"anhangaíba, morapitîara"
Mandouos como diabos para fazer o fogo que não se apagará,Anhangamo nhẽ i mondóû tatá ogûeba'erame'yma monhanga,Anhangamo i mondóû tatápe okaîe'yma rakypûera,Anhangamo nhẽ i mondóû tatá ogûeba'erame'yma monhanga
"Embora me interessasse, junto àquelas não cheguei","Anhangerekó îepé, aîpó supé n'abasemi","N'abasẽî xûétemo, n'abasẽî","Anhangerekó îepé, aîpó supé n'abasemi"
"Embora me interessasse por elas, junto àquelas não cheguei","Anhangerekó îepé, aîpó supé n'abasemi","Anhangerekó îepé, n'abasemi","Anhangerekó îepé, aîpó supé n'abasemi"
"Coloquei uma ponte, fiz uma ponte",Anharybobõrung,Anharybobõrung,Anharybobõrung
"Fico girando em círculos, fico rodeando (como o que se perdeu ou que busca alguma coisa)",Anhatimãtimanĩ,Anhatimãtimanĩ,Anhatimãtimanĩ
Toqueio,Anhatõî,Aîeapyká,Anhatõî
apressadamente,anhe,anhe,anhe
apressado,anhe,anhe,anhe
"Eis que, na verdade, esse ato é o que tem o dom de nos fazer fracassar",Anhẽ ã aîpó tekó îandé mopanemyîara,Anheté kó tekó îandé mopytubara rerekó,Anhẽ ã aîpó tekó îandé mopanemyîara
certamente! sem dúvida! assim é! tem razão! é verdade! (certificando o que outra pessoa disse),anhẽ rakó!,anheté!,anhẽ rakó!
"realmente (= de verdade, na verdade)",anhe rebentar,anhe rebentar,anhe rebentar
"mas, de verdade",anhẽ ruãp'anhẽ,nhe,anhẽ ruãp'anhẽ
Certamente vemos sempre as marcas de seus pés,Anhẽ serã îasepîak îepi i pypora,Anhẽ serã îasepîak îepi i xupé,Anhẽ serã îasepîak îepi i pypora
Oxalá fosse verdade!,"Anhẽ temõ turi mã  Oxalá ele viesse, de fato Anheté temõ!",Ikatupe é,"Anhẽ temõ turi mã Oxalá ele viesse, de fato Anheté temõ!"
É verdade isso!,Anhẽ ûĩ!,Anhẽ ûĩé!,Anhẽ ûĩ!
"Na verdade, não são conhecedores das coisas","Anhẽ, n'i tekokuabi","Anhẽ, n'i tekokuabi","Anhẽ, n'i tekokuabi"
Enrugueime,Anheãî,Aîero'ar,Anheãî
Vireime a cabeça para um e outro lado (dizendo que não queria),Anheakãmobabak,Aî'ar kó xe akanga kûeîbo,Anheakãmobabak
"Vejo meu reflexo (pex, no espelho)",Anhe'angepîak,Anhe'angepîak,Anhe'angepîak
Dei uma cambalhota,Anheatĩapyr,Aîepysó gûitupa,Anheatĩapyr
Falo irritadamente,Anhe'ẽîeaseî,Anhe'ẽîeaseî,Anhe'ẽîeaseî
Falei duramente,Anhe'engatã,Aîepysó gûitupa,Anhe'engatã
Encaixoteime as coisas,Anhemba'enhang,Aîmoangaîbar,Anhemba'enhang
Fizme homem,Anhemoabá,Abá ixé,Xe abagûasu
Daneime,Anhemoaíb,ka'a,Anhemoaíb
Apresseime muito,Anhemoaîukatu,Aîmoatã,Anhemoaîukatu
Fiqueime apressando em ter sauiás,Anhemoanhẽanhẽ saûîá rerurerupa,Aîpimondok,Anhemoanhẽanhẽ saûîá rerurerupa
Esforçome muito,Anhemoatãngatu,Anhemoatãngatu,Anhemoatãngatu
Incheime muito as bochechas,Anhemoatypygûasu,Aîmopókatupyrang,Anhemoatypygûasu
"Envaideçome sem motivo (isto é, de coisas más)",Anhemoetéa'ub,"Ixé aé ipó asendûabo, n'asóangáî!",Anhemoetéa'ub
Entristecime,Anhemoingotebẽ,Aîerekoaibor,Anhemoingotebẽ
"Fizme mulher (isto é, sou uma mulher feita)",Anhemokunhã,Aîkó,Anhemokunhã
Faço lisonjas ao homem,Anhemokunu'unu'uma'ub abá resé,Aporoamotare'yma,Anhemokunu'unu'uma'ub abá resé
Estoume agachando (parado),Anhemombeb gûitena,Aîeapyká,Anhemombeb gûitena
Estoume agachando (em movimento),Anhemombémombeb gûitekóbo,Aîopyîeaseî,Anhemombémombeb gûitekóbo
"Confesso a ti, senhor padre","Anhemombe'u ndebe, pa'i abaré","Anhemombe'u ndebe, pa'i abaré","Anhemombe'u ndebe, pa'i abaré"
"Confessome a ti, senhor padre, por causa do meu pecar muitas vezes","Anhemombe'u ndebe, pa'i abaré setá nhẽ xe angaîpagûera resé","Anhemombe'u ndebe, pa'i abaré, xe angaîpákatuagûera resé","Anhemombe'u ndebe, pa'i abaré setá nhẽ xe angaîpagûera resé"
Fico a espojarme,Anhemondubyndubyr,Aîepysó gûitupa,Aîeréîereb
Enfeiteime,Anhemongatyrõ,Aîe'atyb,Anhemongatyrõ
Nasci,Anhemonhang,Anhemonhang,Anhemonhang
Convertime num pássaro,Anhemonhang a'eramo  Convertime naquilo Anhemonhang gûyráramo,Aîgûyrá,Anhemonhang a'eramo Convertime naquilo Anhemonhang gûyráramo
Fico fazendo mimos,Anhemopoîápoîaî,Aîkó xe remi'u,Anhemopoîápoîaî
Provejome das minhas coisas,Anhemosaînan xe mba'erama resé,Aîmoapererákatu,Anhemosaînan xe mba'erama resé
Fiz preparativos para receber o inimigo,Anhemosako'i tobaîara resé,Aîemonhang ipó xe repenhana,Anhemosako'i tobaîara resé
Brinco,Anhemosaraî,Aîpyeî,Anhemosaraî
Estoume recolhendo,Anhenong gûitupa,Aîyb,Anhenong gûitupa
"Hei de me corrigir, enfim",Anhenonhẽpe ko'yté ká,Aîkókatupe ká,Anhenonhẽpe ko'yté ká
Pusme as trouxas no panacu,Anhepanakũnhang,Aîmoîa'ok muggûá,Anhepanakũnhang
"mas, de verdade",anhẽp'anhẽ,nhe,anhẽ ruãp'anhẽ
É verdade isso?,Anhẽpe ûĩé?,Anhẽpe ûĩé?,Anhẽpe ûĩé?
Resistilhe (defendendome),Anheran i xupé,Aronheangu,Anheran i xupé
Resistilhe (atacandoo),Anheran sesé,Aîpokirik,Anheran sesé
Fiz oferenda para o pajé,Anhetanong paîé resé,Anhetanong xe rapixara resé,Anhetanong paîé resé
Digo a verdade,Anheté a'é,Anhẽ rakó,Anheté a'é
"Verdadeiramente, eis aqui teu caminho, aquele que tu procuras",Anheté kó nde rapé a'e nde remiekara,Kó nhõ nde rapé a'e nde remiekara,Anheté kó nde rapé a'e nde remiekara
"Na verdade, vermeeis estar sentado futuramente do lado direito de Deus Pai",Anheté pesepîak irã Tupã Tuba 'ekatuaba koty xe gûapyka xe renane,Anheté pesepîak irã Tupã pyri peîkóbone,Anheté pesepîak irã Tupã Tuba 'ekatuaba koty xe gûapyka xe renane
"Na verdade, vermeeis futuramente estar sentado ao lado direito de DeusPai",Anheté pesepîak irã Tupã Tuba 'ekatuaba koty xe gûapyka xe renane,Anheté pesepîak irã Tupã 'ekatuaba koty xe gûapyka xe renane,Anheté pesepîak irã Tupã Tuba 'ekatuaba koty xe gûapyka xe renane
"Na verdade, vermeás futuramente estar sentado ao lado da mão direita de DeusPai",Anheté pesepîak irã Tupã tuba 'ekatûaba koty xe gûapyka xe renane,Anheté pesepîak irã Tupã 'ekatuaba koty xe gûapyka xe renane,Anheté pesepîak irã Tupã tuba 'ekatûaba koty xe gûapyka xe renane
"Verdadeiramente, eis aqui teu caminho Não quero que tu te percas","Anheté, kó nde rapé Nd'aîpotari nde ropara","Anheté, kó nde rapé Nd'aîpotari nde kanhemi","Anheté, kó nde rapé Nd'aîpotari nde ropara"
"Verdadeiramente, eis aqui teu caminho, o que tu procuras","Anheté, kó nde rapé, a'e nde remiekara",Anheté kó nde rapé a'e nde remiekara,"Anheté, kó nde rapé, a'e nde remiekara"
"Eis que era famosa, certamente, a bela vida de Maria","Anhẽté, kó serapûan Maria rekóporanga",Maria rekóporanga kuabe'enga,"Anhẽté, kó serapûan Maria rekóporanga"
só (adj ou adv),anhõ; (adv): nhõ,anhõ; (adv): nhõ,anhõ; (adv): nhõ
somente,anhõ; nhõte,anhõ; nhõte,anhõ; nhõte
Enfeixeios,Anhoman,Aîapyrasab,Anhoman
"Ah, quem me dera esconder alguma coisa do fulano!",Anhomim temõ ahẽ mba'e amõ mã!,A'u temõ ahẽ mba'e amõ sesé mã!,Anhomim temõ ahẽ mba'e amõ mã!
"Ah, oxalá esconda eu as boas coisas dele",Anhomim temõ i mba'ekatu mã!,A'u temõ i mba'ekatu mã!,Anhomim temõ i mba'ekatu mã!
Sujeio de visgo,Anhomong,anhanga ratá,Anhomong
Cuspio,Anhomun,Asem,Anhomun
Modereios,Anhonen,Aîmoangaîbar,Anhonen
Reconcilieios um com o outro,Anhonongatu o îoupé,Îoapixûar,Anhonongatu o îoupé
Apareio,Anhopan,Aîopy,Asembe'ykytĩ
Tranceio,Anhopẽ,Aîapapûar,Anhopẽ
Entorneio,Anhosen,Abá rekó,Anhosen
gargalo fino (como da cabaça),anhurĩ,teikftarugiiy,anhurĩ
"estreitado em forma de pescoço, isto é, com estreitamento entre duas partes bojudas",anhurĩ,Iî aîuri serekóbo,anhurĩ
Enrugueime,Anhynhyng,Aîero'ar,Anheãî
Retireia,Ano'ẽ,ar,Ano'ẽ
"Fálosei correr comigo, fálosei voar comigo","Anonhan, arobebéne","Aîkó sesé gûixóbo, sesé gûixóbo","Anonhan, arobebéne"
Descarreguei as coisas da canoa,Anosem mba'e ygara suí,Anosem mba'e ygara suí,Anosem mba'e ygara suí
Vivo retirandoas [quando são muitas coisas],Anosẽsem,Aîkó ahẽ remimotara rupi,Anosẽsem
Envergonhome de minha feiúra,Anotĩ xe aíba,Aîerobîá xe taîa,Anotĩ xe aíba
injuriar,a'o; erekoaiõ,nhe'engasy,a'o; erekoaiõ
roupa,aoba,moaob; mondeb,aoba
botão da roupa,aoba potãîa,aoba,aoba potãîa
"roupa verde, pano verde",aoboby,aopyranga,aoboby
despir,aobok,nhã; anhã2,aobok
Envolvendo seu rosto com véus,Aobybĩ pupé sobá ubana,Aîobasab,Aobybĩ pupé sobá ubana
Envolvendo com véus seu rosto,Aobybĩ pupé sobá ubana,I py'apûera momby'a,Aobybĩ pupé sobá ubana
pronto,"aOié; ekoafilé (r, s)","é (r, s)","aOié; ekoafilé (r, s)"
Semelhante a uma roupa de querejuá que brilha mais que o sol,Aókereîûá kûarasy sosé oberaba'e nungara,kûarasy beraba robur,Aókereîûá kûarasy sosé oberaba'e nungara
Semelhante a uma roupa de querejuá que brilha mais que o sol,Aókereîûá kûarasy sosé oberaba'e nungara,kûarasy beraba robur,Aókereîûá kûarasy sosé oberaba'e nungara
"o que escurece roupas, o tintureiro",aómoundara,aoba moîoamotare'ymbara,aómoundara
"pedaço de roupa, retalho de pano",aopesembûera,aoba,aopesembûera
lavadeira ou lavador de roupas,aopotukasara,aoba potãîa,aopotukasara
Vinha com púrpura e espinhos,Aopyranga îu abé ogûerur,"Inimbó'i, iî apira reru",Aopyranga îu abé ogûerur
Roupa branca mandando colocar nele como meio de maltratálo,Aótinga mondebuká sesé serekomemûãsabamo,Aótinga mondebuká sesé serekomemûãsabamo,Aótinga mondebuká sesé serekomemûãsabamo
Roupa branca põe na gente,Aótinga onong asé resé,Aótinga pupé asé momorangi,Aótinga onong asé resé
"Num pano branco, por nossa causa, a imagem de seu rosto tomou",Aótinga pupé asé resé sobá ra'anga rari,Aótinga pupé asé robá ra'angaba rerasóbo,Aótinga pupé asé resé sobá ra'anga rari
Em roupas brancas envolveramno,Aótinga pupé i nhubani,Aótinga pupé i nhubani,Aótinga pupé i nhubani
rachadura,apaba (v 'ab); boka,koty,apaba (v 'ab); boka
encaroçado,apaiugiiá; apatynã,apar,apaiugiiá; apatynã
Estou acordando,Apak gûitupa,Kotype aîub,Apak gûitupa
Levanteime dormindo,Apakaíb,Akesapy'am,Apakaíb
curvar,apar,kokaba,apar
encurvar,apar,mbo'ir; moia'ok,apar
encurvado,apar (v apara),moatyr,apar (v apara)
torto,apar/a; bang/a; apen/a,apPk ,apar/a; bang/a; apen/a
tortuosidade,apara; banga; apena tosar,moaiu,apara; banga; apena tosar
endireitar,aparok,mopungá,aparok
machucar,apatuká; patuká # machucar a ca beça de: 'apirungá,moaiu,apatuká; patuká # machucar a ca beça de: 'apirungá
casca,apé,(variedades): aty; gílakagílasu etc galho,apé
superfície,apé,Asa'ubar,apé
concha,apé; itã,(variedades): karapuku; urupé etc coisa,apé; itã
"rechonchudão, baixo e largo de corpo",apebusu,i ku'aîuba,apebusu
sapecar,apek (s),andub,apek (s)
frequentar (= visitar frequentemente),apekó (s),ro'y,apekó (s)
língua,apekü; (= idioma): nhe'enga linha,nhe'enga,apekü; (= idioma): nhe'enga linha
raso,apererá; peb/a; aiereb/a,ybyku'i,apererá; peb/a; aiereb/a
pau do casco (da canoa),apé'yba,ygara rogue,apé'yba
ligeiro,apftanja,mbegüé,apftanja
apedrejar,api,mombor,api
"na ponta da rede, no punho da rede",api anhãî,mundépe,api anhãî
Desvieime,Apîá,Aîorab,Apîá
obedecer,apiar (s),andub,apiar (s)
caspa (da cabeça),apiku'i,akanga,apiku'i
pelado,apin/a,moiatimung,apin/a
tosquiar,apin; akarãi,(intr): puk; (tr): mobok,apin; akarãi
Mandei fazer palma,Apindópûaî,Aîmonhang ipó,Apindópûaî
rapado,apinja,iar,apinja
assassinar,apiti,i îuká; temõ; (homicide): mondyka,apiti
trucidar,apiti,marãtekó,apiti
ferir,apixab; mopereb,moaiu,apixab; mopereb
crespo,apixa'I,(intr): puk; (tr): mobok,apixa'I
ferida da cabeça,apixapaba,akangaó,apixapaba
argola,apjíia,aka,apjíia
Aquele mesmo,Apó é,a'e,Apó é
agudo,Apõá ,korõi,Apõá 
desistir,apor (xe),me'eng,apor (xe)
Perguntei a Pero por seu pai,Aporandub Pero supé tuba resé,Aporandub Pero supé tuba resé,Aporandub Pero supé tuba resé
Resgatei os índios,Aporepŷan apŷaba,Aporepŷan apŷaba,Aporepŷan apŷaba
Salteio,Aporero'ar,Aîapŷuban,Aporero'ar
Barqueei as pessoas,Aporero'yasab,Apore'ym,Aporero'yasab
Dou de beber às pessoas,Apore'ym,Aîy'useî,Apore'ym
discutir,apore'ym (xe),"nhomongetá, íomongetá conversar (com)",apore'ym (xe)
Rejo pessoas,Aporoerekó,Aîme'eng morosuí,Aporoerekó
Fico escarnecendo das pessoas,Aporoîaî  Escarneço das pessoas Aporoîároîaî,Aporoerekó,Aporoîaî Escarneço das pessoas Aporoîároîaî
Mato gente,Aporoîuká,Aporoîuká,Aporoîuká
Delato gente,Aporokuaukar,Aîoparab,Aporokuaukar
Empanturrei as pessoas,Aporomoebykatã,Aîme'eng morosuí,Aporomoebykatã
Defeco,Apoti,aiõ/a; memtiã; poxy,Apoti
chamuscar,apPk ,(intr): puk; (tr): mobok,apPk 
bola,apu'a,tapfiá; apyra,apu'a
Estou tendo polução,Apuapuk,Xe ranhẽ,Apuapuk
encurtar,apuapyk; mombeb; eYnhang2 (s); moapua'i,asangĩ,apuapyk; mombeb; eYnhang2 (s); moapua'i
"Ah, quem me dera bater nele!",Apûar temõ sesé mã!,Aîuká me'ĩ mã!,Apûar temõ sesé mã!
muito longe,apûékatu,apûékatu,kûékûeîpe é
"Estou com muitos furos, estou esburacado",Apupuk,Aka'apîasó,Apupuk
"saco, teia ou teagem dos miolos",aputu'ũaoba,Agûe'en,aputu'ũaoba
miolos de cabeça,aputu'uma,akanga,aputu'uma
abrasar,apy,(intr): puk; (tr): mobok,apy
"na ponta, no punho da rede",apy anhãî,u'umipupa'ũ,apy anhãî
Espalham pelas aldeias homens que pregam às pessoas,Apŷaba abá mombegûara oîmosãî taba rupi,Ahẽ abá nhe'engasara mombegûabo,Apŷaba abá mombegûara oîmosãî taba rupi
Os índios atacarás,Apŷaba eresepenhãne,Apŷaba nhemosyî,Apŷaba eresepenhãne
"O homem que tenta, sem resultado, ter relações sexuais com uma mulher, não pode casarse",Apŷaba kunhã resé o ekó osa'angîepeba'e nd'e'ikatuî omendá,Apŷaba kunhã resé o nhemomotare'yma nd'e'ikatuî omendá,Apŷaba kunhã resé o ekó osa'angîepeba'e nd'e'ikatuî omendá
"O homem que tenta, sem êxito, ter relações sexuais com uma mulher, não pode casar",Apŷaba kunhã resé o ekó osa'angîepéba'e nd'e'ikatuî omendá,Apŷaba kunhã resé o ekó osa'angîepéba'e nd'e'ikatuî omendá,Apŷaba kunhã resé o ekó osa'angîepéba'e nd'e'ikatuî omendá
Os homens que roubam mulheres,Apŷaba kunhã ri i mondaba'e,Apŷaba kunhã ri i mondaba'e,Apŷaba kunhã ri i mondaba'e
empobrecendo os índios,apŷaba mondyabó,apŷaba mondyîaba,apŷaba mondyabó
Por isso mesmo os homens erigemte em dirigente deles,Apŷaba nd'e'i te'e o 'ybamo nde mo'ama,Apŷaba nd'e'i te'e o 'ybamo nde mo'ama,Apŷaba nd'e'i te'e o 'ybamo nde mo'ama
"Amando os homens, nós nos preocupamos com eles",Apŷaba raûsupa nhẽ oré putupá sesé,"Abá raûsupa nhẽ, îandé îerekókatu sesé",Apŷaba raûsupa nhẽ oré putupá sesé
convidando os homens todos,apŷaba sogûabo pá,Opá abá akakapa,apŷaba sogûabo pá
Os homens estão acostumados comigo,Apŷaba xe pokuá,Apŷaba xe pokuá,Apŷaba xe pokuá
"Homens, velhas, mulheres sempre serão minhas presas","Apŷaba, gûaîbĩ, kunhãne, ko'arapukuî xe rembiá","Apŷaba, kunhã, gûaîbĩ xe remiyî îepi","Apŷaba, gûaîbĩ, kunhãne, ko'arapukuî xe rembiá"
característica de homem mau,apŷabaíba rekoaba é,apŷabaíba rekoaba é,apŷabaíba rekoaba é
anjo,apyabebé,karaiõ,apyabebé
comida dos anjos,apŷabebé remi'u,apŷabebé remi'u,apŷabebé remi'u
homem verdadeiro como nós,apŷabeté îandé îabé,apŷabeté îandé îabé,apŷabeté îandé îabé
homem maduro na idade e no juízo,apŷabusu,abátekokuabe'ymusu,apŷabusu
inclinação,apy'ama,kokaba,apy'ama
inclinado,apy'amja,erekomarã,apy'amja
Os homens batizados honram este dia,Apŷáserokypyra kó 'ara oîmoeté,Apŷáserokypyra kó 'ara oîmoeté,Apŷáserokypyra kó 'ara oîmoeté
Eu estou ficando pensativo,Apyk gûitekóbo,Aîopyîopyk,Apyk gûitekóbo
cadeira,apykaba,apykaba,apykaba
banco redondo,apykabapu'a,apykapukuîndûara,apykabapu'a
banco,apykapuku,apykapuku,apykapuku
Peido,Apynõ,akangapé,Apynõ
maltratar,apypyk; erekomemôã,a'ub,apypyk; erekomemôã
cume,apyra,agiieá2,apyra
prestes (a),apyri,(tr): pukui; (intr): ygapukui remédio,apyri
"na ponta, na extremidade",apyri,yapyrakoty,apyri
Moro de paredemeia,Apyri aîkó,Aîkó kupébo,Apyri aîkó
"estrutura de cume, cumieira",apyrytá,ybyku'i,apyrytá
ouvido,apysá,apysakûara,apysá
surdo (s),apysae'yma; apysakarara surpreender (= apanhar de surpresa),apysáygugûá,apysae'yma; apysakarara surpreender (= apanhar de surpresa)
Lanço puçá,Apysáîtyk,Aîkytyk,Apysáîtyk
buraco das orelhas tapados,apysakûáîe'o,apysá,apysakûáîe'o
cera de ouvidos,apysakûarygugûá,apiku'i,apysakûarygugûá
cera dos ouvidos,apysáygugûá,apiku'i,apysáygugûá
bastar,apysyk,o mba'epûeramo,apysyk
farto,apysyk (v apysyka),(de h): memí; tykyr; (de m): tykyr doce,apysyk (v apysyka)
sossegar (intr),"apysyk,la (xe); arybé (xe); pytue (xe); nhemoapysyk; nhemongatu sossego",Aîepyk,"apysyk,la (xe); arybé (xe); pytue (xe); nhemoapysyk; nhemongatu sossego"
Parei,Apytá,Apytá,Apytá
Hospedome com Pedro,Apytá Pero resé,Aîkó Pero irũnamo,Apytá Pero resé
"mingau grosso, massa (que se punha sobre queijo, manjar branco, etc)",apytaîyka,so'o apytaîyka,apytaîyka
centro,apytera,apytera,apytera
"no vértice, no ápice",apyteri,apyri,apyteri
"vão oco de alguma coisa, o vazio do meio de alguma coisa",apyterybỹîa,"Yby rupi nhẽ i kûáî, kamusi pyterype",apyterybỹîa
amarrar,apyti,koty,apyti
cair,ar,ar,ar
embarcar,ar,Aîybab,ar
nascer,ar1,araba (v 'ar1),ar1
ar,ara,amanybá,ara
dia,ara,ara,ara
"No dia de guarda do nascimento dele, acendemos a fogueira chamada ""caminho do salto""",Ara i 'aragûera pîasaba pupé tatá i apyrasabapé 'îaba îaîmondyk,Ara i 'aragûera pupé tatá i apyrasabapé 'îaba îaîmondyk,Ara i 'aragûera pîasaba pupé tatá i apyrasabapé 'îaba îaîmondyk
Ouvindo missa nos dias que devem ser honrados,Ara i momba'etepyra pupé missa rendupa,Ara i momba'eté pupé missa rendupa,Ara i momba'etepyra pupé missa rendupa
Dia de guarda e de jejum,"Ara i pîasaba, îekuakupaba","ara i pîasaba, îepi","Ara i pîasaba, îekuakupaba"
dia de guarda e de jejum,"ara i pîasaba, îekuakupaba",ara i pîasaba îepi,"ara i pîasaba, îekuakupaba"
a cada dia,ara îabi'õ,ara îabi'õ,ara îabi'õ
"cotidianamente, a cada dia",ara îabi'õ,ara rupi,ara îabi'õ
"O dia em que esses fatos se consumaram (lit, tempo da consumação desses fatos) os cristãos não estavam felizes",Ara kó tekó aûîesaba cristãos rorybe'ymamo,Ara kó tekó aûîesaba cristãos rorybe'ymamo,Ara kó tekó aûîesaba cristãos rorybe'ymamo
"Em dois dias e no tempo de se fazer o terceiro, voltou a viver",Ara mokõî i momosapysaba pupé o ekobeîebyri,Ara mokõî i momosapysaba pupé o ekobeîebyri,Ara mokõî i momosapysaba pupé o ekobeîebyri
Logo no terceiro dia voltou a viver,Ara mosapyra riré bé sekobeîebyri,Ara mosapyra riré bé sekobeîebyri,Ara mosapyra riré bé sekobeîebyri
"No mesmo dia em que a comeres, cairá a morte em ti",Ara nde i gûaba pupé bé o'a te'õ nde reséne,"Ara nde i gûaba pupé é, te'õ rerekóûne",Ara nde i gûaba pupé bé o'a te'õ nde reséne
No mesmo dia em que tu a comeres cairá a morte em ti,Ara nde i gûaba pupé bé o'a te'õ nde reséne,Ara nde i gûaba pupé bé o'a te'õ nde suí,Ara nde i gûaba pupé bé o'a te'õ nde reséne
No terceiro dia,Ara nhemomosapyra pupé,Ara nhemomosapyra pupé,Ara nhemomosapyra pupé
"Após acabar o mundo, fará voltar a viver (nossos cadáveres), levandoos para junto de si para sempre",Ara pab'iré i moingobeîebyri o pyri serasóbo aûîeramanhẽne,Aîpó e'ymebé i moingobeîebyri o pyri serasóbo aûîeramanhẽne,Ara pab'iré i moingobeîebyri o pyri serasóbo aûîeramanhẽne
"Após acabar o mundo, fálosá voltar a viver","Ara pab'iré, i moingobeîebyrine","Ara pab'iré, sekobé benhẽ i 'éû","Ara pab'iré, i moingobeîebyrine"
"no fim do mundo (lit, no tempo de acabar o mundo)",ara papápe,ara papápe,ara papápe
"ao longo do dia, todo o dia",ara pukuî,arybo,ara pukuî
Enquanto houver o mundo o homem a bendirá?,Ara rekó pukuîpe abá i mombe'ukatune?,Ara rekó pukuîpe abá oîmoetéûne?,Ara rekó pukuîpe abá i mombe'ukatune?
"pelos dias, a cada dia",ara rupi,ara rupi,ara rupi
conforme o dia,ara rupi,ara rupi,ara rupi
ao longo dos dias,ara rupi,ara rupi,ara rupi
"o que é de cada dia, o que está ao longo dos dias",ara rupindûara,araîabi'õndûara,ara rupindûara
tempo (= as condições atmosféricas),ara tentar,ara tentar,ara tentar
"Quando fustigava o sol a terra, eu vim","Ara yby sokeme, xe ruri","Ara yby sokeme, xe ruri","Ara yby sokeme, xe ruri"
"Ao fustigar o sol a terra, eu vim","Ara yby sokeme, xe ruri","Ara yby sokeme, xe ruri","Ara yby sokeme, xe ruri"
ágil,ara'a,anhe,ara'a
agitado,ara'a,"ekotenhe (r, s)",ara'a
"pessoa garrida, elegante, muito enfeitada com cores alegres e brincos, jocosa",araakasybora,apŷabapûera,araakasybora
nascimento,araba (v 'ar1),araba (v 'ar1),araba (v 'ar1)
"coisa cotidiana, o que é de cada dia",araîabi'õndûara,araîabi'õndûara,araîabi'õndûara
mau ar,araíba,ybytuam,araíba
Mas os aracajás deleitamse com eles,Arakaîáte ombory,Arakaîáte ombory,Arakaîáte ombory
dia muito quente,arakubeté,arakubeté,arakubeté
Foi agora de primeira vez,Aramõ,Iîypy,Aramõ
dia muito bom,arangaturameté,arangaturameté,arangaturameté
Dia muito bom,Arangaturameté,arangaturameté,Arangaturameté
dia muito bom,arangaturameté,arangaturameté,arangaturameté
Dia muito bom surgiu para nós hoje,Arangaturameté o'a îandébo kori,Arangaturameté oú îandébo kori,Arangaturameté o'a îandébo kori
ajuntamento de araçás,arasátyba,ygara amõmbûera,arasátyba
Levei as tuas coisas entre as minhas coisas,Arasó nde mba'e xe mba'e pupé,Arasó nde mba'e xe mba'e pupé,Arasó nde mba'e xe mba'e pupé
Levei todos,Arasó pab,Aîeakasó,Opab arasó
Tenho desgosto por o ter levado,Arasó tieté a'é,Arasóîeaseî,Arasó tieté a'é
Levoo junto de mim,Arasó xe apyri,Arasó serasóbo,Arasó xe apyri
Levo de má vontade,Arasóîeaseî,Aîerekoaibok,Arasóîeaseî
Leveio secretamente,Arasónhemim,Aîegûak tekónhemima,Arasónhemim
Receio leválo,Arasópoûsub,Asykyîé arekó,Arasópoûsub
"Finjo que o levo, faço que o levo",Arasórasóa'ub,Aîuká,Arasórasóa'ub
Deixoo levar,Arasóukar,Asóme'eng,Arasóukar
Tratei bem das aflições de minha família,Arekóangaturã xe anama poreaûsuba,Arekóangaturã xe anama poreaûsuba,Arekóangaturã xe anama poreaûsuba
Maltratoo,Arekomarã,Aîepokápoxy,Arekomarã
Punio,Arekomarã,Arekomarã,Arekomarã
Fiz confusão,Arekorekó,Aîekotyrung,Arekorekó
"Contandoo, digoo e desdigoo",Arekorekó i mombegûabo,Aîmombe'u,Arekorekó i mombegûabo
um dia muito reluzente,aresakangeté,Arangaturameté,aresakangeté
feriado,areté,areté,areté
Eis que a cada Páscoa um prisioneiro fazeisme libertar sempre,Aretegûasu îabi'õ ã mundepora amõ îepé peîmosemukar ixébe îepi,Arurĩ 'arybo abá pópe Páscoa 'ara moîekosupa,Aretegûasu îabi'õ ã mundepora moîepé peîmosemukar ixébe îepi
Eis que a cada Páscoa um prisioneiro fazeisme libertar sempre,Aretegûasu îabi'õ ã mundepora moîepé peîmosemukar ixébe îepi,Arurĩ 'arybo abá pópe Páscoa 'ara moîekosupa,Aretegûasu îabi'õ ã mundepora moîepé peîmosemukar ixébe îepi
O que tolera o que quer trabalhar nos feriados,Aretéreme i porabykypotaryba'e mborypara,Morabykye'yma pupé o pûaîme oîmoîa'ok,Aretéreme i porabykypotaryba'e mborypara
crepúsculo,are'yma,are'yma pupé,are'yma
ovo de arinhama,arinhama rupi'a,îugûarobá,arinhama rupi'a
bem tardiamente,ariré é,kunusãia,ariré é
aguardar,arõ ,e'i ahẽ ypyi,arõ 
guardar,arõ (s); erekó,se,arõ (s); erekó
proteger,arõ2 (s),Îandé rarõmo,arõ2 (s)
"De forma inadequada, certamente, está o regente do canto",Aroane'ym nakó nhe'engaryba rekóû,I ku'abok îepé re'a,Aroane'ym nakó nhe'engaryba rekóû
"muito longe, fora ou ao revés do que é",aroane'ỹngatu,aroane'ỹngatu,aroane'ỹngatu
Desci com eles,Aroapy'am,Aroporaká,Aroapy'am
Lanço (à água) a canoa,Aro'ar ygara,Aîmoîar ygara,Aro'ar ygara
Vireio ao contrário,Arobak,Aîebyîeby,Arobak
Fálosei voar comigo,Arobebéne,Aîkó sesé,Arobebéne
Creio na nossa futura ressurreição,Arobîar asé rekobeîebyragûama,Arobîar asé rekobeîebyragûama,Arobîar asé rekobeîebyragûama
"Creio que ele retirou também as almas dos nossos primeiros e santos pais (da mansão dos mortos), que aí esperavam sua vinda",Arobîar asé rubypykaraibetá 'angûera a'epe turama osarõba'e renosemagûera bé,"Arobîar asé rubypykaraíba rekobesaba bé serasóû, a'epe o îeakypûereroîesûaramo",Arobîar asé rubypykaraibetá 'angûera a'epe turama osarõba'e renosemagûera bé
Creio que Deus perdoa às pessoas,Arobîar moroupé Tupã nhyrõ,Arobîar moroupé Tupã nhyrõagûera,Arobîar moroupé Tupã nhyrõ
"Creio na repartição das virtudes dos santos (isto é, na comunhão dos santos)",Arobîar santos rekokatu nhemoîa'oîa'oka,Arobîar santos rekokatu nhemoîa'oîa'oka,Arobîar santos rekokatu nhemoîa'oîa'oka
Creio na vida que não acabará,Arobîar tekobé opaba'erame'yma,Aîmoîar tekobéapyrasápe,Arobîar tekobé opaba'erame'yma
"Creio em Deus Pai, o que pode fazer todas e quaisquer coisas","Arobîar Tupã Tuba, opakatu mba'e tetiruã monhanga e'ikatuba'e","Arobîar Tupã Tuba, opakatu mba'e monhanga e'ikatuba'e","Arobîar Tupã Tuba, opakatu mba'e tetiruã monhanga e'ikatuba'e"
Creio na subida dele ao céu,Arobîar ybakype i îeupiragûera,Arobîar ybakype i îeupiragûera,Arobîar ybakype i îeupiragûera
Creio na descida dele para o meio da terra,Arobîar yby apyterype i gûeîybagûera,Arobîar yby apyterype i gûeîybagûera,Arobîar yby apyterype i gûeîybagûera
Filo emergir comigo,Arobur,Irũnamo aîkóne,Arobur
Chegome ao fogo,Arobyk tatá,Arobyk tatá,Arobyk tatá
Hei de me aproximar muito dela para ver bem sua beleza,Arobykatupe ká i porangepîákatûabo,Aîmombe'u i porangepîákatûabo,Arobykatupe ká i porangepîákatûabo
Torno a trazer a roupa,Aroîebyr aoba,Asó nhandu'a,Aroîebyr aoba
Amainei a vela,Aroîyb aoba,Aîtyk ybyrapu'a,Aroîyb aoba
Aproximeime de Guenum (a Ilha dos Frades),Arokakar Gûenũ,Aîpe'a Gûenũ suí,Arokakar Gûenũ
Hei de me aproximar de minha futura e verdadeira vida,Arokakar xe rekobéetérama re'ĩ,Aîsepîak ûitekóbo,Arokakar xe rekobéetérama re'ĩ
Durmo com roupa,Aroker aoba,Aroker aoba pupé,Aroker aoba
Fiz meu filho dormir comigo,Aroker xe ra'yra,Aroker xe ra'yra,Aroker xe ra'yra
Apresenteio,Arokûab,Aîapytĩatã,Arokûab
Morro com virtude,Aromanõ tekokatu,Tekokatu resé aîkó,Aromanõ tekokatu
Adoeci com ele,Aromara'ar,Arobykatu ahẽ,Aromara'ar
Temo por ele,Aronheangu,Aronheangu,Aronheangu
Desvieio comigo,Aropîá,Aîeapûapyk,Aropîá
Salto com ela,Aropor,Aropor,Aropor
Ameaceio,Aropu'am,muru; moxy,Aropu'am
Firmeio comigo,Aroten,Aîerobîá xe îoesé,Aroten
Detesto a vida má,Aroŷrõ tekópoxy,Asaûsupe'a,Aroŷrõ tekópoxy
Detesto minha lei antiga,Aroŷrõ xe rekopûera,Aîmoŷrõ xe rekopûera,Aroŷrõ xe rekopûera
impedir,aru (s); moarfiab,(intr): nheran; nhemobabak; (tr,aru (s); moarfiab
espelho,arugilá,espiyra,arugilá
costela,arukanga,ipepó,arukanga
Trouxe todos (ou Trouxe tudo),Arupab,Aîmombur pabẽ,Arupab
Trouxe todo o peixe,Arupab pirá,Arupab pirá,Arupab pirá
farpa,arupare'aka,manhana,arupare'aka
trazendo farpas junto com o arco,arupare'aka îurupara ndi seru,iukasara pyterype itá rerasoara,arupare'aka îurupara ndi seru
Trouxe muitas destas ostras,Aruretá kó reri,Aruretá kó reri,Aruretá kó reri
Trouxe muitas destas ostras,Aruretá kó reri,Aruretá kó reri,Aruretá kó reri
"Trouxe muitas destas ostras, com elas querendo alimentarte","Aruretá kó reri, i pupé nde poîpotá","Aruretá kó reri, sesé t'ame'ẽne amõ endébo","Aruretá kó reri, i pupé nde poîpotá"
Trouxeas para a rainha,Arurĩ reîa supé,Nde remimimbûera,Arurĩ reîa supé
triste,aruru,anhanga ratá,aruru
Trago muitos,Arurusu,Xe retá,Arurusu
ano,ary,ary,ary
quieto,arybé; (= silencioso): kyriri # ficar quieto (= ficar tranquilo): by'ar; ikonhote quotidiano,apyri,arybé; (= silencioso): kyriri # ficar quieto (= ficar tranquilo): by'ar; ikonhote quotidiano
"de dia, todo o dia",arybo,arybo,arybo
o que é de dia,arybondûara,arybondûara,arybondûara
avó,aryia,"xe sy, xe ramũîa",aryia
"Tremo, ambas as minhas coxas adormeceram","Aryryî, opá xe uba îesyî","Aîeperemõ, opá xe îybá mondyîa","Aryryî, opá xe uba îesyî"
"Tremo, ambas as minhas coxas adormeceram","Aryryî, opá xe uba îesyî","Aîeperemõ, opá xe îybá mondyîa","Aryryî, opá xe uba îesyî"
Atiroa,Asa'ang,teikftarugiiy,Asa'ang
Medio,Asa'ang,Aîaobĩ,Asa'ang
Leioo,Asa'ang,Aîapekó,Aîmongetá
Imiteio fingidamente,Asa'anga'ub,Aîepysó gûitupa,Asa'anga'ub
atravessar,asab,ikopuku/ ekopuku (t),asab
Torreio,Asa'embé,tabe'yma,Asa'embé
Afioa,Asaembe'e,Aytarõ,Asaembe'e
Fizlhe dentes,Asãîngá,Aîmoting,Asãîngá
Sigolhe o rastro,Asakypûembour,Aîeapûapyk,Asakypûembour
Sigolhe o rastro,Asakypûemomosem,Aîeapûapyk,Asakypûembour
Emplumeio,Asamongy,tabe'yma,Asamongy
Untei as penas nele,Asámongy,Aîpepó'ok,Asámongy
curtinho,asangĩ,mbegüé,asangĩ
muitíssimo rechonchudo,asangusugûasu,tubixab (v tubixaba),asangusugûasu
Fiz agouros a ele,Asanong,Aîmoabang,Asanong
Esperoo no seu caminho,Asapearõ,Asapearõ,Asapearõ
Tomeilhe a dianteira,Asapekysym,Aîmoîar,Asapekysym
Fui ao caminho dele,Asapependûar,Aîpobu i xupé,Asapependûar
Hei de obedecer muito a ele doravante,Asapîákatupe angiré ká,Asapîákatupe ká,Asapîákatupe angiré ká
Hei de obedecer bem a ele,Asapîakatupe ká,Aîuká,Asapîakatupe ká
Castreios,Asapi'anupã,Aîmonhang kastereîa,Asapi'anupã
Castreio,Asapi'a'yĩ'ok,Aîmoîa'ok,Asapi'a'yĩ'ok
Aguço a ponta dela,Asapûámobyr,Aîpytybyr,Asapûámobyr
Aguçoa,Asapûa'ok,Aytarõ,Asapûapin
Aguçoa,Asapûapin,Aytarõ,Asapûapin
Queimoo,Asapy,Îamopysasu,Asapy
Ferreio,Asapy,Aîapŷuban,Asapy
Queimei o campo,Asapy nhũ,Asapy nhũ,Asapy nhũ
Queimei carvão,Asapy tatapynha,Aîaob karugûasu,Asapy tatapynha
Aticeio,Asapynhang,Aîapapûar,Asapynhang
Jazi atravessado na rede,Asasab pé gûitupa  Estava atravessado no caminho Aînĩasab,Asasab pé gûitupa Estava atravessado no caminho Aînĩasab,Asasab pé gûitupa Estava atravessado no caminho Aînĩasab
"Atravesseio, sem mais (sem entrar nem pousar)",Asasábenhẽ,Îesapykĩ,Asasábenhẽ
Espeviteio,Asatapyĩ'ok,Aîapŷuban,Asatapyĩ'ok
Tomeio em seco,Asa'ubar,Asa'ubar,Asa'ubar
Amoo (mas nem por isso ele me ama),Asaûsu biã,Asaûsu,Asaûsu biã
"Amoa, por ela tendo cuidado","Asaûsu, sesé gûinhemoryryîa","A'am, sesé gûinhemoryryîa","Asaûsu, sesé gûinhemoryryîa"
Amo teu filhinho,Asaûsub nde membyrĩ,Asaûsub nde ra'yra,Asaûsub nde membyrĩ
Amo Pedro por amar a seu pai,Asaûsub Pedro og uba raûsume,Asaûsub Pedro og uba raûsume,Asaûsub Pedro og uba raûsume
"Amo Pedro, assim como a seu filho",Asaûsub Pedro ta'yra resebé,Asaûsub Pedro ta'yra resebé,Asaûsub Pedro ta'yra resebé
Amoo em vão,Asaûsuba'ub,Aîmomotar,Asaûsuba'ub
Deixei de amálo,Asaûsupo'ir,Nd'aîebyî xóne,Asaûsupo'ir
Faço agouros para ele,Asaybõ,Aîmonhang i moembiarypyra,Asaybõ
Arranqueilhe as sementes,Asa'ỹîok,Aîmondykytĩ,Asa'ỹîok
Eu lhe faço ninho,Asaytymonhang,Aîmoatã,Asaytymonhang
"A gente mesma acovardase, consentindoo",Asé aé oîemoabangá i mborypa,"Asé aé o py'apyká, i me'enga",Asé aé oîemoabangá i mborypa
"A gente diz ""quinhão de Deus"" para aquilo que é dado?","Asé aîpó i me'engymbyra supé ""Tupã potaba"" i 'éû?","Asé aîpó i me'engymbyra supé ""Tupã mba'e"" i 'éû?","Asé aîpó i me'engymbyra supé ""Tupã potaba"" i 'éû?"
Saí há pouco dele,Asẽ amo'ĩ i xuí,Aîepubuî i xuí,Asẽ amo'ĩ i xuí
Nossa alma visitas,Asé 'anga ereîosub,Îandé 'anga ereîosub,Asé 'anga ereîosub
Por lavar a sujeira de nossa alma,Asé 'anga ky'a reîme,Asé 'anga moasŷagûera resé,Asé 'anga ky'a reîme
Para não fazer enlamear a alma da gente,Asé 'anga motuîukukare'yma,Asé 'anga motuîukukare'yma,Asé 'anga motuîukukare'yma
As leis de nossa alma fez para a gente,Asé 'anga rekorama oîmonhang asébe,Îandé rekó rekóû îandé monhangi,Asé 'anga rekorama oîmonhang asébe
Não querendo que se apague a luz de nossa alma,Asé 'anga resapesaba gûeba potare'yma,Nd'oroîpotari oré 'anga resapesaba kanhemi,Asé 'anga resapesaba gûeba potare'yma
Para o desaparecimento dos vestígios da maldade de nossa alma,Asé 'anga suí asé angaîpaba rakypûera kanhemagûama resé,Asé 'anga suí mba'eaíba t'oîpe'a,Asé 'anga suí asé angaîpaba rakypûera kanhemagûama resé
quando ele diz algo acerca do bem proceder de nossa alma,asé 'anga tekokaturama resé marã i 'ereme,îandé rekó marangatu mombegûabo,asé 'anga tekokaturama resé marã i 'ereme
os restos de nossos pecados,asé angaîpaba rembyrûera,asé angaîpaba suí,asé angaîpaba rembyrûera
Querendo furar os buracos das orelhas da gente,Asé apysakûápuka potá,Asé apysakûara rarõmo,Asé apysakûápuka potá
Querendo abertos os buracos das orelhas da gente,Asé apysakûápuka potá,Asé apysakûápotá,Asé apysakûápuka potá
"Quando o sol estava no alto de nossas cabeças, eu vim","Asé 'apyterype 'ara ruî  No alto de nossas cabeças o sol está Îandé 'apytera 'arybo 'ara rume, xe ruri","Îandé 'apytera 'arybo 'ara rume, xe ruri","Îandé 'apytera 'arybo 'ara rume, xe ruri"
"Os que, de nós, são maus são os que não fazem nesta terra a vontade de Deus",Asé i angaîpaba'e ipó ikó ybype Tupã remimotara n'oîmonhangi,Asé i angaîpaba'e ipó ikó ybype Tupã remimotara n'oîmonhangi,Asé i angaîpaba'e ipó ikó ybype Tupã remimotara n'oîmonhangi
"Até mesmo seus ossinhos a gente cultua, tendoos no pescoço","Asé i kangûerĩ tiruã momba'etéû, o aîuri serekóbo","I kangûerĩ tiruã momba'etéû, i py suí i moîaruká","Asé i kangûerĩ tiruã momba'etéû, o aîuri serekóbo"
"Quando a gente se batiza, põe seu próprio entendimento?",Asé îemongaraíme o 'ara moíni?,Onhemongaraípe asé o nhemongaraipápe?,Asé îemongaraíme o 'ara moíni?
Querendo o abrandamento de nossa doença,Asé mba'easy arybé potá,Asé mba'easy arybé potá,Asé mba'easy arybé potá
Confessando a gente,Asé monhemombegûabo,Îandé monhangane,Asé monhemombegûabo
para nosso encorajamento,asé mopyatãgûama resé,îandé moingoébo,asé mopyatãgûama resé
A gente o teme mais do que tudo o que deve ser temido,Asé oîpoûsubeté opakatu i poûsubypyra sosé,Asé oîpoûsubeté opakatu i abangaba suí,Asé oîpoûsubeté opakatu i poûsubypyra sosé
Tentanos demais o diabo?,Asé ra'angetekatu Anhanga?,Îandé resé Tupã oîoamotare'ymeté?,Asé ra'angetekatu Anhanga?
Mas os guardiães da gente são os anjos?,Asé rarõanamotepe karaibebé rekóû?,Asé rarõanamotepe karaibebé rekóû?,Asé rarõanamotepe karaibebé rekóû?
Anunciando nossa futura felicidade,Asé rekokaturama mombegûabo,Asé rekokaturama mombegûabo,Asé rekokaturama mombegûabo
Nossos cadáveres levantarseão todos?,Asé re'õmbûera pu'ampabine?,Asé re'õmbûera pu'ampabine?,Asé re'õmbûera pu'ampabine?
Querendo logo levarnos,Asé rerasó sapy'a potá,Aîeakasó,Asé rerasó sapy'a potá
Por nos amar mais do que nossa mãe ama seus próprios filhinhos,Asé sy o membypitanga raûsuba sosé asé raûsume nhẽ,Asé sy o membypitanga sosé asé raûsume nhẽ,Asé sy o membypitanga raûsuba sosé asé raûsume nhẽ
Pôr o bispo em nossa testa o óleo santo,Asé sybápe abaregûasu nhandykaraíba nonga,Asé obispó oîmoîa'ok santos 'y asé rygépe,Asé sybápe abaregûasu nhandykaraíba nonga
Pôr o bispo em nossa testa o óleo sagrado,Asé sybápe abaregûasu nhandykaraíba nonga,Asé obispó oîmoîa'ok oré rûaîa îaîpira pupé,Asé sybápe abaregûasu nhandykaraíba nonga
Em nossa testa põe a cruz e sobre nosso coração também,Asé sybápe cruz moíni asé nhy'ã 'arybo bé,Asé sybápe cruz moíni asé nhy'ã pupé bé,Asé sybápe cruz moíni asé nhy'ã 'arybo bé
"Faz a cruz em nossa testa com ele (isto é, com óleo)",Asé sybasab i pupé,Asé sybápe cruz moíni,Asé sybasab i pupé
Dirigia,Asebikok,Aîeakasó,Asebikok
Raloo,Aseé,Aseé,Aseé
às costas,aseî,apykaba,aseî
Deixei esse cadáver seu,Aseîá kó se'õmbûera,Aîme'eng ikó nde re'õmbûera,Aseîá kó se'õmbûera
Deixei ontem minha casa,Aseîá kûesé xe roka,Aseîá kûesé xe roka,Aseîá kûesé xe roka
Deixei ontem minha casa para ouvir a missa dentro desta (igreja),Aseîá kûesé xe roka kó pupé missa rendupa,Aseîá kûesé xe roka kó pupé missa rendupa,Aseîá kûesé xe roka kó pupé missa rendupa
Desemporcalheio,Aseîkûaru'umbok,Aîepysyrõ,Aseîkûaru'umbok
Despejeio,Asekoabok,Aîmoabaré,Asekoabok
Mudei minhas palavras,Asekoabok xe nhe'enga,Aîopyk îuru,Asekoabok xe nhe'enga
Troqueilhe uma criação,Asekobîarõ seîmbaba i xupé,I moangaturãmo,Asekobîarõ seîmbaba i xupé
Desdisse minhas palavras,Asekobîarõ xe nhe'enga,Aîpó xe nhe'enga suí i xuí,Asekobîarõ xe nhe'enga
Reformoo nos costumes,Asekonongatu,Asekónongatu,Asekonongatu
Reformei seus atos,Asekónongatu,Asekónongatu,Asekónongatu
Pesquei peixes,Asekyî pirá,Asó pirá,Asekyî pirá
Mudome,Asem,Aîmoa'ypab,Asem
gritar,"asem (r, s) (xe); sapukai",nhe'engybõ,"asem (r, s) (xe); sapukai"
Saí em fuga,Asem îepé,Aîeîurupirar,Asem îepé
Bordeio,Asemberung,Bordeauxpe,Asemberung
Apareio,Asembe'ykytĩ,Aîopy,Asembe'ykytĩ
Pus as bordas dela,Asembe'yrung,Aîmoîoakypûé,Asembe'yrung
Oferecilhes comida,Asemi'uerekûab,Aîmo'y'useî,Asemi'uerekûab
Servi a comida dele,Asemi'uerokûab,Aîmo'y'useî,Asemi'uerokûab
Seloo (o cavalo),Asendamoín,Sevo'i,Asendamoín
Entreouvi tuas palavras,Asendubaíb nde nhe'enga,Asendubaíb nde nhe'enga,Asendubaíb nde nhe'enga
"Entreouvi tuas palavras (isto é, ouvias superficialmente)",Asendubaíb nde nhe'enga,Asendubaíb nde nhe'enga,Asendubaíb nde nhe'enga
Folgo muito em ouvilo,Asendupotakatu,Aîapysaká,Asendupotakatu
"Rapeilhe o queixo, barbeeio",Asendybáapin,Aîmobabak,Asendybáapin
Rapeilhe a barba,Asendybáapin,Asendybáapin,Asendybáapin
Chamo os homens,Asenõî apŷabetá,Asenõî apŷabetá,Asenõî apŷabetá
"Chameio, de fato, mas nem por isso veio",Asenõî nakó naeroîaî turi,"Asenõî é, na emonani",Asenõî nakó naeroîaî turi
Culpeio falsamente,Asenõî tenhẽ,Anhe'ẽîeaseî,Asenõî tenhẽ
Ameacei Pedro com um pau,Asenopu'am Pedro ybyrá pupé,Aîpo'ẽ Pedro îepe'aba resé,Asenopu'am Pedro ybyrá pupé
garganta,aseoka,îandé îuru resé,aseoka
nó da garganta,aseókytã,akangapé,aseókytã
Socorrio,Asepenhan,poti'a (m),Asepenhan
Que o tivesse visto!,Asepîak me'ĩmo!,A'ekatupe ká,Asepîak me'ĩmo!
"Vi, outrora, a grande batalha de Gûaîxará","Asepîak, erimba'e, Gûaîxará maranusu","Asepîak, erimba'e, Gûaîxará maranusu","Asepîak, erimba'e, Gûaîxará maranusu"
Observeio,Asepîakatu,Aîapytĩatã,Asepîakatu
Avalieio,Asepyenõî,Asepyenõî,Asepyenõî
Pagueio,Asepyme'eng,Aîapengok,Asepyme'eng
Fiquei falando em favor dele,Asepysepyk,Aîmongetá,Asepysepyk
Lambio,Asereb,Asereb,Asereb
Chamusqueio,Asereb,Aîamusugûar,Asereb
Fiqueio apodando,Aseróserok,Aîepotabẽ,Aseróserok
Tapeio,Asesaatyká,Aîangerasó,Asesaatyká
"Surpreendio, na verdade",Asesapy'a é nakó,"Aûîeté, tubixab (v tubixaba)",Asesapy'a é nakó
Fiz provisões dele,Asesemõ,Aîgûasema,Asesemõ
Apareilhe o topete,Asetobapyetab,Aî'apixyb,Asetobapyetab
Cheireio,Asetun,Aîkytyk,Asetun
Lacei a perna dele,Asetymãmaman,Aî'atype'apámoín,Asetymãmaman
Mudeia,Aseyî,mondykaba; sykaba (v syk') concórdia,Aseyî
Coceio,Ase'yĩ,Aîangerasó,Ase'yĩ
Eis que vou,Asó ã,A'é uman ûixóbo,Asó ikó
Ia de costume,Asó amẽîepi,Asó îandune,Asó amẽîepi
Vou para resgatar os índios,Asó apŷaba porepŷana,Asó apŷaba mondyîa,Asó apŷaba porepŷana
Vou novamente,Asó benhẽ,Asó benhẽ,Asó benhẽ
Fui sem resultado,Asó biã,Na xe ropasabi,Asó biã
"Vou à guerra, vou como guerreiro",Asó gûarinĩramo,Asó gûarinĩramo,Asó gûarinĩramo
Vou para fazer resgates,Asó gûiporepŷana,Asó îepysyrõmomo,Asó gûiporepŷana
Eis que vou (não se podendo traduzir por eis que fui),Asó iã,Asó iã,Asó iã
Vou para arrancar lenha,Asó îepe'abá,Asó îepe'abá,Asó îepe'abá
Eis que vou,Asó ikó,A'é uman ûixóbo,Asó ikó
Vou como catador de pedras,Asó itá piaramo,Itá kapiramo aîkó,Asó itá piaramo
Irei hoje à casa depois que tu vieres,Asó kori okype nde rur'iréne,Asó ipó xe rura rupi nde rur'iréne,Asó kori okype nde rur'iréne
Irei hoje ao mar,Asó kori paranãmene,Asó kori paranãmene,Asó kori paranãmene
Vou para fora,Asó kûeîpe,Asóneká,Asó kûeîpe
Vou para fora,Asó mamõ,Asóneká,Asó kûeîpe
Vou como alcoviteiro,Asó manhanamo,Asó 'y îasytatábo,Asó manhanamo
"Ah, quem me dera eu tivesse ido!",Asó me'ĩmo mã!,Asó me'ĩmo mã!,Asó me'ĩmo mã!
"Ah, se eu tivesse ido para o céu!",Asó me'ĩmo ybakype mã!,Asó me'ĩmo ybakype mã!,Asó me'ĩmo ybakype mã!
Vou ao caminho das pessoas,Asó morapépe,Asetobapépyténe,Asó morapépe
Vou como preparador,Asó morenotaramo,Asó nhẽ xe mbo'esaramo,Asó morenotaramo
Vou como teu substituto,Asó nde rekobîaramo,I nhandaramo t'aîkó,Asó nde rekobîaramo
Vou por ir (sem algum fim),Asó nhẽ,Asó tenhẽ,Asó nhẽ
Vou para a casa,Asó okype,Asó ã koty,Asó okype
Fui para alcançar Pedro no rio,Asó Pero rupytyka 'ype,Asó Pero rupytyka 'ype,Asó Pero rupytyka 'ype
Vou frequentemente,Asó py'i,Arekorekó,Asó py'i
Dizse que vou,Asó ra'e,Asómo ra'emo,Asó ra'e
Dizem que fui?,Asó serãne ra'e?,Asé nhe'enga ra'e?,Asó serãne ra'e?
Quase que fui,Asó só,Asó só,Asó só
"Ai, quem me dera ir com ele hoje!",Asó temõ kori ahẽ irũmo mã!,Asó temõ kori ahẽ irũmo mã!,Asó temõ kori ahẽ irũmo mã!
"Ah, quem me dera eu fosse para o céu!",Asó temõ ybakype mã!,Asó me'ĩmo ybakype mã!,Asó temõ ybakype mã!
Deveria ir,Asó temonemo,Asó temonemo,Asó temonemo
Vou para mandar fazer farinha,Asó u'i pûaîa,Asó so'o monhang,Asó u'i pûaîa
Não hei de ir (dito por mulher),Asó umẽpe ky,Asó umẽpe ky,Asó umẽpe ky
"Vou em busca de meu pai (isto é, por meu pai)",Asó xe ruba pé,Asó xe ruba reká,Asó xe ruba pé
Vou para junto de meu pai,Asó xe ruba pyri,Asó xe ruba pé,Asó xe ruba pyri
Vou ao caminho de meu pai,Asó xe ruba rapépe,Asó xe ruba rapépe,Asó xe ruba rapépe
Vou para beber água,Asó 'y gûabo,Asó 'y gûabo,Asó 'y gûabo
Vou como catador de madeira,Asó ybyrá piaramo,Asó ybyrá rerobobasapa,Asó ybyrá piaramo
Finjo que vou,Asóasóa'ub,Aîmoapapub,Asóasóa'ub
Peleilhe a testa,Asobabo'o,Aî'apirungá,Asobabo'o
Pus entradas no rosto dele,Asobagûámoín,Aîmoîobab itaîukapûera,Asobagûámoín
Oponhome a ele,Asobaîar,Îaîopyk,Asobaîar
Oponhome a ele,Asobaîxûar,Îaîopyk,Asobaîar
Puslhe enfeites no rosto,Asobáposanong,Aîmoendyîab,Asobáposanong
Entisnei o rosto dele,Asobaún,Aîmoîub,Asobaún
cobrir,aso'i,moiegfiak,aso'i
tapar,aso'i; obapytym (s),koty,aso'i; obapytym (s)
cobertura,aso'iaba,tesaetá,aso'iaba
manto (de penas),aso'iaba,moaob; mondeb,aso'iaba
destampar,aso'iabok,moabaité,aso'iabok
Fiz gaiola para eles,Asokaîmonhang,Asurumonhang,Asokaîmonhang
Hei de ir,Asóneká,Asó temonemo,Asóneká
Voume esconder!,Asópe ûinhemima ká!,T'asabeypó!,Asópe ûinhemima ká!
Acudio,Asopenhan,Aîkuabe'ube'u,Asopenhan
"Hei de ir, de fato?",Asóp'ixéne é?,Asóp'ixéne é?,Asóp'ixéne é?
Será que eu irei?,Asóp'ixéne ri?,Asóp'ixéne ri?,Asóp'ixéne ri?
Quero ir para tua terra,Asópotá nde retãme,Nde retãme asópotá,Asópotá nde retãme
Quase fui,Asosûé,Aîaby,Asosûé
esquerda (s),asu,apykaba,asu
Verto o sangue dele,Asugûymo'ẽ,Aîmondeb xe rugûy,Asugûymo'ẽ
Sangroo,Asugûymombuk,Asugûymombuk,Asugûymombuk
altibaixos,asura,aso'iaba,gûa'agûa'a
lombada,asura; kandura,iî yké,asura; kandura
Fizlhe uma gaiola,Asurumonhang,Asurumonhang,Asurumonhang
dolorido,"asy (r, s)",angaingaíba,"asy (r, s)"
doer,"asy (r, s) (xe)",mara'ar,"asy (r, s) (xe)"
Filo suar,Asyaîká,Aîubĩote,Asyaîká
Areio,Asyby'ab,Asa'ubar,Asyby'ab
Caveio duramente,Asybykoîatã,Asykyîéî,Asybykoîatã
aleijado ,asyk,erorrõ,asyk
cortado,asyk (v asyka),moeraptlan,asyk (v asyka)
Cortei um pedaço,Asykûera aîasy'ab,Aîasy'ab,Asykûera aîasy'ab
Cortei um pedaço,Asykûera aîasy'ab,Aîasy'ab,Asykûera aîasy'ab
"Tenho medo, tremo!","Asykyîé, aryryî!","Asykyîé, anhangyîeaseî!","Asykyîé, aryryî!"
Pulos em enfiada,Asysybõ,Îasytatá oîepegûasune,Asysybõ
Fiquei estremecendo,Asysyî,Aîeréîereb,Asysyî
Desenfieio,Asysymbo'ir,Aîpyeî,Asysymbo'ir
Cortei a fila deles,Asysymondok,Aîmoapapub,Asysymondok
Cortei a fila deles,Asysymondok,Aîmoapapub,Asysymondok
Enfileireio,Asysyrung,Aîapŷuban,Asysyrung
duramente,"atã (r, s)",tatã,"atã (r, s)"
duro,"atã (r, s)",tatã,"atã (r, s)"
firme,"atã (r, s); ten",tatãngatu,"atã (r, s); ten"
reto (= direito),"atã1 (r, s)",apykaba,"atã1 (r, s)"
Fundei uma aldeia,Atabypyrung,Atabypyrung,Atabypyrung
acompanhante de caminhada,atáirũ,kokaba,atáirũ
caminhante,atara,atara,atara
peregrino,atara,kutuk,atara
Hospedar os peregrinos,Atara mombytá,Atara t'îaîpirok,Atara mombytá
Como viajantes é que nós estamos nesta terra,Ataramo é asé rekóû ikó yby pupé,"Asé, ikó yby pupé, oroîkó mosemagûama",Ataramo é asé rekóû ikó yby pupé
Como peregrinos é que a gente mora nesta terra,Ataramo é asé rekóû ikó yby pupé,Ataramo é asé rekóû ikó yby pupé,Ataramo é asé rekóû ikó yby pupé
preguiçoso,"ate'ym/a; ekotenhe (r, s) prejudicar",mba'ee'ym/a,"ate'ym/a; ekotenhe (r, s) prejudicar"
compadre,atfiasaba,tesa'yra,atfiasaba
companheiro,atfiasaba; irü,temiailsuba; miailsuba; tapy'yia escrever,atfiasaba; irü
pontiagudo,"atiai/a (r, s)",ipó,"atiai/a (r, s)"
pontudo,"atiaija (r, s)",ikopuku/ ekopuku (t),"atiaija (r, s)"
espirrar,atiam (xe),andub,atiam (xe)
espirro,atiama,aputu'u,atiama
Bafejo,Atimbor,Aîapŷuban,Atimbor
"Sequei muito, sequei duramente",Atiningatã,Aîerobîasugûasu,Atiningatã
manchas brancas do cabelo,atitinga,itaîupo'yra,atitinga
ombro,ati'yba,apykaba,ati'yba
nuca,atuá,iî yké,atuá
atrás (de),atuai,aseî,atuai
"concavidade da nuca, depressão na parte inferior da nuca",atuápyko'ẽ,apysakûapyk,atuápyko'ẽ
cova da nuca,atuápyko'ẽ,Aîeupi,atuápyko'ẽ
Regurgitei,Atuî,Aîmombe'u,Atuî
Apodreci,Atuîuk,Aîubĩ,Atuîuk
Estou desleixando,Atumbétumbek,Aka'ab,Atumbétumbek
Estabeleci uma plantação de milho,Atupárung abati,Atupárung abati,Atupárung abati
Estou na penúria,Atyabor,Atyabor,Atyabor
esmurrar,atyká,manhana,atyká
fincar,atyká,ereb (s),atyká
Junto água,Atykûar,ybyri,Atykûar
Desviei as águas,Atymombîá,Atymombîá,Atymombîá
Medi a profundidade dele,Atypya'ang,Aîmoîar,Atypya'ang
amontoado,atyra,eynhang (s),atyra
cabelos arrepiados e desgrenhados,atyrábebó,pirûera,atyrábebó
"cabelos muito arrepiados, grenha",atyrátyrá,i py ky'a,atyrátyrá
Eu meço a profundidade do rio,Atyypya'ang,Atyypya'ang,Atyypya'ang
"Hei de comêlo, pois",A'u nhẽne ky,A'u anhẽ,A'u nhẽne ky
"Ah, quem me dera comer veneno para que eu morresse!",A'u temõ mba'eaíba mã a'emo nhẽ xe re'õû,Aîpotákatutenhẽ xe re'õû,A'u temõ mba'eaíba mã a'emo nhẽ xe re'õû
"Ah, quem me dera comer veneno para que eu morresse","A'u temõ mba'eaíba mã, a'emo nhẽ xe re'õû",A'u temõ mba'epoxy mã a'emo nhẽ xe îuká potá,"A'u temõ mba'eaíba mã, a'emo nhẽ xe re'õû"
var de argola de penas,aûãmyranga,Asetun,aûãmyranga
fingidamente,a'ub,nhe,a'ub
False,a'ub (v a'uba); memftã,Aîkuabe'yma,a'ub (v a'uba); memftã
mesquinho,a'ub/a,mba'ee'ym/a,a'ub/a
fingido,a'ub; memüã; (nas palavras): nhe'en gyrygíian(a),moiaru; memiiã (xe); iai (,a'ub; memüã; (nas palavras): nhe'en gyrygíian(a)
falsamente,a'ub; tenhé,a'e tenhẽ,a'ub; tenhé
falsidade,a'uba,a'e; tenhé,a'uba
Há de ser coisa insignificante somente,A'uba nhote i por re'a,Iîabaíbeté serasóû,A'uba nhote i por re'a
"É aparência, somente, este mundo falso",A'uba nhote ikó 'ara'uba,"Îasûaramo n'i tybangáî, ikó setama",A'uba nhote ikó 'ara'uba
Eis que enfim já chega!,Aûîé ã ko'yté!,Irõ! Aûîebeté!,Aûîé ã ko'yté!
É certo isso! (aceitando como opinião própria),Aûîé a'e!,Anhẽ ûĩ!,Aûîé a'e!
Estou bem (deitado) Aûîé aîkó  Estou bem,Aûîé aîub,Aîoîá,Aûîé aîub
"Enfim, à sua esquerda estando os que foram pecadores",Aûîé i asu koty é i angaîpaba'epûera oîkóbone,A'e i 'ekatûaba kotysabaíbeté i angaîpaba'e rekóû,Aûîé i asu koty é i angaîpaba'epûera oîkóbone
Que bom que meu próximo tenha coisas boas!,Aûîé ipó xe rapixara mba'ekaturamo,Aûîé ipó xe rapixara mba'ekaturamo,Aûîé ipó xe rapixara mba'ekaturamo
"Já chega, certamente!",Aûîé ipó!,Erĩ! Aûîé!,Aûîé ipó!
Muito bem! (consentindo),Aûîé ipó!,Aûîé ipó!,Aûîé ipó!
"Enfim, os moços escondem seus muito maus procedimentos",Aûîé kunumĩgûasu o ekóaíbeté oîomim,Emonã kunumĩ o angaîpámirĩ anhõ onhemomim,Aûîé kunumĩgûasu o ekóaíbeté oîomim
"Enfim, os moços escondem seus muito maus procedimentos, calamnos","Aûîé kunumĩgûasu o ekoaibeté oîomim, oîkuaku",Emonã kunumĩ o angaîpaba mo'anga o îepe'a îepé,"Aûîé kunumĩgûasu o ekoaibeté oîomim, oîkuaku"
Muito bem! Hei de ser castelhano,Aûîé nipó! Kasianamo t'aîkó,Aûîé nipó! Kasianamo t'aîkó,Aûîé nipó! Kasianamo t'aîkó
É o suficiente?,Aûîé ruãpe?,Ereîkapyrokype?,Aûîé ruãpe?
"Enfim, o que não é pranteado ressentese de não o honrarem",Aûîé sapirõmbyre'yma o moetee'yma oîmoasy,"Rumby, mba'e iî abaeté onhemoŷrõmbyre'yma suí nhemoŷrõmo",Aûîé sapirõmbyre'yma o moetee'yma oîmoasy
"Basta! Falo eu, Sarauaia!","Aûîé! Anhe'eng, Saraûaî!","Aûîé! Anhe'eng, Saraûaî!","Aûîé! Anhe'eng, Saraûaî!"
Basta! Não me despertes!,Aûîé! Teumẽ xe mombaka!,Aîkó umẽ îepé mba'e resé ixébo,Aûîé! Teumẽ xe mombaka!
Basta! Tu me matas!,Aûîé! Xe îuká îepé!,Aani! Aîuká umûãmo!,Aûîé! Xe îuká îepé!
Basta! Eu estou muito contente,Aûîé! Xe rorybeté,Aûîé ipó! Xe rorybeté,Aûîé! Xe rorybeté
"Enfim, esses temiminós não tomam a lei de Deus, não a amam, não a acatam","Aûîé, kó temiminõ nd' ogûari Tupã rekó, nd'osaûsubi, n'omotybi","Akó temiminõ nd'oîkuabi Tupã rekó, nd'osaûsubi, n'omotybi","Aûîé, kó temiminõ nd' ogûari Tupã rekó, nd'osaûsubi, n'omotybi"
"Enfim, esses temiminós não acatam a lei de Deus","Aûîé, kó temiminõ nd'ogûari Tupã rekó",Aîpó temiminõ nd'ogûari Tupã rekó,"Aûîé, kó temiminõ nd'ogûari Tupã rekó"
"Enfim, os moços escondem seus muito maus procedimentos","Aûîé, kunumĩgûasu o ekóaíbeté oîomim",Emonã kunumĩ o angaîpámirĩ anhõ onhemomim,Aûîé kunumĩgûasu o ekóaíbeté oîomim
"Basta, tu me matas!","Aûîé, xe îuká îepé!",Aani! T'îaîuká!,"Aûîé, xe îuká îepé!"
"Fui a bom tempo, fui a propósito",Aûîebéramo asó,"Aîepyk anhẽ, xe remiîolyka",Aûîebéramo asó
Debalde vou,Aûîebéte asó,Asó é nakó,Aûîebéte asó
"Ainda bem que existes, ó meu senhor!",Aûîebeté ereîkó xe îary gûé!,Aûîebeté ereîkó xe îary gûé!,Aûîebeté ereîkó xe îary gûé!
"Que bom que existes, ó meu senhor!",Aûîebeté ereîkó xe îary gûé!,Aûîebeté ereîkó xe îary gûé,Aûîebeté ereîkó xe îary gûé!
"Muito bem, eis que aqui estou, trazendo para ti estes siris","Auîebeté kó aîkó, ndébo ko siri reru","Erimba'e aîkó, ndébo ko siriu reru","Auîebeté kó aîkó, ndébo ko siri reru"
Ainda que eu já fosse,Aûîebéte xe sóumani,Aîpó gûi'îabo asé,Aûîebéte xe sóumani
Muito bem! Que venha!,Aûîebeté! T'oú!,Aûîé ipó! T'oîesub,Aûîebeté! T'oú!
"Muito bem, pois! Hei de comer todo o banquete de Jacaréguaçu!","Aûîebeté, rõ! T'a'u pá Îakaregûasu pepyra!","Aûîé nipó, Jaguareté remi'u a'u!","Aûîebeté, rõ! T'a'u pá Îakaregûasu pepyra!"
"Muito bem, então! Que venha","Aûîebeté, rõ! T'oú","Aûîé ipó, turi","Aûîebeté, rõ! T'oú"
Embora eu fosse,Aûîebétemo asó,Ixé te'ĩé,Aûîebétemo asó
"Ainda que me castigasse, eu falaria",Aûîebétemo xe nupãû anhe'engĩmo,"Aîpó tekomemûã pupé anhenong, aîpó aîmombe'u",Aûîebétemo xe nupãû anhe'engĩmo
Ainda que eu já tivesse ido,Aûîebétemo xe sóumani,Asó tenhẽ,Aûîebétemo xe sóumani
"Acabado isso, ele se casa",Aûîékatu i mendari,Aûîékatu i mendari,Aûîékatu i mendari
certamente,aúieté,nhe,aúieté
"Embora ele fosse nosso pai primeiro, o que (lhe) foi dito foi ""Não comas este fruto""","Aûîeté a'e îandé rubypy, ""E'u umẽ ikó 'ybá"" 'îagûera","Îandé rubypy îakatu nhẽ, a'epe 'ybá 'u e'yma re'a","Aûîeté a'e îandé rubypy, ""E'u umẽ ikó 'ybá"" 'îagûera"
"Embora eles fossem obra d'Ele, alguns anjos tornaramse maus","Aûîeté a'e semimonhangûera, karaibebé amõ amõ oîemoangaîpab",I angaturama resé nhẽ Tupã remimbûaîtara oîkóbone,"Aûîeté a'e semimonhangûera, karaibebé amõ amõ oîemoangaîpab"
"Na verdade, hei de enfeitarme (ou já me enfeito), pintandome de preto",Aûîeté pakó aîegûak ûiîemoúna,"Aûîeté, aîmonhang, xe rembó nhemo",Aûîeté pakó aîegûak ûiîemoúna
"Ainda bem que não fui, pois",Aûîeté pakó xe soe'ymi é,Iîá oîapysaká,Aûîeté pakó xe soe'ymi é
"Na verdade hei de me enfeitar, pretejandome","Aûîeté pakó, aîegûak ûinhemoúna","Aîmondeb é anhẽ, aîmonhang","Aûîeté pakó, aîegûak ûinhemoúna"
"Contudo, após sua morte, no terceiro dia voltou a viver","Aûîeté, gûe'õ ré, 'ara mosapyra resé bé sekobeîebyri","A'epe se'õ ré, 'ara mosapyra resé bé sekobeîebyri","Aûîeté, gûe'õ ré, 'ara mosapyra resé bé sekobeîebyri"
"Certamente, eis que percebendo isso, deixei ontem minha casa","Aûîeté, kó anga andupa, aseîá kûesé xe roka","Aûîeté, aîpó kuapa, aseîá kûesé xe roka","Aûîeté, kó anga andupa, aseîá kûesé xe roka"
"Na verdade hei de me enfeitar, pintandome de preto",Aûîetépakó aîegûak ûinhemoúna,"Aîmonhang ipó anhe'yma, karaíba repîaka",Aûîetépakó aîegûak ûinhemoúna
"Ainda bem que, ainda outrora, repeli meus pecados",Aûîetéramo erimba'e bé xe angaîpagûera aîpe'a re'a,"Iîá, erimba'e, xe angaîpaba aîpe'a re'a",Aûîetéramo erimba'e bé xe angaîpagûera aîpe'a re'a
Ainda bem que Deus me livrou do diabo!,Aûîeteramo rimba'e Tupã xe pysyrõ Anhanga suí re'a,Aûîeteramo rimba'e Tupã xe pysyrõû Anhanga pó gûyra suí re'a,Aûîeteramo rimba'e Tupã xe pysyrõ Anhanga suí re'a
Peneirei a farinha,Au'imogûab,Asapy miapé,Au'imogûab
Ensaquei a farinha (de mandiopuba),Au'ipukunhang,Aî'useî,Au'ipukunhang
imediatamente,aúnhenhe,anhe,aúnhenhe
Imediatamente vais para teu terreiro para cantar,Aûnhenhẽ eresó nde rokápe enhe'engá,Aûnhenhẽ eresó nde rokápe enhemomungá,Aûnhenhẽ eresó nde rokápe enhe'engá
"Imediatamente, de seu próximo eles se vingam, chacoteandoos","Aûnhenhẽ o apixarĩ îepyki, i kurapa","Aûnhenhẽ o apixarĩ resé îepyki, i kurapa","Aûnhenhẽ o apixarĩ îepyki, i kurapa"
Imediatamente eles se vingam de seu próximo,Aûnhenhẽ o apixarĩ resé îepyki,Aûnhenhẽ o apixarĩ resé îepyki,Aûnhenhẽ o apixarĩ resé îepyki
"Imediatamente, de seu próximo eles vingamse",Aûnhenhẽ o apixarĩ resé îepyki,Aûnhenhẽ o apixarĩ resé îepyki,Aûnhenhẽ o apixarĩ resé îepyki
Imediatamente ficaram gritando,Aûnhenhẽ sasẽsasemamo,Aûnhenhẽ sasẽsasemamo,Aûnhenhẽ sasẽsasemamo
"Deus, a descoberto, imediatamente revelouse a eles",Aûnhenhẽ Tupã katupe îepîakukari i xupé,Aûnhenhẽ Tupã katupe îepîakukari i xupé,Aûnhenhẽ Tupã katupe îepîakukari i xupé
"Imediatamente, água e sangue dele vazaram, escorrendo","Aûnhenhẽ 'y sugûy abé i xuí i 'emi, osyryka",Aûnhenhẽ sugûy 'y abé osyryka,"Aûnhenhẽ 'y sugûy abé i xuí i 'emi, osyryka"
"Imediatamente, água e seu sangue dele vazaram, escorrendo","Aûnhenhẽ 'y sugûy abé i xuí i 'emi, osyryka","Aûnhenhẽ sugûy 'y abé i xuí i 'emi, i 'emi","Aûnhenhẽ 'y sugûy abé i xuí i 'emi, osyryka"
Estendi o arco,Aurapápirar,Aurapápirar,Aurapápirar
Apanho caranguejos,Ausá'ok,Aîapi reri,Ausá'ok
"Ave Maria, a que está cheia de graça","Ave Maria, graça resé tynysemba'e","Maria t'i moete, nde rerekóbo","Ave Maria, graça resé tynysemba'e"
aguado,a'y,kilá,a'y
Dei um tombo,Ayapyĩ,Aîmombe'u,Ayapyĩ
Atravessei rios,A'yasab,A'yasab,A'yasab
ofegante,aybu,pytu (xe),aybu
ofegar,aybu (xe),moasy,aybu (xe)
resfolegar,aybu (xe),pytu (xe),aybu (xe)
Cortei madeira,Aybyrákytĩ,Aybyrákytĩ,Aybyrákytĩ
Fiz uma cerca de moirões,Aybyrámonhang,Aybyrámonhang,Aybyrámonhang
Lavro as madeiras,Aybyrápan,Aîpusu'ãmogûyr,Aybyrápan
Fiz taipa de pilão,Aybysosok,Aîoporapyr,Aybysosok
Cavei a terra,Aybyybykoî,Aybyybykoî,Aybyybykoî
Remo,Aygapukuî,Aîeakasó,Aygapukuî
Remo a canoa,Aygápukuî,I ygara mondóû,Aygápukuî
Vou buscar água (à fonte),A'ypîasó,Y piaramo asó,A'ypîasó
agradável,aysó,aysó,aysó
formoso,aysó,aysó,aysó
formosura,aysó; poranga,aysó,aysó; poranga
Nado,A'ytab,Îandé moîerekûab,A'ytab
Fartoo,Aytarõ,katutenhe,Aytarõ
Varri os ciscos,Aytypeir,Aîpoûsub ybyrá kamby,Aytypeir
Varri os ciscos,Aytypeir,Aîpoûsub ybyrá kamby,Aytypeir
Bebi água,A'y'u,A'y'u,A'y'u
voador,bebé,kandab,bebé
voar,bebé,u'u,bebé
boiar,bebui,ara'a,bebui
leve,bebui/a,mbegüé,bebui/a
levemente,bebuînhõte,mbegüé,bebuînhõte
brilhante,berab,berab,berab
brilhar,berab,"endy (r, s) (xe)",berab
brilho,beraba,berab,beraba
parecer,berame'i,iekuab/a,berame'i
médio,boiá; boiakatu,boiá2,boiá; boiakatu
discípulo,boiá; temimbo'e,posanga (m),boiá; temimbo'e
mediano,boiá2,amyioka; amundaba,boiá2
pau,brasil,ybyrá,brasil
emergir,bur,iekuab/a,bur
borbotar,bur; bubur,(intr): nheapumi; (tr): pumi; 'apiramõ,bur; bubur
pacífico,by'ar; nhyrõ (xe),kyriri,by'ar; nhyrõ (xe)
erguido,byr,byr,byr
levantado,byr,byr,byr
Catorze são aquelas coisas em que creremos,Catorze asé remierobîarama,Catorze asé remierobîarama,Catorze asé remierobîarama
mal,cheiroso,vaiba,cheiroso
despejar,cn ( nho,ka'a,cn ( nho
O que Cristo deixa como chefes dos cristãos batizados,Cristãos i mongaraibypyra tekokuaparamo Cristo remieîara,Cristãos i mongaraibypyra tekokuaparamo Cristo reîari,Cristãos i mongaraibypyra tekokuaparamo Cristo remieîara
O que Cristo deixa como chefes dos cristãos batizados,Cristãos i mongaraibypyra tekokuaparamo Cristo remieîara,Cristãos i mongaraibypyra tekokuaparamo Cristo reîari,Cristãos i mongaraibypyra tekokuaparamo Cristo remieîara
Vendo os pagãos a virtude dos cristãos,Cristãos rekokatu repîaka é ipó imongaraibypyre'yma,Cristãos rekopoxy repîaka,Cristãos rekokatu repîaka é ipó imongaraibypyre'yma
Bem de acordo com as palavras do chefe dos cristãos,Cristãos rubixaba nhe'enga rupi é,Anhẽ rubixaba cristãos aîpó i 'éû,Cristãos rubixaba nhe'enga rupi é
"A cruz, lugar em que se pregou a Cristo, Nosso Senhor, os judeus a enterraram",Cruz Cristo Îandé Îara moîaragûera îudeus otym erimba'e,Cruz Cristo Îandé Îara îudeus tymagûera,Cruz Cristo Îandé Îara moîaragûera îudeus otym erimba'e
"A seu próprio pedido, na cruz o pregaram","Cruz resé i moîari, i îeruresabo é","Cruz resé i moîari, i îuru resé","Cruz resé i moîari, i îeruresabo é"
"Conforme seu próprio pedido, na cruz o pregaram","Cruz resé i moîari, i îeruresabo é","Cruz resé i moîari, i îuru resé","Cruz resé i moîari, i îeruresabo é"
cana,de,(variedades): aty; gílakagílasu etc galho,ubá
Como um galo te deitas,deitarse  Gûyrásapukaîa îabé ereîetu'u,Kururuîa îabé ereîetu'u,Gûyrasapukaîa îabé ereîetu'u
gato,do,aka,do
batata,doce,aka,doce
"Somente o domingo que está no meio dela (isto é, da Quaresma)",Domingo anhõ i pytera rupi okûaba'e,Domingo i pytera rupi oîaba'e,Domingo anhõ i pytera rupi okûaba'e
Mandam que os batizados honrem o domingo após Nosso Senhor o santificar com seu retorno à vida,Domingo momba'etéukari i mongaraibypyretá supé o ekobé îebyragûera pupé Îandé Îara i mongaraib'iré,Domingo momba'etéukari i mongaraibypyretá supé o ekobé îebyragûera suí Tupã i mongaraib'iré,Domingo momba'etéukari i mongaraibypyretá supé o ekobé îebyragûera pupé Îandé Îara i mongaraib'iré
O que trabalha no domingo,Domingo pupé oporabykyba'e,Semana mombegûabo,Domingo pupé oporabykyba'e
vazar (intr),e (ou en); nhe'e,gíleiyb,e (ou en); nhe'e
gostoso,"é (r, s)",aysó,"é (r, s)"
saboroso,"é (r, s)",a'angaturam,"é (r, s)"
manar,e; 'em # manar em borbotões: bur mancha,gûyrámirĩ,e; 'em # manar em borbotões: bur mancha
Está diante de mim,E'am xe reseî,E'am xe reseî,E'am xe reseî
"Espera, eu hei de ir primeiro","Eambé, xe ranhẽ t'akûáne",Epytá! Ixé ranhẽ t'akûáne,"Eambé, xe ranhẽ t'akûáne"
daí,ebanõi,ebanõi,ebanõi
dali,ebanõi,ebanõi,ebanõi
"daí, desse lugar (em que estás)",ebanõîa suí,amõ suí,eboûĩ suí
De lá do lugar para onde foi fez vir o Espírito Santo,Ebapó o soagûera suí Tupã Espírito Santo mbouri,Ebapó suí Tupã Espírito Santo îeupiri,Ebapó o soagûera suí Tupã Espírito Santo mbouri
"por aí, por essa parte",ebapó rupi,amõ rupi,ebapó rupi
Ali ficai enquanto eu não vos informar acerca de vossa futura volta,Ebapó ta peîkó pe îebyragûama resé ixé nde momorandube'yma pukuî,A'epe peîkó xe nhe'enga poepyka,Ebapó ta peîkó pe îebyragûama resé ixé nde momorandube'yma pukuî
dirigir (embarcação),ebikok (s),Iî a'oîar nde ramỹîa,ebikok (s)
Essas não conhecem o pecado,Eboinga tekoaíba nd'oîkuabi,N'oîkuabi tekoangaîpaba mba'e amõ,Eboinga tekoaíba nd'oîkuabi
esse mesmo,ebokûé aé,ting,ebokûé aé
Nesse dia proferem as ladainhas ao longo da procissão,Ebokûé 'ara pupé gûá osa'ang ladainhas îebyîebysaba rupi,Kó 'ara pupé t'osanong poty moraseîa gûitupa rerasóbo,Ebokûé 'ara pupé gûá osa'ang ladainhas îebyîebysaba rupi
Eis que vou,Ebokûé asó,A'é uman ûixóbo,Asó ikó
"Eis aí teu filho, ó mulher!","Ebokûé nde membyra, kunhã gûé!","Kó nde membyra, îarĩ gûé!","Ebokûé nde membyra, kunhã gûé!"
Vai por aí,Ebokûé rupi ekûab,Pekûá eîupa,Ebokûé rupi ekûab
"por ali, por aí",ebokûea rupi,amõ rupi,ebokûea rupi
Eis que aí ele vai,Ebokûeî i xóû,Asó iã,Ebokûeî i xóû
isso mesmo,ebokûeîba'e a'e,anhẽp'anhẽ,ebokûeîba'e a'e
Eis que aí pertinho vem,Ebokûeté'ĩ turi,Aîpó turi,Ebokûeté'ĩ turi
Eis que ele é o adversário costumeiro das almas dos homens,Eboûĩ abá 'anga rupîatyba a'e,Eboûĩ abá 'anga rupîatyba,Eboûĩ abá 'anga rupîatyba a'e
Eis que o adversário costumeiro da alma do homem é ele,Eboûĩ abá 'anga rupîatyba a'e,Eboûĩ abá rekó anhanga rupîatyba a'e,Eboûĩ abá 'anga rupîatyba a'e
Esses teus olhos volta em nossa direção,Eboûĩ nde resá erobak oré koty,Eboûĩ nde resá îandé koty onhemomembyramo,Eboûĩ nde resá erobak oré koty
Esses teus olhos compadecedores volta em nossa direção,Eboûĩ nde resá i poraûsubaryba'e erobak oré koty,Eboûĩ nde resáporaûsubara erobak oré koty,Eboûĩ nde resá i poraûsubaryba'e erobak oré koty
"por aí, por ali, por esse lugar",eboûĩ rupi,eboûĩ rupi,eboûĩ rupi
"daí, desse lugar (em que estás)",eboûĩ suí,amõ suí,eboûĩ suí
"por aí, por ali",eboûinga rupi,Aîpó,eboûinga rupi
grande,"eburusu (r, s); sufixos","eburusu (r, s); sufixos","eburusu (r, s); sufixos"
empanturrado,"ebykatã (r, s)",nhe'eng,"ebykatã (r, s)"
salgado,"e'e (r, s)",Aîmoynysyrung,"e'e (r, s)"
ralar,eé (s),moabaité,eé (s)
"Ah, sim!",Eẽ hegûé!,mã!,Eẽ hegûé!
lavar,ei (,mundeoka,ei (
Mostramse a urdir mentiras,E'i mo'ema monhanga,I mo'ema monhanga,E'i mo'ema monhanga
Mostramse a urdir mentiras,E'i mo'ema monhanga,I mo'ema monhanga,E'i mo'ema monhanga
Há de estar (assim como está)?,E'i nhẽpe oîkóbone?,E'i nhẽpe oîkóbone?,E'i nhẽpe oîkóbone?
Em vão o padre quer convertêla a Deus,E'i tenhẽ abaré Tupã resé serobaka potara'upa,Îandé potaba îaîporaká,E'i tenhẽ abaré Tupã resé serobaka potara'upa
Em vão o padre quer fazêla voltar para Deus,E'i tenhẽ abaré Tupã resé serobaka potara'upa,Aîpó abaré n'omombaki Tupã resé serobaka,E'i tenhẽ abaré Tupã resé serobaka potara'upa
Em vão crêem em ti,E'i tenhẽ nde rerobîá,Nde rerobîá tenhẽ,E'i tenhẽ nde rerobîá
"Em vão crêem em ti (lit, achamse, em vão, crendo em ti)",E'i tenhẽ nde rerobîá,"Oîmoetéramo sekó nde resé, tekopoxy porarábo",E'i tenhẽ nde rerobîá
"Em vão eles se esquivam, querendo fazer passar as flechas","E'i tenhẽ onhemoîtỹamo, u'uba mongûápotá","E'i tenhẽ onhemoîasuka, 'îoka rasapa potá","E'i tenhẽ onhemoîtỹamo, u'uba mongûápotá"
Eis que ele é mau!,E'i tieté ahẽ maniîabo niã!,E'i tieté ahẽ maniîabo niã!,E'i tieté ahẽ maniîabo niã!
Ele o faz em muito tempo,E'i ymuanĩ ahẽ i monhanga,E'ikatu ipó emonã ymuanĩ,E'i ymuanĩ ahẽ i monhanga
abandonar,eiar,me'eng,eiar
deixar,eiar,eiar,eiar
Toma mais outro,Eîary bé amõ,Enhonongy bé amõ,Eîary bé amõ
Destampa tua caixa para que eu veja tuas coisas,Eîaso'îabok nde karamemûã t'asepîak nde ma'e,Eîmoîa'ok nde nhemõîa t'asepîak nde nhemõîa'oka,Eîaso'îabok nde karamemûã t'asepîak nde ma'e
"Mas apanha, antes, meu chefe!",Eîáte xe rubixaba!,Eîori xe îara pé,Eîáte xe rubixaba!
Lamentate!,Eîeapirõ!,Enhemõîang!,Eîeapirõ!
Ensinando tu a ti mesmo,Eîembo'ebo,Nde nhembo'eboé,Eîembo'ebo
Afastate!,Eîepe'a!,Eîepe'a!,Eîepe'a!
Afastate! Vaite daqui já!,Eîepe'a! Ekûá ké suí ra'a!,Eîepe'a! Ekûá ké suí kori!,Eîepe'a! Ekûá ké suí ra'a!
Confia em mim,Eîerobîá xe resé,Eîerobîá xe resé,Eîerobîá xe resé
Arrancate o nome por causa dos malditos,Eîerok moxy resé,Eîerok moxy rekóbo,Eîerok moxy resé
"Arrancate o nome por causa dos malditos, para que sejas muito famoso",Eîerok moxy resé ta nde rerapûãngatu,"Eîerok moxy rekóbo, i mombe'u",Eîerok moxy resé ta nde rerapûãngatu
Arrancate o nome para que sejas muito famoso,Eîerok ta nde rerapûãngatu,Eîmoeté nde rerapûana,Eîerok ta nde rerapûãngatu
"Detestate, emendate","Eîeroŷrõ, enhemomotiasó",mondykaba,"Eîeroŷrõ, enhemomotiasó"
Pode também (a gente) tomálo algumas vezes em outros dias?,E'ikatu bépe amõ 'ara pupé amõme asé tara?,Ikatu bé asé o 'ara rupi amõ 'ara pupé i gûabo,E'ikatu bépe amõ 'ara pupé amõme asé tara?
Pode certamente (contálo) para quem o repreenderá,E'ikatu ipó senonhẽndarama supé é,I mombe'uû i moetékatûabo,E'ikatu ipó senonhẽndarama supé é
Pode o homem não cuidar de sua esposa?,E'ikatupe abá o emirekó resé oposykyîee'yma?,E'ikatupe abá o emirekó resé gûabe'yma?,E'ikatupe abá o emirekó resé oposykyîee'yma?
Pode alguém beber cauim?,E'ikatupe abá okagûabo?,E'ikatupe abá okagûabo?,E'ikatupe abá okagûabo?
Pode a gente não proceder conforme o mandado do padre?,E'ikatupe asé abaré o pûaîtagûera rupi oîkoe'yma?,E'ikatupe asé abaré o'îabo sekó mondarõmo?,E'ikatupe asé abaré o pûaîtagûera rupi oîkoe'yma?
Pode a gente trocar seu próprio nome ao receber aquele?,E'ikatupe asé aîpoba'e rasápe ogûera rekobîarõmo?,E'ikatupe asé ogûera rekobîarõmo i me'enga po'ire'yma?,E'ikatupe asé aîpoba'e rasápe ogûera rekobîarõmo?
Pode a gente vêlo aqui também?,E'ikatupe asé iké bé sepîaka?,E'ikatupe asé iké bé sepîaka?,E'ikatupe asé iké bé sepîaka?
Pode a gente trocar seu próprio nome?,E'ikatupe asé ogûera rekobîarõmo?,E'ikatupe asé ogûera rekobîarõmo?,E'ikatupe asé ogûera rekobîarõmo?
Pode o padrinho casarse com aquele que batiza?,E'ikatupe morerokarûera omendá o emierokûera resé?,E'ikatupe morerokarûera omendá o îekotyara resé?,E'ikatupe morerokarûera omendá o emierokûera resé?
Podem deixar um do outro?,E'ikatupe o îesuí opo'i?,Peîoerokype?,E'ikatupe o îosuí opo'i?
Podem casarse um com o outro?,E'ikatupe o îoesé omendá?,E'ikatupe i mendari?,E'ikatupe o îoesé omendá?
Podem deixar um do outro?,E'ikatupe o îosuí opo'i?,Peîoerokype?,E'ikatupe o îosuí opo'i?
Entra hoje em meu coração,Eîké kori xe nhy'ãme,Eîké kori xe nhy'ãme,Eîké kori xe nhy'ãme
Entra hoje em meu coração,Eîké kori xe nhy'ãme,Eîké kori xe nhy'ãme,Eîké kori xe nhy'ãme
"Salve, ó meu mestre!","Eîkobékatu, xe mbo'esar gûy!","Aûîé, xe îary gûé!","Eîkobékatu, xe mbo'esar gûy!"
"Estejas bem, ó meu mestre!","Eîkobékatu, xe mbo'esar gûy!",Eîerekó xe îary gûé!,"Eîkobékatu, xe mbo'esar gûy!"
"Adivinha, vamos ver, aquele que bateu em ti!",Eîkuá ra'u nde ri opûaryba'e!,Eîkuá ra'u nde rapixara!,Eîkuá ra'u nde ri opûaryba'e!
"Adivinha, vamos ver, o que bateu em ti!",Eîkuá ra'u nde ri opûaryba'e!,Eîkuá ra'u nde rekorama!,Eîkuá ra'u nde ri opûaryba'e!
Conhece o modo pelo qual o padre te tratou ao te batizar,Eîkuab abaré nde mongaraipápe nde rerekoagûera,Eîkuab abaré nde mongaraipápe nde rokûapa ndebe,Eîkuab abaré nde mongaraipápe nde rerekoagûera
Mostra o erro de minhas palavras,Eîkuabe'eng xe nhe'engaipaba,Eîkuabe'eng xe nhe'engabeté,Eîkuabe'eng xe nhe'engaipaba
Mostra o erro de minhas palavras,Eîkuabe'eng xe nhe'engaipaba,Eîkuabe'eng xe nhe'engabeté,Eîkuabe'eng xe nhe'engaipaba
Ensina bem minha alma para que conheça o caminho do céu,Eîmbo'ekatu xe 'anga t'oîkuab ybaka piara,Eîmbo'ekatu xe 'anga t'aîkuab ybaka piara,Eîmbo'ekatu xe 'anga t'oîkuab ybaka piara
Dá anzóis para mim,Eîme'eng pindá ixébe,Eîme'eng îara ixébe,Eîme'eng pindá ixébe
"Arrependete de tuas maldades, após teres comido alguma carne (humana)","Eîmoasy nde angaîpagûera, to'o amõ 'u ré","Eîaby umẽ nde angaîpaba, so'o 'u ré","Eîmoasy nde angaîpagûera, to'o amõ 'u ré"
Derrama tuas lágrimas,Eîmo'ẽ nde resa'y,Asase'o anhanga suí,Eîmo'ẽ nde resa'y
"Derrama tuas lágrimas, pranteando a vergonha de tua alma","Eîmo'ẽ nde resa'y, nde 'anga i momara'aragûera rapirõmo","Eîrasó nde rapixara rapirõmo, nde 'anga moasymo","Eîmo'ẽ nde resa'y, nde 'anga i momara'aragûera rapirõmo"
Honra teu pai e tua mãe,Eîmoeté nde ruba nde sy abé,Eîmoeté nde ruba nde sy abé,Eîmoeté nde ruba nde sy abé
Pregao na cruz,Eîmoîar ybyraîoasaba resé,Aîmoín ybyraîoasaba resé,Eîmoîar ybyraîoasaba resé
"Pregao, pregao na cruz de madeira","Eîmoîar, eîmoîar ybyrá îoasaba resé","Aîmoîar, xe resaarũaíb","Eîmoîar, eîmoîar ybyrá îoasaba resé"
Manda pregálo na cruz,Eîmoîarukar ybyraîoasaba resé,Eîmoîarukar ybyraîoasaba resé,Eîmoîarukar ybyraîoasaba resé
"Lavao, fazendo brilhar meu coração","Eîmoîasyk, xe py'a moberapa","Aîepysó, xe py'a îesapy'a","Eîmoîasyk, xe py'a moberapa"
Faze estar muito longamente esta aldeia em Deus,Eîmoingópukukatu kó taba Tupã resé,Eîmoingópukukatu kó taba Tupã resé,Eîmoingópukukatu kó taba Tupã resé
"Conta todos os teus pecados, sendo forte",Eîmombe'u pakatu nde angaîpagûera nde ratãngaturamo,"Eîmombe'u pakatu nde angaîpaba, nde pyatãmo",Eîmombe'u pakatu nde angaîpagûera nde ratãngaturamo
Confessa bem a nós que tu és o filho de Deus,Eîmombe'ukatu Tupã ra'yramo nde rekó orébe,Eîmombe'ukatu Tupã Ta'yra nde rekó îandébe,Eîmombe'ukatu Tupã ra'yramo nde rekó orébe
Confessa bem a nós que és o filho de Deus,Eîmombe'ukatu Tupã ra'yramo nde rekó orébe,Eîeruré Tupã ra'yramo nde rekó resé,Eîmombe'ukatu Tupã ra'yramo nde rekó orébe
Põe a espada na bainha dela,Eîmondeb itangapema surupe,Eîmondeb itangapema surupe,Eîmondeb itangapema surupe
Faze transformar os moradores do rio,Eîmonhangukar 'ygûara,Aîmoîaruk íasápe,Eîmonhangukar 'ygûara
Faze fugir o diabo,Eîmonhegûasem anhanga,Eîpe'a anhanga,Eîmonhegûasem anhanga
Enjoate de teu velho modo de ser!,Eîmoting nde rekopûera!,Eîmoasy nde rekopûera!,Eîmoting nde rekopûera!
Vem para perseguilo,Eîori i momosema,Aîopyk îepi,Eîori i momosema
Vem para fazêlo experimentar o sofrimento,Eîori i moporaraa'anga,Eîori i moporaraa'anga,Eîori i moporaraa'anga
Vem para amedrontálo,Eîori i mosykyîébo,Eîori i mosykyîébo,Eîori i mosykyîébo
Vem para amedrontálo,Eîori i mosykyîébo,Eîori i mosykyîébo,Eîori i mosykyîébo
Vem para colocar os malditos conforme nossas palavras,Eîori muru moingóbo îandé nhe'enga rupi,Eîori i pysyrõû asé nhe'enga rupi,Eîori muru moingóbo îandé nhe'enga rupi
"Vem para espantar o maldito, para que não invista contra nós","Eîori muru mondyîa, t'opu'am umẽ oré ri","Eîori kó tekoangaîpaba mondyîa, t'opu'am umẽ oré ri","Eîori muru mondyîa, t'opu'am umẽ oré ri"
Vem para ver tua futura terra,Eîori nde retamûama repîaka,Îandé repîaka our! Veio para nos ver! Eîori nde retama ranhẽ repîaka,Îandé repîaka our! Veio para nos ver! Eîori nde retamûama repîaka
Vem para nos arrancar o visgo,Eîori oré mongoka,Eîori viskoa îandé resé mbo'iragûama resé,Eîori oré mongoka
Vem para nos guiar,Eîori oré pokoka,Eîori oré rekomonhanga,Eîori oré pokoka
Vem para nos arrebatar,Eîori oré rekyîa,Eîori oré mondyîa,Eîori oré rekyîa
"Vem no dia de nossa terra, para visitála","Eîori oré retama 'ara rupi nhẽ, i xupa","Eîori oré retama 'ara rupi nhẽ, i xupa","Eîori oré retama 'ara rupi nhẽ, i xupa"
"Vem para proválos, pois",Eîori sa'anga rõ,Îori sa'anga nhẽ?,Eîori sa'anga rõ
"Vai para proválos, para que pratiquem maus atos",Eîori sa'anga t'oîpuru tekópoxy,Eîori i angaîpaba mombegûabo,Eîori sa'anga t'oîpuru tekópoxy
"Vai para proválos, pois, para que transgridam a palavra de Deus","Eîori sa'anga, rõ, t'otupãnhe'engaby",Eîmbo'e Tupã nhe'enga papasaba,"Eîori sa'anga, rõ, t'otupãnhe'engaby"
Vem para que faças ir de mim a maldade,Eîori t'eremondó xe suí tekoangaîpaba,Eîori xe pûaî,Eîori t'eremondó xe suí tekoangaîpaba
Vem para lavar minha alma,Eîori xe 'anga reîa,Eîori xe 'anga reîa,Eîori xe 'anga reîa
"Vem para lavar minha alma, branqueandoa","Eîori xe 'anga reîa, i motinga","Eîori xe 'anga reîa, i motinga","Eîori xe 'anga reîa, i motinga"
Vem para me adornar,Eîori xe moîegûaka,Eîori xe akangaíba,Eîori xe moîegûaka
Vem para me alimentar bem,Eîori xe poîkatûabo,Eîori xe me'engatûabo,Eîori xe poîkatûabo
"Vem, compadecedor de mim",Eîori xe poraûsubara,Eîori xe raûsubara,Eîori xe poraûsubara
"Vem, meu compadecedor, por tua bondade","Eîori xe poreaûsubara, nde angaturama ri","Eîori, xe raûsubá, nde angaturama ri","Eîori xe poreaûsubara, nde angaturama ri"
Vem para o meu lado!,Eîori xe posé,Eîori xe posé,Eîori xe posé
Vem para me encontrar,Eîori xe repenhana!,Eîori xe renõîa,Eîori xe repenhana!
Vem para derrotar meus inimigos,Eîori xe sumarã reîtyka,Eîori xe raûsupe'a reîa,Eîori xe sumarã reîtyka
"Vem, coisa fedorenta!","Eîori, mba'enem!","Eîori, mba'enem!","Eîori, mba'enem!"
"Vem, coisa fedorenta!","Eîori, mba'enem!","Eîori, mba'enem!","Eîori, mba'enem!"
"Vem, coisa fedorenta, coisa nojenta!","Eîori, mba'enem, mba'epoxy!","Eîori, mba'enem, mba'epoxy!","Eîori, mba'enem, mba'epoxy!"
"Vem, coisa fedorenta, coisa nojenta, borá!","Eîori, mba'enem, mba'epoxy, mborá!","Eîori, mba'enem, mba'epoxy, mba'ee'ymbara!","Eîori, mba'enem, mba'epoxy, mborá!"
"Vem, coisa fedorenta, coisa nojenta, borá, maritacaca, sanguessuga, tamarutaca!","Eîori, mba'enem, mba'epoxy, mborá, miaratakaka, sebo'i, tamarutaka!","Eîori, mba'enem, mba'epoxy, mboîa, mboîa, mboîa!","Eîori, mba'enem, mba'epoxy, mborá, miaratakaka, sebo'i, tamarutaka!"
"Vem, coisa fedorenta, coisa nojenta, tamarutaca!","Eîori, mba'enem, mba'epoxy, tamarutaka!","Eîori, mba'enem, mba'epoxy, mbo'a, anhanga!","Eîori, mba'enem, mba'epoxy, tamarutaka!"
Vem para destruir o maldito,"Eîori, muru mombapa",Eîori i mokanhema,"Eîori, muru mombapa"
"Vem para destruir o maldito, em seu fogo lançandoo","Eîori, muru mombapa, satápe seîtyka nhẽ","Anhanga mondyîa, tatápe i mondepa","Eîori, muru mombapa, satápe seîtyka nhẽ"
Vem para te compadeceres de nós,"Eîori, oré raûsubá",Eîori oré raûsubá,"Eîori, oré raûsubá"
"Vem, mãe de meu senhor, para fazêlo estar contigo dentro de minh'alma","Eîori, xe îara sy, xe 'anga pupé serupa!","Eîori, xe îara sy, t'ereîkó xe 'anga pupé","Eîori, xe îara sy, xe 'anga pupé serupa!"
"Vem, ó meu senhorzinho!","Eîori, xe îarĩ gûé!","Eîori, xe îarĩ gûé!","Eîori, xe îarĩ gûé!"
"Vem, ó meu senhorzinho, para que esteja muito feliz minha alma por causa do teu nascimento","Eîori, xe îarĩ gûé, ta sorybeté xe 'anga nde 'aragûera resé","Eîori, xe îarĩ gûé, ta sory xe 'anga nde nhemonhanga ri","Eîori, xe îarĩ gûé, ta sorybeté xe 'anga nde 'aragûera resé"
Vem novamente para curálos todos!,Eîorino i mombûeîrá pá!,Eîorino pabẽ abaré!,Eîorino i mombûeîrá pá!
Vem novamente para curálos!,Eîorino i mombûeîrapa!,Ké muru ruri!,Eîorino i mombûeîrapa!
Amarra tua rede de dormir ao lado de mim,Eîotĩ nde kesaba xe porupi,Eîotĩ nde kesaba xe porupi,Eîotĩ nde kesaba xe porupi
Amarra tua rede ao lado de mim,Eîotĩ nde kesaba xe porupi,Eîmoîar nde pysá xe porupi,Eîotĩ nde kesaba xe porupi
Amarra tua rede de dormir ao longo de mim,Eîotĩ nde kesaba xe porupi,Eîotĩ nde kesaba xe resé,Eîotĩ nde kesaba xe porupi
Afasta o jurupari deste mundo,Eîpe'a îurupari kó 'ara suí,Îurupari mondóbo ikó 'ara suí,Eîpe'a îurupari kó 'ara suí
Afasta o diabo deste dia em diante,Eîpe'a Îurupari kó 'ara suí,Eîpe'a anhanga kó 'ara suí,Eîpe'a Îurupari kó 'ara suí
Pratica o que tu aprendeste,Eîporu nde nhembo'eagûera,Eîporu nde nhembo'eagûera,Eîporu nde nhembo'eagûera
Não queiras nem um pouquinho que eu vá para o fogo,Eîpotámirĩ umẽ tatápe xe soaûama,Eîpotámirĩ umẽ tatápe xe sópotara,Eîpotámirĩ umẽ tatápe xe soaûama
Não queiras que te lance no inferno para se vingar de ti,Eîpotar umẽ nde resé o îepykápe anhanga ratápe nde reîtyka,Eîpotámirĩ umẽ nde ura aîpe'a,Eîpotar umẽ nde resé o îepykápe anhanga ratápe nde reîtyka
Não deixes de o querer,Eîpotare'ymumẽ,Aîepîakok,Eîpotare'ymumẽ
Segurao por enquanto,Eîpysyk ranhẽ,Erasó muru kori,Eîpysyk ranhẽ
Arranca de minha casa a poeira dos pés,Eîpytybyrok xe roka,Eîmosem xe rokaíba,Eîpytybyrok xe roka
Arranca de minha casa a poeira dos pés,Eîpytybyrok xe roka,Eîmosem xe rokaíba,Eîpytybyrok xe roka
"A poeira dos pés arranca de minha casa, tua pousada sempre","Eîpytybyrok xe roka, nde pytasaba îepi","Atuî xe 'anga suí osyryka, nde roka îepi","Eîpytybyrok xe roka, nde pytasaba îepi"
abelha,eíra,beraba,eíra
Matao!,Eîuká!,Eîuká!,Eîuká!
desviar,eiyi (s),ekyi ,eiyi (s)
buscar,ekar,ekar (s),ekar
procurar,ekar (s),ekar (s),ekar (s)
direita,ekatfiaba # à direita de: 'ekatfiaba koty,"atã1 (r, s)",ekatfiaba # à direita de: 'ekatfiaba koty
Dorme ao lado de mim,Eké xe porupi,Eké xe porupi,Eké xe porupi
modificar,ekoabok (s),mondykaba; sykaba (v syk') concórdia,ekoabok (s)
mudar (tr),ekoabok (s); ekobiarõ (s) mudar,moingoé,ekoabok (s); ekobiarõ (s) mudar
avaro,ekoate'ym ,mba'ee'ym/a,ekoate'ym 
vivo,"ekobé (r, s)",iubé ,"ekobé (r, s)"
substituir,ekobiarõ (s),moakasãi,ekobiarõ (s)
aconselhar,ekomonhang,kok,ekomonhang
governar,ekomonhang (s),aiub,ekomonhang (s)
julgar,ekomonhang (s),esapé (s); moendy,ekomonhang (s)
orientar,ekomonhang (s),monharõ; monheran,ekomonhang (s)
ordenar,ekomonhang (s); pilai (,kutuk,ekomonhang (s); pilai (
reformar,ekonongatu (s); ekomonhangab (s) regar,mongaturõ,ekonongatu (s); ekomonhangab (s) regar
ocioso,"ekotenhe (r, s)",mba'e tetiruã,"ekotenhe (r, s)"
vadio,"ekotenhe (r, s)",tebira,"ekotenhe (r, s)"
Vaite daqui já!,Ekûá ké suí ra'a!,Pekûá ké suí kori!,Ekûá ké suí ra'a!
Vaite daqui já!,Ekûá ké suí raá!,Pekûá ké suí kori!,Ekûá ké suí ra'a!
Vai para trazer um pouco dela,Ekûãî îá reru,Eîori onhana,Ekûãî îá reru
Vai para fazer cair os malditos em nosso laço!,Ekûãî moxy mbo'a îandé îusana pupé!,Muru îandé îusana mondyka!,Ekûãî moxy mbo'a îandé îusana pupé!
"Vai, pois",Ekûãî rõ,Ekûãî,Ekûãî rõ
apanhar,ekyi,"atiaija (r, s)",ekyi
arrebatar,ekyi,(intr): nheapumi; nhepumi; (tr): pumi; 'apiramõ,ekyi
arrastar,ekyi ,ekyi ,se
puxar,ekyi (s); (puxar por corda): samysyk; motyk,moapyr; moakaar; apapiiar doce,ekyi (s); (puxar por corda): samysyk; motyk
Olha para nós!,Ema'ẽ oré resé!,Ema'ẽ oré resé!,Ema'ẽ oré resé!
"Vela bem por mim, fazendo que não me derrubem","Ema'enãngatu xe ri, xe mbo'are'ymuká",Xe rarõmo oîepebẽ xe moabaetébo,"Ema'enãngatu xe ri, xe mbo'are'ymuká"
"Vela bem por mim, mandando que não me façam cair","Ema'enãngatu xe ri, xe mbo'are'ymuká","Ema'enãngatu xe ri, xe mbo'are'ymuká","Ema'enãngatu xe ri, xe mbo'are'ymuká"
"Vela bem por mim, mandando que não me façam cair","Ema'enãngatu xe ri, xe mbo'are'ymuká","Ema'enãngatu xe ri, xe mbo'are'ymuká","Ema'enãngatu xe ri, xe mbo'are'ymuká"
Vela por nós,Ema'ẽngatu oré ri,Îandé resé,Ema'ẽngatu oré ri
Olha bem para nós!,Ema'ẽngatu oré ri!,Ema'ẽngatu oré resé!,Ema'ẽngatu oré ri!
Mas olha primeiro! Olha cá! (como que mostrando alguma coisa notável),Ema'ẽte ranhẽ!,Ema'ẽte ranhẽ!,Ema'ẽte ranhẽ!
sobrar,"embyríler (r, s) (xe) (v tembyra); (so brar a alguém): esemõ (s)",ara'a,"embyríler (r, s) (xe) (v tembyra); (so brar a alguém): esemõ (s)"
Acende o fogo,Emoendy tatá,Emoendy tatá,Emoendy tatá
Apaga o fogo,Emogûeb tatá,Emoendy tatá,Emogûeb tatá
Faze perdoar a nós,Emoîerekûab orébo,Nde nhyrõ orébo,Emoîerekûab orébo
Coze algum cauim,Emoîyb kaûĩ amõ,Aîyb,Emoîyb kaûĩ amõ
Coze o peixe,Emoîyb pirá,Emoîyb pirá,Emoîyb pirá
Faze sumir meu tentador,Emokanhem xe ra'angara,Aîeapyká,Emokanhem xe ra'angara
Descreve tua terra para mim,Emombe'u nde retama ixébe,Emombe'u nde retama ixébe,Emombe'u nde retama ixébe
da mesma maneira,emonã bé,emonã bé,emonã bé
Dizem que o homem fez assim antes,Emonã îé abá rekóû raẽ,Emonã abá rekóû ra'e,Emonã îé abá rekóû raẽ
Dizem que o homem fez assim antes,Emonã îé abá rekóû rãé,Emonã abá rekóû ra'e,Emonã îé abá rekóû raẽ
Dizem que é assim,Emonã i'e ra'e,Emonã i'e ra'e,Emonã i'e ra'e
"possivelmente, provavelmente",emonã ipó re'a,nipó; serã; (na interr): ipó? tamanduá,emonã ipó re'a
Deve certamente ter agido assim,Emonã ipó sekóû re'a,Emonã ûĩ sekóû re'a,Emonã ipó sekóû re'a
Assim hoje procederei,Emonã kori aîkóne,Emonã kori aîkóne,Emonã kori aîkóne
"Assim, na verdade, eu determinei",Emonã nakó xe rekopotari,Emonã nakó xe nheŷnhang,Emonã nakó xe rekopotari
"Assim, de fato, eu determinei",Emonã nakó xe rekopotari,Emonã nakó xe rekopotari,Emonã nakó xe rekopotari
Vamos hoje para trazer alguns assim desse jeito,Emonã nungara amõ t'îasó kori seru,Îasó kori marandé mopebé,Emonã nungara amõ t'îasó kori seru
"Assim agiu, na verdade, longe de ti",Emonã rakó sekóû nde suí,Emonã rakó sekóû nde suí,Emonã rakó sekóû nde suí
"Esta agia assim, longe de ti",Emonã rakó sekóû nde suí,Emonã kó sekóû nde suí,Emonã rakó sekóû nde suí
"por isso, portanto",emonã resé,emonã resé,emonã resé
Assim deve ser,Emonã ruãpe é,Emonã ruãpe rĩ,Emonã ruãpe é
Assim deve de ser,Emonã ruãpe rĩ,Emonã ruãpe rĩ,Emonã ruãpe rĩ
"Assim, por causa de seu procedimento, os aracajás os frequentam",Emonã sekó suí arakaîá sapekóû,Emonã sekó suí arakaîá nhemosupa,Emonã sekó suí arakaîá sapekóû
"Assim tratada, certamente, uma pessoa chega bem",Emonã serekopyra rakó abá obasẽporang,Emonã rakó abá rekóû obasẽporang,Emonã serekopyra rakó abá obasẽporang
"Assim tratada, uma pessoa certamente chega bem",Emonã serekopyra rakó abá obasẽporang,Emonã serekopyra rakó abá obasẽporang,Emonã serekopyra rakó abá obasẽporang
"Assim tratado, certamente fica bem, satisfazendose com o que o distingue","Emonã serekopyra, rakó opytákatu, o apysykamo o moingoeara ri","Emonã i mombegûabo, rakó i angaturã, i moingotebẽnamo","Emonã serekopyra, rakó opytákatu, o apysykamo o moingoeara ri"
Hei de viver assim,Emonã takó aîkó,Emonã takó aîkó,Emonã takó aîkó
Separemos os que assim procederam,Emonã tekoarûera îaîpe'a,Îamongûá aîpó semimonhangûera,Emonã tekoarûera îaîpe'a
"Isso é assim, certamente",Emonã ûĩ re'a,Emonã ûĩ re'a,Emonã ûĩ re'a
Concluo que talvez isso seja assim,Emonã ûĩ re'a a'é,Emonã ûĩ re'a a'é,Emonã ûĩ re'a a'é
Essa fez assim,Emonã ûĩ sekóû,Kó emonã monhanga,Emonã ûĩ sekóû
e portanto,emonãnamo é,emonãnamo é,emonãnamo é
"Portanto, corrigete logo, antes que a morte te surpreenda","Emonãnamo enhenonhen esapy'a, te'õ nde resapy'a e'ymebé","Emonãnamo enhenonhen esapy'a, te'õ nde nd'osó îanondé","Emonãnamo enhenonhen esapy'a, te'õ nde resapy'a e'ymebé"
"Portanto, tomou este dia como tempo de honrálos em conjunto",Emonãnamo kó 'ara rari oîepegûasu i moetesabamo,Emonãnamo kó 'ara îandé îese'ara îabi'õ,Emonãnamo kó 'ara rari oîepegûasu i moetesabamo
"Portanto, deixai de crer nele futuramente",Emonãnamo peteumẽ irã serobîá,Emonãnamo peteumẽ irã serobîá,Emonãnamo peteumẽ irã serobîá
Será que é por isso que Deus transformou a costela de nosso pai primeiro no corpo de sua esposa?,Emonãnamo serã Tupã îandé rubypy arukangûera nhẽ monhangi semirekó retéramo?,Emonãnamo serã Tupã îandé rubypy arukangûera nhẽ monhangi semirekó retéramo?,Emonãnamo serã Tupã îandé rubypy arukangûera nhẽ monhangi semirekó retéramo?
"Dessa maneira, vens para afastar nossa escuridão","Emonãnamo, ereîu oré putuna pe'abo","Emonãnamo, ereîu putuna suí","Emonãnamo, ereîu oré putuna pe'abo"
"Portanto, eu vim","Emonãnamo, xe ruri","Emonãnamo, xe ruri","Emonãnamo, xe ruri"
"Portanto, eu vim a ti","Emonãnamo, xe ruri ndébo","Emonãnamo, xe ruri ndébo","Emonãnamo, xe ruri ndébo"
portanto,emonãnamo; irõ; ra'e; rõ porto,emonãnamo; irõ; ra'e; rõ porto,emonãnamo; irõ; ra'e; rõ porto
"Portanto, como escravos do diabo tornamonos totalmente?",Emonãnamope anhanga remiaûsubamo pabẽ asé nhemonhangi?,Marãpe asé ra'ang umẽ Anhanga remiaûsubamo?,Emonãnamope anhanga remiaûsubamo pabẽ asé nhemonhangi?
"Portanto, nós rezamos aos santos?",Emonãnamope asé îeruréû santosetá supé?,Emonãnamope asé îeruréû santosetá supé?,Emonãnamope asé îeruréû santosetá supé?
Por isso nós rezamos aos santos? Por isso,Emonãnamope asé îeruréû santosetá supé? Emonãnamo,Mba'erama resépe asé îeruréû santosetá supé?,Emonãnamope asé îeruréû santosetá supé? Emonãnamo
Por isso Deus transformou a costela de nosso pai primeiro em sua esposa?,Emonãnamope Tupã îandé rubypy arukanga nhẽ apóû semirekóramo?,Mba'erama resépe Tupã îandé rubypy rembyrûera apóû semirekóramo?,Emonãnamope Tupã îandé rubypy arukanga nhẽ apóû semirekóramo?
se for assim,emonãneme,emonãneme,emonãneme
"É assim, porventura, que respondes as palavras do chefe?",Emonãpipó morubixaba erenhe'engobaîxûar?,Emonãpipó morubixaba nhe'engobaîxûar?,Emonãpipó morubixaba erenhe'engobaîxûar?
"Assim, verdadeiramente, não cumpriste o que disseste?",Emonãtekatuetépe nde 'eagûera nd'ereîmopori?,Emonãtekatuetépe nde 'îaba nd'ereîmopori?,Emonãtekatuetépe nde 'eagûera nd'ereîmopori?
Não cometas furto,Emondarõ umẽ,Emondarõ umẽ,Emondarõ umẽ
derramar,en (,moakub; pé (,se
Tu mesmo és a causa de teu dano,Endé aé ereîekûá,Etĩ nde îosuí,Endé aé ereîekûá
Tu mesmo és causa de teu dano,Endé aé ereîekûá,Etĩ nde îosuí,Endé aé ereîekûá
"Tu mesmo és causa de teu dano, querendo revirar minha casa",Endé aé ereîekûá xe roka pobupotá,Nde aé ereîekûá xe roka pobupotá,Endé aé ereîekûá xe roka pobupotá
Tu mesmo dizes isso,Endé é aîpó eré,Îepé aîpó eré,Endé é aîpó eré
Tu ou eu,Endé konipó ixé,Endé konipó ixé,Endé konipó ixé
Tu no paraíso para sempre estás,Endé tupãrorypápe aûîeramanhẽ ereîkó,Endé tupãrorypápe aûîeramanhẽ ereîkó,Endé tupãrorypápe aûîeramanhẽ ereîkó
"Tu, em teus braços ergueste Jesus","Endé, nde îybápe Îesu eresupi","Endé, nde îybápe Îesu eresupi","Endé, nde îybápe Îesu eresupi"
"Tu, em teus braços, Jesus ergueste","Endé, nde îybápe, Îesu eresupi","Endé, nde îybápe, Îesu eresupi","Endé, nde îybápe, Îesu eresupi"
"Tu, em teus braços, Jesus ergueste","Endé, nde îybápe, Îesu eresupi","Endé, nde îybápe, Îesu eresupi","Endé, nde îybápe, Îesu eresupi"
"Tu, em teus braços, Jesus ergueste para alimentálo um pouco em teu seio","Endé, nde îybápe, Îesu eresupi i poîamirĩ nde kama pupé","Endé, nde îybápe Îesu eresupi i pobebuîa nde îybápe","Endé, nde îybápe, Îesu eresupi i poîamirĩ nde kama pupé"
"Tu, no paraíso para sempre estás","Endé, Tupã rorypápe aûîeramanhẽ ereîkó","Endé, Tupã rorypápe aûîeramanhẽ ereîkó","Endé, Tupã rorypápe aûîeramanhẽ ereîkó"
Tu vives? (Fórmula de saudação a quem chega),Endépe ereîkó?,Endépe ereîkó?,Endépe ereîkó?
"Mas a ti, sobramte galinhas e porcos","Endéte, nde resemõ arinhama, taîasu","Endéte, nde u'uba nhote","Endéte, nde resemõ arinhama, taîasu"
ouvir,endub (s); apysá (xe),andub,endub (s); apysá (xe)
luzir,"endy (r, s) (xe)","endy (r, s) (xe)","endy (r, s) (xe)"
babar,endysyryk,andub,endysyryk
"Eia, pois, sapo maneta!","Ené, rõ, kururuasyka!","Eîori, eîori, mboîa kuapamo!","Ené, rõ, kururuasyka!"
"Eia, pois, confessa o número daquelas tuas antigas omissões",Ene'ĩ a'e nde nhe'engerekoagûera papasaba mombegûabo rõ,"Îori, eîmombe'u nde angaîpagûera",Ene'ĩ a'e nde nhe'engerekoagûera papasaba mombegûabo rõ
"Eia, vai!",Ene'ĩ esóbo!,Eîpytybõ!,Ene'ĩ esóbo!
"Eia, que eu vá!",Ene'ĩ t'asóne!,Nde pytybõmo!,Ene'ĩ t'asóne!
eia! (= vamos!),ene'í! ene!,mã!,ene'í! ene!
"Eia, advogada nossa!","Ene'ĩ, oré îeruresar!","Eîori, oré abaré!","Ene'ĩ, oré îeruresar!"
"Eia, os temiminós de dia confessam seus pecadilhos somente","Ene'ĩ, temiminõ 'arybo nhẽ oîmombe'u o angaîpámirĩ anhõ","Pe'ĩ, korite'ĩaíbeté onheangûabo o angaîpámirĩ anhõ","Ene'ĩ, temiminõ 'arybo nhẽ oîmombe'u o angaîpámirĩ anhõ"
"Eia, levemos adiante deles esta muçurana","Ene'ĩ, t'îarasó senondé kó musurana",Eîporu katu amõ i îybásoba'e,"Ene'ĩ, t'îarasó senondé kó musurana"
"Eia, vamos logo","Ene'ĩ, t'îasó taûîé","Erasó, eresó","Ene'ĩ, t'îasó taûîé"
"Eia, vamos logo!","Ene'ĩ, t'îasó taûîé!","Eîurupyk, eîurupyk!","Ene'ĩ, t'îasó taûîé!"
Espera um pouco,Enhambé ranhẽ,Eîporaká ranhẽ,Enhambé ranhẽ
"Espera! Que venha o maldito, primeiro","Enhambé! T'oúte muru, ranhẽ","Eîmonhang, ranhẽ t'oú te'õ abá","Enhambé! T'oúte muru, ranhẽ"
"Espera! Que venha o maldito, primeiro, chegando com sua ferocidade","Enhambé! T'oúte muru, ranhẽ, o nharõ rerobasema","Epytá! T'oú ranhẽ, o akangaó moxy reru","Enhambé! T'oúte muru, ranhẽ, o nharõ rerobasema"
Escondete!,Enhemim!,Eîepe'a!,Enhemim!
"Escondete, fica quieto","Enhemim, nde kyrirĩ","Eîeapyká, eîeapyká","Enhemim, nde kyrirĩ"
"Escondete, fica quieto","Enhemim, nde kyrirĩ","Eîeapyká, eîeapyká","Enhemim, nde kyrirĩ"
"Vieste para te confessar, ó meu filhinho?","Enhemombegûabo ereîur, xe ra'yrĩ gûé?","Eîori xe momongetá, xe ra'yrĩ gûé","Enhemombegûabo ereîur, xe ra'yrĩ gûé?"
"Arrepiandote, o desejo sensual aumentou teus olhos?","Enhemopiringa, moropotara nde resá moîo'arype?","Nde resápe, moropotara nde resá moîo'arype?","Enhemopiringa, moropotara nde resá moîo'arype?"
Esforçate por causa de Deus,Enhemopyatã Tupã resé,Enhemopyatã Tupã resé,Enhemopyatã Tupã resé
Põe mais outro,Enhonongy bé amõ,Enhonongy bé amõ,Enhonongy bé amõ
brotar,enhüi (xe),kambu,enhüi (xe)
chamar,enõi,enõi,enõi
nomear,enõi (s),i 'apyr (v 'u),enõi (s)
invocar,enõi (s); ekyi (s),Aîapengok,enõi (s); ekyi (s)
"Corrigeos, censuraos, para que queiram livrarse do inferno","Enonhẽ, eîakaká, t'oîepysyrõmotá anhanga ratá suí",Îase'o rakó perekó peẽmo te'õ suí o îepysyrõsyrõmo,"Enonhẽ, eîakaká, t'oîepysyrõmotá anhanga ratá suí"
corrigir,enonhen,enonhen,enonhen
repreender,enonhen,moiaru; memiiã (xe); iai (,enonhen
descarregar,enosem,nhã; anhã2,enosem
retirar,enosem,nhã; anhã2,enosem
desmaiar,"e'õ'ar (r, s) (xe); nhemote'õ'ar; manõafü",ekonongatu (s); ekomonhangab (s) regar,"e'õ'ar (r, s) (xe); nhemote'õ'ar; manõafü"
atacar,epenhan,marãtekó,epenhan
agredir,epenhan ,a'ub,epenhan 
enxergar,epiak (s),epiak (s),epiak (s)
ver,epiak (s),epiak (s),epiak (s)
permitir (= não se importar com),epiaki (s) perna,epiaki (s) perna,epiaki (s) perna
Não mates gente,Eporapiti umẽ,Nd'omerangáî abá resé,Eporapiti umẽ
Não assassines gente,Eporapiti umẽ ,Nd'omerangáî abá resé,Eporapiti umẽ 
Compadecete de minha alma,Eporeaûsubok xe 'anga,Xe 'anga ereîekûaru,Eporeaûsubok xe 'anga
Arranca a miséria de minha alma para que esteja firme em ti,"Eporeaûsubok xe 'anga, t'i pyatã nde resé","Eporeaûsubok xe 'anga mba'epoxy suí, ta setákatu nde ybỹîa pupé","Eporeaûsubok xe 'anga, t'i pyatã nde resé"
Não desejes gente,Eporopotar umẽ ,Nde reroŷrõ umẽ abá,Eporopotar umẽ 
"Levantate, sê valente!","Epu'ã, nde pyatã!","Epu'ã, nde pyatã!","Epu'ã, nde pyatã!"
borrifar,epyi (s),andub,epyi (s)
resgatar,epyme'eng (s),(intr): nheran; nhemobabak; (tr,epyme'eng (s)
pagar,epyme'eng (s); moepy,me'eng,epyme'eng (s); moepy
Fica! Somente quando bebes cauim tu queres ser valente?,Epytá! Kagûápe nhõ nde ratãngatupotá?,"Eîori! Eré, erimba'epe nde ma'ẽmotá?",Epytá! Kagûápe nhõ nde ratãngatupotá?
Fica! Somente quando bebes cauim tu queres ser valente? Palermão! Centopéia!,Epytá! Kagûápe nhõ nde ratãngatupotá? Manemusu! Ambu'a!,Epytá! Nde remimimbûera anhõ nde raûsubá potá,Epytá! Kagûápe nhõ nde ratãngatupotá? Manemusu! Ambu'a!
célebre,"erapfian (r, s)","erapfian (r, s)","erapfian (r, s)"
famoso,"erapOan (r, s) (v erapuana (t)] fantasia",serapûã,"erapOan (r, s) (v erapuana (t)] fantasia"
conduzir,erasó,gfiatá,erasó
levar,erasó,erasó,erasó
Levao depressa,Erasó esapy'a,Erasó esapy'a,Erasó esapy'a
"Levao, olha lá!",Erasó ké raré,Xe rerasó ké raré,Erasó ké raré
Cuidado para não o levares,Erasó umẽ ké,Arasóukar umẽ,Erasó umẽ ké
"Levao, vamos ver! Vamos ver se o levas!",Erasóne ra'u!,"Erasó ké, t'îasó umẽ nde rapirõmo!",Erasóne ra'u!
lamber,ereb (s),andub,ereb (s)
Andaste pelos caminhos de fontes com mulheres?,Eregûatápe nhaîmbiara rupi kunhã resé?,Eregûatápe kunhã resé?,Eregûatápe nhaîmbiara rupi kunhã resé?
Andaste pelos caminhos de fontes com mulheres?,Eregûatápe nhãîmbiara rupi kunhã resé?,Eregûatápe kunhã resé?,Eregûatápe nhaîmbiara rupi kunhã resé?
Abraçaste alguma mulher?,Ereîaîubãpe kunhã amõ?,Ereîeapysakákatupe kunhã amõ resé?,Ereîaîubãpe kunhã amõ?
Ficaste quebrando a cabeça de teu filho antes de o abortar?,Ereîakangángápe nde membyra i akyrary îanondé?,Ereîakangángápe nde membyra i akyrary îanondé?,Ereîakangángápe nde membyra i akyrary îanondé?
"Mudaste, por acaso?",Ereîakasópiang?,Ereîakasópiang?,Ereîakasópiang?
"Detestaste teu próximo, ficando a pôrlhe nomes também?","Ereîamotare'ymype nde rapixara, seroky békybémo?","Nde remo'emype nde rapixara resé, seroky békybémo?","Ereîamotare'ymype nde rapixara, seroky békybémo?"
Ofendeste tua avó?,Ereîanga'ope nde aryîa?,Xe apykanhem,Ereîanga'ope nde aryîa?
"Vituperaste teu pai, tua mãe, teu avô, tua avó?","Ereîanga'ope nde ruba, nde sy, nde ramũîa, nde aryîa?","Ereîmombe'upe nde ruba, nde aryîa, nde ramũîa, nde ramũîa abé?","Ereîanga'ope nde ruba, nde sy, nde ramũîa, nde aryîa?"
Tomasteo depois de comer ou depois de engolir alguma coisa?,Ereîápe nde mba'e 'u roîré koîpó mba'e amõ mokon'iré?,Ereîkytykype nde mba'e 'u roîré koîpó mba'e amõ mokon'iré?,Ereîápe nde mba'e 'u roîré koîpó mba'e amõ mokon'iré?
Tomaste o animal que a onça matou?,Ereîápe so'o îagûara remiîukapûera?,Ereîarype so'o îagûara remiîukapûera?,Ereîápe so'o îagûara remiîukapûera?
Feriste alguém também?,Ereîapixabype amõno?,Ereîapixabype amõno?,Ereîapixabype amõno?
Feriste alguém também?,Ereî'apixabype amõno?,Ereîapixabype amõno?,Ereîapixabype amõno?
Abusaste de alguma criança no seu sono?,Ereîapyaípe pitanga amõ i kerype?,Ereîapukarype pitanga amõ i kerype?,Ereîapyaípe pitanga amõ i kerype?
"Tomaste, sem razão, alguma coisa de alguém?",Ereîar tenhẽpe abá mba'e amõ?,Ereîar tenhẽpe abá mba'e amõ i moarybé'ỹme?,Ereîar tenhẽpe abá mba'e amõ?
"Tomaste as coisas de alguém, o objeto do furto de teu próximo ou o que ele esconde?","Ereîarype abá mba'e, nde rapixara mondarõagûera koîpó semimima?",Ereîapixabype mba'e amõ nde rapixara mondarõagûera koîpó semimima?,"Ereîarype abá mba'e, nde rapixara mondarõagûera koîpó semimima?"
Choravas sempre,Ereîase'o îepi,Nde nhe'eng memẽ,Ereîase'o îepi
Choravas sempre,Ereîase'o îepi,Nde nhe'eng memẽ,Ereîase'o îepi
Esbofeteaste as têmporas de alguém?,Ereî'atypetekype amõ abá?,Ereî'atypetekype amõ abá?,Ereî'atypetekype amõ abá?
Acenaste com a cabeça para alguma mulher?,Ereîe'aîtykype kunhã amõ supé?,Ereîeapyk kûepe kunhã amõ supé?,Ereîe'aîtykype kunhã amõ supé?
"Espremestete após alguém fazer sexo contigo, não querendo filhos?",Ereîeamĩpe nde resé abá rekó riré nde membypotare'ymamo?,Ereîeapysykápe nde resé abá rekó riré nde membypotare'ymamo?,Ereîeamĩpe nde resé abá rekó riré nde membypotare'ymamo?
"Sentastete por aí diante dalguma mulher, puxando teu pênis?",Ereîeapyk kûepe kunhã amõ supé nde rakûãîekyîa?,"Ereîeapirõpe kunhã amõ supé, nde pypora pupé?",Ereîeapyk kûepe kunhã amõ supé nde rakûãîekyîa?
Deste atenção a tua confissão?,Ereîeapysakákatupe nde nhemombe'urama resé?,Ereîmombe'upe nde nhemombe'urama?,Ereîeapysakákatupe nde nhemombe'urama resé?
"Tu te permitiste cobrila, sendo tua parenta?",Ereîeîopykukarype nde maranungaramo?,Erenhemoatyrõpe nde ra'yra aé?,Ereîeîopykukarype nde maranungaramo?
"Pintastete a boca, sorrindo para os homens?","Ereîeîurumopiningype, abá supé epukamirĩamo?","Ereîeîurupykipe, abá momburu?","Ereîeîurumopiningype, abá supé epukamirĩamo?"
Pintastete a boca para sorrir para os homens?,"Ereîeîurumopiningype, abá supé epukamirĩamo?",Apŷaba momburu meémo?,"Ereîeîurumopiningype, abá supé epukamirĩamo?"
Tiveste amizade com um homem pecador?,Ereîekotyápe abáangaîpaba resé?,Ereîkópe abáangaîpaba resé?,Ereîekotyápe abáangaîpaba resé?
Aliastete com tua comborça?,Ereîekotyápe nde nhemõîa resé?,Ereîmoîo'ypupukype nde rapopé?,Ereîekotyápe nde nhemõîa resé?
Jejuaste por causa da primeira menstruação de tua filha?,Ereîekuakupe nde raîyra nhemondy'ara resé?,Ereîmoîekosupe nde raîyra i nhemondy'ara resé?,Ereîekuakupe nde raîyra nhemondy'ara resé?
Fizeste resguardo por causa do parto de tua mulher?,Ereîekuakupe nde remirekó membyrara resé?,Ereîepe'a tenhẽpe nde remirekó membyrara resé?,Ereîekuakupe nde remirekó membyrara resé?
Escarneceste de mulheres?,Ereîemoîoîaîpe kunhã resé?,Ereîemoîoîaîpe kunhã resé?,Ereîemoîoîaîpe kunhã resé?
Tiveste cobiça pelas coisas de alguém?,Ereîemomotápe abá mba'e resé?,Ereîeha'upe amõ resé nde rapirõmo?,Ereîemomotápe abá mba'e resé?
Acenaste com a mão para alguma mulher?,Ereîepoeîtykype kunhã amõ supé?,Ereîemoîoîaîpe kunhã amõ?,Ereîepoeîtykype kunhã amõ supé?
"Excitasteo, esfregandote no teu companheiro?",Ereîkapyrokype nde rapixarĩ resé eîekytyka?,Nde remoŷrõmbápe nde rapixarĩ resé ekotenhẽmo?,Ereîkapyrokype nde rapixarĩ resé eîekytyka?
"Excitasteo, querendo ejacular teu sêmen?",Ereîkapyrokype nde ra'ypupuka potá?,"Aîpukusápe, nde 'ybá potá?",Ereîkapyrokype nde ra'ypupuka potá?
"Excitasteo, querendo expelir teu sêmen?",Ereîkapyrokype nde ra'ypupuka potá?,"Nd'oîmoasyîpe mongetá, o îeaîubyka?",Ereîkapyrokype nde ra'ypupuka potá?
Estiveste no roçado para plantar roça,Ereîkó kopira resé kó tyma,Ereîkó umûãpe îukyra kuîa,Ereîkó kopira resé kó tyma
Tiveste relação sexual com pessoa solteira?,Ereîkópe abámendare'yma resé?,Ereîkópe nde mendasabe'yma amõ resé koîpó nde remirekó amõ resé?,Ereîkópe abámendare'yma resé?
Procedeste segundo a determinação do padre a ti?,Ereîkópe abaré nde moingoaba rupi?,Ereîporakápe abaré nde moingoaba rupi?,Ereîkópe abaré nde moingoaba rupi?
Tiveste relações com uma virgem também?,Ereîkópe kûare'ymano resé?,Ereîkópe kûare'ymano reséno?,Ereîkópe kûare'ymano resé?
"Tiveste relações sexuais com alguma mulher através das suas veredas na mata, como tua prostituta?",Ereîkópe kunhã amõ resé i ka'asaba rupi nhẽ nde sugûaraîyramo?,Ereîkópe kunhã amõ resé i kûáî kûara rupi nhẽ nde sugûaraîyramo?,Ereîkópe kunhã amõ resé i ka'asaba rupi nhẽ nde sugûaraîyramo?
Tiveste relações sexuais com alguma mulher como tua prostituta?,Ereîkópe kunhã amõ resé nde sugûaraîyramo?,Ereîkópe kunhã resé nde sugûaraîyramo?,Ereîkópe kunhã amõ resé nde sugûaraîyramo?
Fizeste sexo com uma mulher com alguém observandoo?,Ereîkópe kunhã resé abá remiandubamo?,Ereîkópe kunhã amõ resé nde resaraîamo?,Ereîkópe kunhã resé abá remiandubamo?
Tiveste relações sexuais com uma mulher casada?,Ereîkópe kunhãmendara resé?,Ereîukaípe kunhãmendara amõ resé?,Ereîkópe kunhãmendara resé?
Vives com alguma não batizada?,Ereîkópe sere'ymba'e amõ resé?,Ereîkópe kunhã nhemongaraibypyre'yma rupi?,Ereîkópe sere'ymba'e amõ resé?
Tiveste relações sexuais com algum sodomita?,Ereîkópe tebira amõ resé?,Ereîkópe tebira amõ resé?,Ereîkópe tebira amõ resé?
Deverias ter sabido antes o que fazias,Ereîkuá ranhẽ meémo emonã nde rekorama,Ereîkuá ranhẽ meémo emonã nde rekorama,Ereîkuá ranhẽ meémo emonã nde rekorama
Deverias ter sabido antes do teu agir assim,Ereîkuá ranhẽ meémo emonã nde rekorama,Ereîkuá ranhẽ meémo emonã nde rekorama,Ereîkuá ranhẽ meémo emonã nde rekorama
"Escondeste algum pecado teu do padre, envergonhandote dele?","Ereîkuakupe nde angaîpaba amõ abaré suí, senotĩamo nhẽ?","Ereîkuakupe nde angaîpaba amõ abaré suí, i xuí senonhẽndápe?","Ereîkuakupe nde angaîpaba amõ abaré suí, senotĩamo nhẽ?"
"Vituperaste pelas costas a teu pai, a teu mestre?","Ereîkupeanga'ope nde ruba, nde mbo'esara?","Nde pu'amixûé nde ruba, nde mbo'esara?","Ereîkupeanga'ope nde ruba, nde mbo'esara?"
Esfregaste teu pênis excitado?,Ereîkytykype nde ragûyrõ?,Ereî'apixabype nde pypora?,Ereîkytykype nde ragûyrõ?
Tiveste gozo com tuas lembranças de teus pecados antigos?,Ereîmborype nde angaîpagûera resé nde ma'enduasaba?,Ereîmborype nde angaîpagûera resé nde ma'enduasaba?,Ereîmborype nde angaîpagûera resé nde ma'enduasaba?
És tolerante com teu próximo ao querer ele trabalhar nos feriados?,Ereîmborype nde rapixara 'aretéreme i porabykypotareme?,Ereîeapirõpe nde rapixara marã i porabykypotareme?,Ereîmborype nde rapixara 'aretéreme i porabykypotareme?
Deleitastete no teu sonho com ela?,Ereîmborype sesé nde posaûsubagûera?,Ereîmborype sesé nde nhemomotarébo?,Ereîmborype sesé nde posaûsubagûera?
Deste as coisas sumidas que tu achaste para seu dono?,Ereîme'engype mba'ekanhema nde basemagûera i îara supé?,Ereîme'engype mba'ekanhema nde basemagûera i îara supé?,Ereîme'engype mba'ekanhema nde basemagûera i îara supé?
Deste veneno para uma mulher grávida?,Ereîme'engype mosangygûaba kunhãmuru'abora supé?,Ereîme'engype mosangygûaba kunhãmuru'abora supé?,Ereîme'engype mosangygûaba kunhãmuru'abora supé?
"Excitaste teu órgão sexual, lembrandote de mulheres?","Ereîmoanĩpe nde remimborará, kunhã resé nde ma'enduaramo?","Ereîmoîebype nde remimborará, kunhã resé nde ma'enduaramo?","Ereîmoanĩpe nde remimborará, kunhã resé nde ma'enduaramo?"
"Eis que estorvas muito tua vida, dificultandoa","Ereîmoarûabeté ã nde rekó, i moabaípa",Nde aé ereîkó îepé nde angaîpaba repyramo nhẽ,"Ereîmoarûabeté ã nde rekó, i moabaípa"
"Vomitaste cauim, brigando por causa dele?","Ereîmoîebype kaûĩ, sesé nde apore'ymamo?",Ereîeapirõpe kaûĩ resé nde apore'ymagûera resé?,"Ereîmoîebype kaûĩ, sesé nde apore'ymamo?"
Vomitas cauim?,Ereîmoîebype kaûĩ?,Ereîapugûyrõpe?,Ereîmoîebype kaûĩ?
Vomitaste cauim quando te encheu?,Ereîmoîebyrype kaûĩ nde poesemõneme?,Nde resekyîpe kaûĩ?,Ereîmoîebyrype kaûĩ nde poesemõneme?
Consolas teu pai e tua mãe em suas aflições?,Ereîmoîekosupe nde ruba nde sy sekotebẽsaba ri?,Eresaûsubápe nde ruba nde aryîa i mba'easy pupé?,Ereîmoîekosupe nde ruba nde sy sekotebẽsaba ri?
Induziste alguém a coisas más em seus futuros atos?,Ereîmoîesuerype abá mba'eaíba ri sekorama resé?,Eresekyîpe îuraragûaîa abá rekopoxy resé?,Ereîmoîesuerype abá mba'eaíba ri sekorama resé?
"Empregaste alguém por ocasião de um feriado, fazendoo trabalhar em algo?",Ereîmoingópe abá 'aretéreme marã i moporabykŷabo?,Ereîmoîesuerype abá 'aretéreme marã i moporabykŷabo?,Ereîmoingópe abá 'aretéreme marã i moporabykŷabo?
Envergonhaste à toa tua esposa?,Ereîmomara'a tenhẽpe nde remirekó?,Nd'oîkotebẽ bépe amõ o emirekó?,Ereîmomara'a tenhẽpe nde remirekó?
"Resististe a teu marido quando quis chegarse a ti, estando deitada longe dele?",Ereîmomaranype nde mena nde rerobypotareme i amongoty eîupa?,Ereîe'atype nde mena pé nde resemõsekéreme?,Ereîmomaranype nde mena nde rerobypotareme i amongoty eîupa?
"Contaste a maledicência de alguém, sendo mexeriqueiro?",Ereîmombe'upe abá marã'eagûera nde mba'epûeramo?,"Ereîmombe'upe abá nhe'engaíba, i motĩamo?",Ereîmombe'upe abá marã'eagûera nde mba'epûeramo?
"Contaste para as pessoas o mau procedimento de alguém, que somente tu viste?",Ereîmombe'upe abá rekopoxŷagûera oîepebẽ nde remiepîakûera abá supé?,Ereîmombe'upe abá rekopoxŷagûera oîepebẽ nde remiepîakûera abá supé?,Ereîmombe'upe abá rekopoxŷagûera oîepebẽ nde remiepîakûera abá supé?
"Contaste o mau procedimento de alguém, que somente tu viste, para as pessoas?",Ereîmombe'upe abá rekopoxŷagûera oîepebẽ nde remiepîakûera abá supé?,Ereîmombe'upe abá rekopoxŷagûera oîepebẽ nde remiepîakûera abá supé?,Ereîmombe'upe abá rekopoxŷagûera oîepebẽ nde remiepîakûera abá supé?
Contaste a maldade de alguém?,Ereîmombe'upe abá rekopoxŷagûera?,Ereîmombe'upe abá rekopoxŷagûera?,Ereîmombe'upe abá rekopoxŷagûera?
Contas o nome de alguém quando te confessa o padre?,Ereîmombe'upe abá rera abaré nde monhemombegûápe?,Ereîmombe'upe abá rera abaré nde monhemombegûápe?,Ereîmombe'upe abá rera abaré nde monhemombegûápe?
Mencionaste o nome de alguém para o padre?,Ereîmombe'upe abá rera abaré supé?,Ereîmombe'upe abá rera abaré supé?,Ereîmombe'upe abá rera abaré supé?
Contaste para alguém que tu ficaste passando a mão em mulheres?,Ereîmombe'upe kunhã resé nde pokópokokagûera abá supé?,Ereîmombe'upe kunhã resé nde pokópokokagûera abá supé?,Ereîmombe'upe kunhã resé nde pokópokokagûera abá supé?
Apartaste alguma mulher de seu marido?,Ereîmombo'irype kunhã amõ i mena suí?,Ereîmombo'irype kunhã amõ i mena suí?,Ereîmombo'irype kunhã amõ i mena suí?
Apartaste alguma mulher de seu marido?,Ereîmombo'irype kunhã amõ i mena suí?,Ereîmombo'irype kunhã amõ i mena suí?,Ereîmombo'irype kunhã amõ i mena suí?
Desperdiçaste as coisas de alguém?,Ereîmombukápe abá mba'e?,Ereîmombukápe abá mba'e?,Ereîmombukápe abá mba'e?
"Desvirginaste alguma menina, furandoa, estuprandoa?","Ereîmombukype kunhataĩ amõ, i mokûá, i mondoroka?","Ereîpe'ape kunhã amõ suí i moîáno, sesé epukamirĩamo?","Ereîmombukype kunhataĩ amõ, i mokûá, i mondoroka?"
"Desvirginaste alguma menina, furandoa?","Ereîmombukype kunhataĩ amõ, i mokûá?",Ereîpe'ape kunhataĩ amõ suí i mokûá?,"Ereîmombukype kunhataĩ amõ, i mokûá?"
Desvirginaste alguma menina?,Ereîmombukype kunhataĩ amõ?,Ereîepe'ape kunhataĩ amõ suí?,Ereîmombukype kunhataĩ amõ?
Ameaçaste alguém?,Ereîmomburupe amõ?,Ereîeapirõpe abá amõ?,Ereîmomburupe amõ?
Acariciaste tua namorada com quem brincaste desonestamente?,Ereîmomorangype nde kunhã'yba nde i moîaruagûera?,Ereîar nde kunhã'yba sesé i moîoamotare'yma?,Ereîmomorangype nde kunhã'yba nde i moîaruagûera?
Ficaste suspeitando sem motivo de tua esposa por causa de alguém?,Ereîmondámondá tenhẽpe nde remirekó abá resé?,Ereîapixabype nde rapixara nde 'angaingaípe?,Ereîmondámondá tenhẽpe nde remirekó abá resé?
Ficaste suspeitando de teu próximo em teu interior?,Ereîmondámondápe nde rapixara nde py'ape?,Ereîangerekópe nde rapixara nde py'ape?,Ereîmondámondápe nde rapixara nde py'ape?
Atraíste alguma mulher para junto de teu próximo?,Ereîmonharõpe kunhã amõ nde rapixara pyri?,Ereîoîaîpe kunhã amõ nde rapixarĩ pyri?,Ereîmonharõpe kunhã amõ nde rapixara pyri?
Fizeste que uma mulher se pusesse sobre ti para fazer sexo com ela?,Ereîmonhenongype kunhã nde 'arybo sesé eîkóbo?,Ereîerurépe kunhã amõ nde 'arybo sesé nhẽ nde moîekatuagûama resé?,Ereîmonhenongype kunhã nde 'arybo sesé eîkóbo?
Deixaste de ouvir a missa?,Ereîmopanemype missa renduba?,Ereîmopanemype missa renduba?,Ereîmopanemype missa renduba?
"Alternaste alguns dias de guarda, não entrando na igreja?","Ereîmopa'ũpe 'areté amõ, Tupãokype eîkee'yma?",Ereîapŷabype erimba'e Tupãokype nde akyrara potá?,"Ereîmopa'ũpe 'areté amõ, Tupãokype eîkee'yma?"
"Cumpriste as palavras de teu confessor, a autoflagelação, os jejuns?","Ereîmoporype nde monhemombegûara nhe'enga, nhenupã, îekuakuba?","Ereîmopyĩpe nde nhe'enga îepé, eîemopaîeangaîpa?","Ereîmoporype nde monhemombegûara nhe'enga, nhenupã, îekuakuba?"
Desarmaste as armadilhas de teu próximo?,Ereîmopyĩpe nde rapixara mundé?,Ereîmopyĩpe nde rapixara ku'a?,Ereîmopyĩpe nde rapixara mundé?
Toleraste as pessoas em sua crença no pajé?,Ereîmorype abá paîé rerobîaragûama resé?,Eresepîakĩpe abá serobîá?,Ereîmorype abá paîé rerobîaragûama resé?
Aceitaste suas palavras ao dar ordens a ti para alguma coisa boa?,Ereîmorype i nhe'enga mba'ekatu resé nde pûaîme?,Ereîporakápe mba'ekatu resé nde mondarõmbyra?,Ereîmorype i nhe'enga mba'ekatu resé nde pûaîme?
Aceitaste as palavras deles?,Ereîmorype i nhe'enga?,Ogûerobîarype i 'éagûera?,Ereîmorype i nhe'enga?
Fizeste tua companheira uma prostituta?,Ereîmosugûaraîype nde rapixarĩ?,I mendápe nde remirekó?,Ereîmosugûaraîype nde rapixarĩ?
Usaste um homem como mulher ou usoute como mulher um homem?,Ereîmotebirype abá koîpó nde motebirype abá?,Ereîmoîebyrype abá koîpó nde remirekó abá resé?,Ereîmotebirype abá koîpó nde motebirype abá?
Ficaste usando como mulher o teu próximo?,Ereîmotebitebipe nde rapixara?,Ereîmondámondá tenhẽpe nde remirekó nde rapixara ri?,Ereîmotebitebipe nde rapixara?
"Fizeste o pajé ser feiticeiro, acreditando nele?","Ereîmoupixûarype paîé, serobîá?",Ereîmoîarukarype merendar îerobîara resé?,"Ereîmoupixûarype paîé, serobîá?"
Ofendeste teu pai?,Ereînhe'engybõpe nde ruba?,Xe rubape ereîeroky,Ereînhe'engybõpe nde ruba?
Escarneceste de alguma pessoa?,Ereîoîaîpe abá amõ?,Eresekyîpe îuraragûaîa abá supé?,Ereîoîaîpe abá amõ?
Mandaste tua esposa ir em busca de mulheres?,Ereîopûaîpe nde remirekó kunhã resé?,Ereîopûaîpe nde remirekó kunhã resé?,Ereîopûaîpe nde remirekó kunhã resé?
"Cobriste tua esposa quando sucedia o sangue dela (isto é, na sua menstruação)?","Ereîopykype nde remirekó, sugûy sekóreme?","Ereîopykype nde remirekó, sugûy sekóreme?","Ereîopykype nde remirekó, sugûy sekóreme?"
"Visitaste o covo de alguém, arrancando seu conteúdo?",Ereîosubype abá îeke'a i poroka?,Erevisápe abá tybyra i pupé i pora rá?,Ereîosubype abá îeke'a i poroka?
"Visitaste o covo de alguém, esvaziandoo?",Ereîosubype abá îeke'a i poroka?,Erevisitápe abá tymagûera iî a'ubamo?,Ereîosubype abá îeke'a i poroka?
Visitaste o buraco do covo de alguém?,Ereîosubype abá îeke'i kûara?,Ereîosubype abá tymagûera?,Ereîosubype abá îeke'i kûara?
Afastaste teu filho e teu escravo de suas amantes?,"Ereîpe'ape nde ra'yra, nde remiaûsuba i agûasá suí?",Xe 'atyragûasu,"Ereîpe'ape nde ra'yra, nde remiaûsuba i agûasá suí?"
Ajudas teu pai e tua mãe?,Ereîpopytybõpe nde ruba nde sy abé?,Ereîpopytybõpe nde ruba nde sy abé?,Ereîpopytybõpe nde ruba nde sy abé?
Obedeceste às palavras do governante da aldeia ou a teu mestre?,Ereîporakápe taba rerekoara nhe'enga koîpó nde mbo'esara?,Ereîmoîesuerype nhe'enga nde morombo'esaramo koîpó nde mbo'esara?,Ereîporakápe taba rerekoara nhe'enga koîpó nde mbo'esara?
Cumpriste as palavras do governante da aldeia?,Ereîporakápe taba rerekoara nhe'enga?,Ereîporakápe tubixákatu nhe'enga?,Ereîporakápe taba rerekoara nhe'enga?
Queres que eu te unte com óleo bento?,Ereîpotápe îandykaraíba pupé ixé nde pixyba?,Ereîpotápe îandykaraíba pupé ixé nde pixyba?,Ereîpotápe îandykaraíba pupé ixé nde pixyba?
Queres ouro?,Ereîpotápe itaîuba?,Ereîpotápe itaîuba?,Ereîpotápe itaîuba?
Queres teu batismo?,Ereîpotápe nde nhemoîasuka?,Ereîpotápe nde nhemoîasuka?,Ereîpotápe nde nhemoîasuka?
Queres que ele te coma?,Ereîpotápe nde 'u?,Ereîpotápe nde 'u?,Ereîpotápe nde 'u?
"Desviaste de alguém, detestandoo, para não o ver?",Ereîpynekûápe abá i amotare'yma nhẽ sepîaka suí?,"Abá suípe ereîepe'a, sesé oîepe'a nhẽ, sesé oîeke'yma?",Ereîpynekûápe abá i amotare'yma nhẽ sepîaka suí?
"Ainda que os libertes, retirálosei de tua mão","Ereîpysyrõ îepéne, nde pó suí anosẽne","Ereîpe'a îepéne, nde pópe arekókatu","Ereîpysyrõ îepéne, nde pó suí anosẽne"
Ficaste dono daquilo que alguém esqueceu?,Ereîpysyrõpe abá resaraîagûera?,Ereî'atype abá mba'e resé nde resaraîxûere'yma?,Ereîpysyrõpe abá resaraîagûera?
Ajudaste alguém num roubo?,Ereîpytybõpe abá mondá resé?,Ereîpytybõpe abá mondarõagûera resé?,Ereîpytybõpe abá mondá resé?
Ajudaste alguém num roubo?,Ereîpytybõpe abá mondá resé?,Ereîpytybõpe abá mondarõagûera resé?,Ereîpytybõpe abá mondá resé?
Lançaste algum menino que estava aconchegado a ti sobre ti por desejo sensual?,Ereîtykype kunumĩ amõ nde abiîxûara nde 'arybo moropotara suí?,"Ereîapipe pitanga amõ nde abiîxûara nde 'arybo, nde nhe'enga pupé?",Ereîtykype kunumĩ amõ nde abiîxûara nde 'arybo moropotara suí?
Lançaste algum menino sobre ti por desejo sensual?,Ereîtykype kunumĩ amõ nde 'arybo moropotara suí?,Ereîapipe kunumĩ amõ nde 'arybo?,Ereîtykype kunumĩ amõ nde 'arybo moropotara suí?
Estiveste deitado outrora sobre tua amante como um rufião?,Ereîubype erimba'e nde agûasá 'arybo nde arãíbamo?,Ereîubype nde remirekó suí tekopoxy rupi?,Ereîubype erimba'e nde agûasá 'arybo nde arãíbamo?
Estiveste deitada sobre teus amantes?,Ereîubype nde agûasá 'arybo?,Nde pu'amixûé nde rapixarĩ 'arybo?,Ereîubype nde agûasá 'arybo?
"Forçaste alguma mulher, sendo tu ladino com ela?","Ereîukaípe kunhã amõ, sesé nde ara'apy'iramo?",Ereîaîubãpe kunhã amõ sesé nde moîekosupaagûera resé?,"Ereîukaípe kunhã amõ, sesé nde ara'apy'iramo?"
Violentaste uma solteira antes de lhe fazer mal?,Ereîukaípe mendare'yma i momoxy îanondé?,Ereîmonharõpe mendare'yma amõ?,Ereîukaípe mendare'yma i momoxy îanondé?
Forçaste uma solteira antes de lhe fazer mal?,Ereîukaípe mendare'yma i momoxy îanondé?,Ereîukaípe mendare'yma i moangaîpapa?,Ereîukaípe mendare'yma i momoxy îanondé?
Mataste?,Ereîukápe?,Nde re'õpe?,Ereîukápe?
Queres comer farinha puba?,Ereî'useîpe u'ipuba?,Ere'upe mba'ekagûera?,Ereî'useîpe u'ipuba?
"Bebeste cauim, temendo tua embriaguez?","Ereka'upe, nde sabeypora reroangûabo nhẽ?",Ere'upe takûara nde moîekuakupa?,"Ereka'upe, nde sabeypora reroangûabo nhẽ?"
"Dormes, Guaixará?","Ereképe, Gûaîxará?","Nd'ereîubype, Gûaîxará?","Ereképe, Gûaîxará?"
Estavas realmente dormindo?,Ereképipó eîupa?,Ereképipó eîupa?,Ereképipó eîupa?
ter,erekó,(pron recipr):,erekó
tratar,erekó,ekomonhang (s),erekó
punir,erekomarã,moabaité,erekomarã
ofender,erekomemfiã,moiegfiak,se
Foste à roça no domingo ou em algum dia de guarda?,Erekopîasópe domingo koîpó 'areté amõ pupé?,Erekopîasópe 'aretéreme koîpó 'areté amõ pupé?,Erekopîasópe domingo koîpó 'areté amõ pupé?
confundir,erekorekó; moapa1ugíiá; moapa tynã; monan; apamonan; mombe'uabaiõ; mbo'eatb,moaiu,erekorekó; moapa1ugíiá; moapa tynã; monan; apamonan; mombe'uabaiõ; mbo'eatb
Olhaste também com desejo para a vagina de alguma?,Erema'ẽnhemomotarype amõ rapopé reséno?,Ereîpysyrõ bépe kunhã amõ resé?,Erema'ẽnhemomotarype amõ rapopé reséno?
Curaste os doentes,Eremombûeîrá mara'abora,Mba'easybora ereseîura,Eremombûeîrá mara'abora
Furtaste na roça de teu próximo?,Eremondarõpe nde rapixaba kópe?,Ereîekuakupe nde rapixara ku'a resé?,Eremondarõpe nde rapixaba kópe?
Foste traidor de tua esposa?,Eremondarõpe nde remirekó suí?,Nde pe'a tenhẽpe nde remirekó suí?,Eremondarõpe nde remirekó suí?
Tomaste poção querendo o aborto de teu filho?,Eremosangu'upe nde membyra akyrara potá?,Mosangape ereîpuru nde membyra kuabe'engagûama resé?,Eremosangu'upe nde membyra akyrara potá?
"Tomaste veneno, querendo abortar teu filho?",Eremosangu'upe nde membyra akyrara potá?,Ereîekuakupe nde membyra kambápe?,Eremosangu'upe nde membyra akyrara potá?
"Falaste duramente a alguém, irritandoo, fazendoo odiar as pessoas?","Erenhe'engaparatãpe abá supé, i moroŷrõmo, i moporoamotare'yma?","Nde remo'emype nde rapixara resé i moŷrõmo, i momara'a?","Erenhe'engaparatãpe abá supé, i moroŷrõmo, i moporoamotare'yma?"
"Falaste duramente a alguém, irritandoo?","Erenhe'engaparatãpe abá supé, i moŷrõmo?",Nde remo'emype nde rapixara resé?,"Erenhe'engaparatãpe abá supé, i moŷrõmo?"
"Dardejaste palavras em teu pai, respondendo ele agressivamente?","Erenhe'engybõpe nde ruba, i îuruobaîtĩamo?","Ereîpynekûápe nde ruba, nde arõana?","Erenhe'engybõpe nde ruba, i îuruobaîtĩamo?"
"Enfeitastete, pintandote, tendo desejos carnais?",Erenhemoatyrõpe eîegûaka nde poropotaramo?,"Erenhemoatyrõpe nde, nde robá, seté amõ resé?",Erenhemoatyrõpe eîegûaka nde poropotaramo?
"Enfeitastete, tendo desejo sensual?",Erenhemoatyrõpe nde poropotaramo?,Ereîaobok serã nde îosuí?,Erenhemoatyrõpe nde poropotaramo?
Tu te entregaste ao imaginar em teu sono que um homem fazia sexo contigo?,Erenhemoaûîépe nde kerype nde resé abá rekó mo'angeme?,Ereîe'aîtápe nde rekó resé abá resé nde resendûara mo'anga?,Erenhemoaûîépe nde kerype nde resé abá rekó mo'angeme?
"Tu tiveste polução, tendo desejos sensuais?",Erenhemoa'ypupukype nde poropotaramo?,"Nde purepukype, eîeapirõmo?",Erenhemoa'ypupukype nde poropotaramo?
Confessastete antes de nascer teu filho?,Erenhemombe'upe nde membykuî îanondé?,Ereîkupeanga'ope nde membykuî îanondé?,Erenhemombe'upe nde membykuî îanondé?
"Tornastete pajé, fazendo sucções?",Erenhemopaîépe eposubana?,Erenhemoa'ypupukype nde poropotaramo?,Erenhemopaîépe eposubana?
Tu te preocupaste com que teus vizinhos ouvissem a missa ao começar ela?,Erenhemosaînanype nde rambyagûá missa iîypyrungápe sendubagûama ri?,Ereîmoîebype nde rapixara missa iîypyrungápe sendubagûama ri?,Erenhemosaînanype nde rambyagûá missa iîypyrungápe sendubagûama ri?
"Tu te preocupaste com que teu filho, os que estão em tua casa, teus vizinhos ouvissem a missa desde o começo dela?","Erenhemosaînanype nde ra'yra, nde roka pora nde rambyagûá missa iî ypyrungápe sendubagûama ri?","Ereîekûáîpe nde membyra, nde roka, nde rapixara missa iî ypyrungápe sendubagûama resé?","Erenhemosaînanype nde ra'yra, nde roka pora nde rambyagûá missa iî ypyrungápe sendubagûama ri?"
"Ficaste impotente diante de tua esposa, detestandoa?","Erenhemote'õ'ape nde remirekó supé, i amotare'yma nhẽ?","Ereîanga'ope nde remirekó supé, saûsupa?","Erenhemote'õ'ape nde remirekó supé, i amotare'yma nhẽ?"
Escondeste alguma coisa que estava na igreja?,Erenhomimype erimba'e Tupãokygûara mba'e amõ?,Ereîmoîekosupe erimba'e Tupãokygûara mba'e?,Erenhomimype erimba'e Tupãokygûara mba'e amõ?
"Passaste as mãos nalguma virilha de mulher, estando enternecido?","Erepo'ẽpe kunhã rapopé amõ pupé, nde akyramo?",Ereîepoeîtykype kunhã akanga resé nde rapopé resé i moapysykápe?,"Erepo'ẽpe kunhã rapopé amõ pupé, nde akyramo?"
Meteste a mão nas partes erógenas de teu próximo?,Erepo'ẽpe nde rapixara rapupé resé?,Ereîkytykype nde rapixara rugûy?,Erepo'ẽpe nde rapixara rapupé resé?
Meteste a mão nas partes erógenas de teu companheiro?,Erepo'ẽpe nde rapixara rapupé resé?,Ereîkytykype nde rapixara rugûy?,Erepo'ẽpe nde rapixara rapupé resé?
"Tocaste nas partes erógenas de uma mulher, atraindote por ela?",Erepokokype kunhã rapupé resé sesé enhemomotá?,Ereî'useîpe kunhã rugûy sesé enhemomotá?,Erepokokype kunhã rapupé resé sesé enhemomotá?
"Tocaste no teu pênis, excitandote?",Erepokokype nde rakûãîa resé enhemoagûyrõmo?,Erepokokype nde rapopé resé i moîáno?,Erepokokype nde rakûãîa resé enhemoagûyrõmo?
"Tocaste nas tuas virilhas, abrindo as pernas, masturbandote?","Erepokokype nde rapopé resé epypekábo, eîeîukábo?","Erepokokype nde rapopé resé i pipekábo, i moîáno?","Erepokokype nde rapopé resé epypekábo, eîeîukábo?"
"Passaste a mão nas tuas pudendas, abrindoas, alargandoas?","Erepokokype nde rapopé resé i pekábo, i pypirá?","Erepokokype nde poesemõ, i moatãmo, i momoranga?","Erepokokype nde rapopé resé i pekábo, i pypirá?"
"Tocaste nas tuas pudendas, abrindolhes a pele?",Erepokokype nde rapopé resé i pipekábo?,Erepokokype nde rapopé resé i pipekábo?,Erepokokype nde rapopé resé i pipekábo?
"Passaste a mão nas tuas pudendas, abrindoas?","Erepokokype nde rapopé resé, i pekábo?",Erepokokype pudinhas ri i mosema?,"Erepokokype nde rapopé resé, i pekábo?"
"Assassinaste gente após acabar a guerra, matando prisioneiros?","Ereporapitipe marana pab'iré, mbiarûera nhẽ îukábo?","Ereporapitipe marana pab'iré, mbiarûera nhẽ îukábo?","Ereporapitipe marana pab'iré, mbiarûera nhẽ îukábo?"
Comeste gente?,Ereporupe?,Ere'upe abá?,Ereporupe?
"Tomaste remédio, não querendo ficar grávida?",Ereposangu'upe nde puru'apotare'ymamo?,Eresugûype nde membypotare'yma resé?,Ereposangu'upe nde puru'apotare'ymamo?
"Tomaste remédio, não querendo ficar grávida?",Ereposangu'upe nde puru'apotare'ymamo?,Eresugûype nde membypotare'yma resé?,Ereposangu'upe nde puru'apotare'ymamo?
Trabalhaste em conjunto por ocasião dos feriados?,Erepotyrõpe 'aretéreme?,Ereporopotarype ko'arapukuî?,Erepotyrõpe 'aretéreme?
"Bateste numa mulher grávida, matando o feto dela? (Isto é, só o feto é que foi morto, não a mãe)","Erepûarype kunhã muru'abora resé, pitanga îukábo i xuí?","Ereîkópe kunhã muru'abora resé, i pitanga îukábo emonã?","Erepûarype kunhã muru'abora resé, pitanga îukábo i xuí?"
Levao completamente,Ererasó nhetekatunhẽpeũî,Aîeakasó,Ererasó nhetekatunhẽpeũî
Estragaste as coisas de teu próximo?,Ererekomemûãpe nde rapixara mba'e?,Nde remitỹmbype nde rapixara mba'e?,Ererekomemûãpe nde rapixara mba'e?
Portastete mal com tua embriaguez?,Ererekómemûãpe nde sabeypora?,Oîmoîebype gûá o emi'urama resé?,Ererekómemûãpe nde sabeypora?
Acreditaste nas mentiras de alguém?,Ererobîápe abá remo'ema?,Ererobîápe abá nde 'îaba?,Ererobîápe abá remo'ema?
Acreditas em falsas oferendas ou em pajelanças?,Ererobîápe îetanonga'uba koîpó karaimonhanga?,Ererobîápe îetanonga'uba koîpó karaimonhanga?,Ererobîápe îetanonga'uba koîpó karaimonhanga?
Acreditas em falsas oferendas?,Ererobîápe îetanonga'uba?,Ererobîápe îetanonga'uba?,Ererobîápe îetanonga'uba?
Acreditas em falsas oferendas?,Ererobîápe îetanonga'uba?,Ererobîápe îetanonga'uba?,Ererobîápe îetanonga'uba?
Acreditas na dança do maracá?,Ererobîápe maraká poraseîa?,Ererobîápe maraká poraseîa?,Ererobîápe maraká poraseîa?
Crês que o pajé ruim é o que tem o dom dos prodígios?,Ererobîápe paîéaíba mosangyîaramo sekó?,Nde'epe abámemûã mba'eeté rerekóbo?,Ererobîápe paîéaíba mosangyîaramo sekó?
Acreditas na dança do Guajupiá?,Ererobîarype Gûaîupîá moraseîa?,Ererobîarype gûaîupîá poraseîa?,Ererobîarype Gûaîupîá moraseîa?
Acreditas nos feitiços do pajé?,Ererobîarype paîé îekaraimonhanga?,Nd'oîerobîaripe abá nhe'engaiba?,Ererobîarype paîé îekaraimonhanga?
Acreditas no pajé ao fingir assassinar as pessoas?,Ererobîarype paîé porapiti mo'anga'uba?,Oroîoysyrung,Ererobîarype paîé porapiti mo'anga'uba?
Entraste com ele em teu aposento?,Ereroîképe nde kotype?,Ererokûérokûerype nde kotype?,Ereroîképe nde kotype?
Dormiste muitas vezes com ódio?,Ererokeretápe îoamotare'yma?,Xe moorykatu îepé,Ererokeretápe îoamotare'yma?
Dormiste com ódio muitas vezes?,Ererokeretápe îoamotare'yma?,Xe moorykatu îepé,Ererokeretápe îoamotare'yma?
Ficaste detendo contigo alguma pessoa?,Ererokûérokûerype abá amõ?,Ereîaratãpe abá amõ?,Ererokûérokûerype abá amõ?
Bateste com um pau na tua esposa!,Ereropûar ybyrá nde remirekó resé!,Ereropûar ybyrá nde remirekó nde akambûera pupé!,Ereropûar ybyrá nde remirekó resé!
Bateste com o pau na tua esposa!,Ereropûar ybyrá nde remirekó resé!,Ereropûar ybyrá nde remirekó resé!,Ereropûar ybyrá nde remirekó resé!
Detestas completamente a confiança dele em si mesmo?,Ereroŷrõmbápe o îoesé i îerobîara?,Erenhemoîtykype nde îoesé i îerobîara?,Ereroŷrõmbápe o îoesé i îerobîara?
Detestas completamente suas obras?,Ereroŷrõmbápe sekó?,Ereîmoîebype sekó?,Ereroŷrõmbápe sekó?
Trouxeste algumas facas de ferro?,Ererupe itá kysé amõ?,Itangapema ri serã ereîaso'i?,Ererupe itá kysé amõ?
Trouxeste tua caixa?,Ererupe nde karamemûã?,Ererokûérokûépe nde kartá?,Ererupe nde karamemûã?
Trouxeste tua caixa?,Ererupe nde karamemûã?,Ererokûérokûépe nde kartá?,Ererupe nde karamemûã?
Trouxeste teu fumo?,Ererupe nde petyma?,Ererokûerype nde sigarra?,Ererupe nde petyma?
Por acaso trouxeste muitas coisas?,Ereruretá serã?,N'ererupe i îoesé?,Ereruretá serã?
"Trouxeste muitas coisas, porventura?",Ereruretá serã?,"Ereruretá, anhangap'ikó?",Ereruretá serã?
Acaso trouxeste muitas coisas?,Ereruretá serã?,Xe agûasá gûitekóbo,Ereruretá serã?
Imitaste os homens maus?,Eresa'angype abámemûã?,Ereîkópe abámemûã îabé?,Eresa'angype abámemûã?
"Quiseste embebedarte outrora, impregnandote de cauim?",Eresabeypópotarype erimba'e kaûĩ pupé enhemomungábo?,Ereî'amĩpe kaûĩ resé enhemoingóbo?,Eresabeypópotarype erimba'e kaûĩ pupé enhemomungábo?
"Ficaste bêbado de cauim, perdendo o juízo?",Eresabeyporype kaûĩ suí 'ara mokanhema?,Ereîapyaípe îeke'a i moîáno?,Eresabeyporype kaûĩ suí 'ara mokanhema?
"Ficaste bêbado de cauim, perdendo o juízo?","Eresabeyporype kaûĩ suí, 'ara mokanhema?",Ereîapyaípe îeke'a i moîáno?,Eresabeyporype kaûĩ suí 'ara mokanhema?
Fizeste incisões em teu filho quando a lua começou a sair?,Eresaírype nde ra'yra îasy semypyreme?,Xe agûyagûy,Eresaírype nde ra'yra îasy semypyreme?
Obedeces a eles quando te fazem viver no vício?,Eresapîápe tekopoxy resé nde moingóreme?,Ereîporakápe víctico nde moingóbo?,Eresapîápe tekopoxy resé nde moingóreme?
"Piscaste para alguma, também?",Eresapumimype amõ supéno?,Ereîapysakákatupe abá nhe'enga abépe?,Eresapumimype amõ supéno?
"Tens compaixão de tua mãe e de teu pai quando eles estão deitados, doentes, sendo responsável por eles?","Eresaûsubápe nde sy nde ruba i mba'easy tume, sesé nde morerekoaramo?","Ereîmborype nde ruba nde sy i atukupébo i mba'easyreme, sesé nde nhemomotaramo?","Eresaûsubápe nde sy nde ruba i mba'easy tume, sesé nde morerekoaramo?"
Compadecestete de tua mãe e de teu pai?,"Eresaûsubápe nde sy, nde ruba?",Ereîmoasype nde ruba nde sy abé?,"Eresaûsubápe nde sy, nde ruba?"
"Tu te compadeceste deles quando eles estavam doentes, tirandolhes fogo?","Eresaûsubarype i mba'easyreme, satáá","Eresaûsubarype i mba'easyreme, tatá pupé i moîáno?","Eresaûsubarype i mba'easyreme, satáá"
"Compadecestete deles por ocasião de sua doença, acendendo seu fogo, alimentandoos, procurandolhes alimento?","Eresaûsubarype i mba'easyreme, satáá, i poîa, i poraká?","Eresaûsubary i mba'easyreme, tatá reropûá, i mbo'ir, i gûabo","Eresaûsubarype i mba'easyreme, satáá, i poîa, i poraká?"
"Compadecestete deles, procurandolhes alimento?",Eresaûsubarype i poraká?,Eresaûsubarype i poraká?,Eresaûsubarype i poraká?
"Urdiste mentiras contra alguém, envergonhandoo, fazendoo ser tratado como mentiroso?",Eresekyîpe îuraragûaîa abá supé i motĩamo nhe'engabamo serekóuká?,"Ereîanga'ope abá supé, i mokûá, i moŷrõmo?",Eresekyîpe îuraragûaîa abá supé i motĩamo nhe'engabamo serekóuká?
"Urdiste mentiras contra alguém, envergonhandoo?",Eresekyîpe îuraragûaîa abá supé i motĩamo?,Nde remo'emype nde rapixara resé?,Eresekyîpe îuraragûaîa abá supé i motĩamo?
"Urdiste mentiras contra alguém, desonrandoo?",Eresekyîpe îuraragûaîa abá supé i motĩbyka?,Eresekyîpe îuraragûaîa abá supé i mosykuîa?,Eresekyîpe îuraragûaîa abá supé i motĩbyka?
Urdiste mentiras contra alguém?,Eresekyîpe îuraragûaîa abá supé?,Eresekyîpe îuraragûaîa abá supé?,Eresekyîpe îuraragûaîa abá supé?
Urdiste mentiras contra alguém?,Eresekyîpe îuraragûaîa abá supé?,Eresekyîpe îuraragûaîa abá supé?,Eresekyîpe îuraragûaîa abá supé?
Já saíste da grande escuridão,Eresem ymã putunusu suí,Eresem ymã putunusu suí,Eresem ymã putunusu suí
Quiseste muito ouvir difamações que alguém profere?,Eresendupotákatupe terapûanaíba abá remimombe'u?,Ereîpotápe nde renõîndara rendupa?,Eresendupotákatupe terapûanaíba abá remimombe'u?
Invocaste a Deus em vão ao mentires?,Eresenõî tenhẽpe Tupã nde îuraragûaîtápe?,Eresenõî tenhẽpe Tupã nde îeruresaba resé?,Eresenõî tenhẽpe Tupã nde îuraragûaîtápe?
"Invocaste em vão o nome de Deus, mentindo, sabendo ser mentira?","Eresenõî tenhẽpe Tupã rera, nde îuraragûaîamo nhẽ, îuraragûaîamo sekó kuapa?","Eresenõî tenhẽpe Tupã rera, nde îeruresûaramo nhẽ, nde îuraragûaîamo sekó kuapa?","Eresenõî tenhẽpe Tupã rera, nde îuraragûaîamo nhẽ, îuraragûaîamo sekó kuapa?"
Toleraste o desejo sensual em direção a ti?,Eresepîakĩpe îopotara nde kotype?,Eresepîakĩpe nde 'anga potá?,Eresepîakĩpe îopotara nde kotype?
Queres sair em vão de debaixo de nossas mãos,Eresẽpotá tenhẽ oré pó gûyra suí,Eresẽpotá oré pó gûyrybo,Eresẽpotá tenhẽ oré pó gûyra suí
Pagaste já o objeto de teu furto?,Eresepyme'eng ygûãpe nde mondasagûera?,Ereîmoîebyrype nde remimombe'upûera?,Eresepyme'eng ygûãpe nde mondasagûera?
Pagaste aquilo que tu usaste?,Eresepyme'engype nde remiporupûera?,Eresepyme'engype nde remimokanhẽagûera?,Eresepyme'engype nde remiporupûera?
Fizeste chegar o pagamento como retribuição de um trabalho?,Eresepymondykype marãtekó repyramo?,Eresepyme'engype marãtekó repyramo?,Eresepymondykype marãtekó repyramo?
Vais neste dia,Eresó kó 'ara ri,Eresó kó 'ara ri,Eresó kó 'ara ri
Vais definitivamente,Eresó nhẽ peũî,Nde îepi i îukapyramo,Eresó nhẽ peũî
Eis que vais Vais (agora),Eresó ûĩ,Eresó ûĩ,Eresó ûĩ
"Vais, neste dia","Eresó, kó 'ara ri",Ereîkó kori,"Eresó, kó 'ara ri"
"Foste para revistar as cisternas de água doce de alguém, tomando seu conteúdo?","Eresópe abá îeky'ye'ẽ supa, i pora rá?","Eresópe abá 'ykaraíba ma'e amõ supa, i pupé i moîebyû?","Eresópe abá îeky'ye'ẽ supa, i pora rá?"
"Foste para revistar os covos de água doce de alguém, tomando seu conteúdo?","Eresópe abá îeky'ye'ẽ supa, i pora rá?","Eresópe abá 'y gûabo, i pupé seni?","Eresópe abá îeky'ye'ẽ supa, i pora rá?"
Desvirginaste alguma menina?,Eresugûykápe kunhataĩ amõ?,Ereîepe'ape kunhataĩ amõ suí?,Ereîmombukype kunhataĩ amõ?
Desvirginaste alguma menina? Segundo tua vontade ou ela resistiu completamente?,Eresugûykápe kunhataĩ amõ? Semimotara rupipe koîpó i popyatãmbápe?,Ereîepe'ape kunhã suí nde remimotarybo koîpó ereropûar ybŷá sesé?,Eresugûykápe kunhataĩ amõ? Semimotara rupipe koîpó i popyatãmbápe?
Apalpaste teu ventre para matar teu filho?,Eresungápe nde rygé nde membyra îukábo?,Eresungápe nde 'anga nde membyra re'õ resé?,Eresungápe nde rygé nde membyra îukábo?
"Invocaste o Anhanga, o Taguaíba, o Curupira, o Jurupari ou a morte para alguém?","Eresykyîpe Anhanga, Tagûaíba, Kurupira, Îurupari koîpó te'õ abá supé?","Eresykyîpe Anhanga, Tagûaíba, Kurupira, Îurupari koîpó te'õ abá supé?","Eresykyîpe Anhanga, Tagûaíba, Kurupira, Îurupari koîpó te'õ abá supé?"
Comeste objeto de furto de alguém?,Ere'upe abá mondarõagûera?,Ere'upe abá mba'eagûera?,Ere'upe abá mondarõagûera?
Comeste carne no tempo de não a comer?,Ere'upe so'o i gûabe'yma pupé?,Ere'upe so'o i gûabe'yma?,Ere'upe so'o i gûabe'yma pupé?
"Comeste carne de caça, tendo farinha?",Ere'upe so'o u'i rerekóbo nhẽpe?,"Ere'upe gûyrá, oîo'u bépe avati?",Ere'upe so'o u'i rerekóbo nhẽpe?
Comeste terra?,Ere'upe yby?,Ere'upe yby?,Ere'upe yby?
maldição! (interj),eri!,I abaetékatu kó!,eri!
"Que nada! Vou vencêlos, como sempre",Erĩ! Aîmoaûîé îandune,"Aîkó pá i îabé, xe rekópysasu",Erĩ! Aîmoaûîé îandune
"Ah! Na verdade hei de me enfeitar, pintandome de preto",Erĩ! Aûîetépakó aîegûak ûinhemoúna,Aûîeté pakó aîegûak ûiîemoúna,Erĩ! Aûîetépakó aîegûak ûinhemoúna
Ai! Queimame Deus!,Erĩ! Xe rapy Tupã!,Tupã t'okaî!,Erĩ! Xe rapy Tupã!
"Ah, muito bem!","Erĩ, aûîé!","Té, aûîé nipó!","Erĩ, aûîé!"
"Ah, muito bem, ficai tranquilos!","Erĩ, aûîé, peputu'u!","Erĩ, aûîé! Teumẽ, pe apysykatu!","Erĩ, aûîé, peputu'u!"
"Ah, não estamos acovardados!","Erĩ, nd'oré abangabi!",Asé suí asé na sykyî xûétemo!,"Erĩ, nd'oré abangabi!"
"Irra, gambá!","Erĩ, sarigûeîa é!","Eîmonhang, sarigûeîa é!","Erĩ, sarigûeîa é!"
outrora,erimba'e,erimba'endûarûera,erimba'e
"Futuramente, com certeza, a inimiga de minha alma há de bater em minha porta",Erimba'e ipó xe 'anga robaîara xe rokena moîapuûne re'a,"Eîori, ipó, xe 'anga suí i aoba'e ruri xe rokena motaka turagûama resé",Erimba'e ipó xe 'anga robaîara xe rokena moîapuûne re'a
"Eu sou o que é antigo, o de tempos atrás",Erimba'endûarûera ixé,Erimba'endûarûera ixé,Erimba'endûarûera ixé
Quando cumprirás isso que tu dizes?,Erimba'epe aîpó nde 'îaba ereîmopóne?,Erimba'epe aîpó nde 'îaba ereîkó?,Erimba'epe aîpó nde 'îaba ereîmopóne?
Quando cumprirás isso que dizes?,Erimba'epe aîpó nde 'îaba ereîmopóne?,Erimba'epe aîpó nde 'îaba ereîmopóne?,Erimba'epe aîpó nde 'îaba ereîmopóne?
Quando foi para visitála?,Erimba'epe i xóû i xupa?,Erimba'epe i xóû i xupa?,Erimba'epe i xóû i xupa?
Quando foi para visitála? Por ocasião da gravidez de seu filho São João,Erimba'epe i xóû i xupa? I membyra São João rurureme,Erimba'epe i xóû i xupa? I membyra São João o puru'aramo?,Erimba'epe i xóû i xupa? I membyra São João rurureme
Quando o proferiu?,Erimba'epe sa'angi?,Erimba'epe aîpó i 'éû?,Erimba'epe sa'angi?
detestar,ero9rõ; amotare'ym,iî abaíb,ero9rõ; amotare'ym
converter,erobak,moakasãi,erobak
Volta em nossa direção teus olhos compadecedores,Erobak oré koty nde resáporaûsubara,Erobak oré koty nde resáporaûsubara,Erobak oré koty nde resáporaûsubara
"Acredita, meu padrinho, hão de te apresar hoje","Erobîá, xe rubangab, ta nde moembiá kori","Eîerobîá xe îara, kori i moarûapa","Erobîá, xe rubangab, ta nde moembiá kori"
"Acredita, meu padrinho, hão de te apresar hoje","Erobîá, xe rubangaba, ta nde moembiá kori","Eîerobîá xe îara, kori i moarûapa","Erobîá, xe rubangab, ta nde moembiá kori"
acreditar (em),erobiar,rerobîara,erobiar
crer (em),erobiar,rerobîara,erobiar
lamentar,eroiase'o; apirõ (s),angekoam,eroiase'o; apirõ (s)
repetir,eroiebyr; momokõi,Akasang,eroiebyr; momokõi
Descarregaa a ele,Eroîyb ahẽ supé,Aîpytasãmoín,Eroîyb ahẽ supé
Fica com teus suditozinhos junto de nós,Eropytá nde boîá'ĩ orébo,Eké nde resa'y abé orébo,Eropytá nde boîá'ĩ orébo
desprezar,erorrõ,momburu,erorrõ
Traze os habitantes do Paraíba para aumentar nossa terra,Eru Paraibygûara oré retama irumõmo,Eru Paraibygûara oré retama mopyatãgûama resé,Eru Paraibygûara oré retama irumõmo
Traze peixe para que o coma,Eru pirá t'a'une,Eru pirá t'a'une,Eru pirá t'a'une
"acarretar, acarrear",eruerur,moiasuk,eruerur
trazer,erur,erur,erur
Traze água para mim,Erur 'y ixébe,Erur 'y ixébe,Erur 'y ixébe
"Ora, experimentao",Esa'ang ra'u,Îori sa'anga rõ,Esa'ang ra'u
Pronunciao bem,Esa'ãngatu,Aîpó eré supikatu,Esa'ãngatu
Prova que o levas!,Esa'angyne serasóbo,Esa'angyne serasóbo,Esa'angyne serasóbo
dito (o que alguém diz),esaba; 'iaba (v 'i/ 'é) diversos,kuaukar,esaba; 'iaba (v 'i/ 'é) diversos
tonto,"esagiiyryb/a (r, s)",arybondûara,"esagiiyryb/a (r, s)"
alegre,esãi,"toryba, torypaba",esãi
carrancudo,esakfiarasy ,apara; banga; apena tosar,esakfiarasy 
iluminar,esapé (s); moendy,esapé (s); moendy,esapé (s); moendy
Tosta alguma farinha,Esapek u'i amõ,Îatyrátyrá,Esapek u'i amõ
"Tu, ao contrário, obedece a ele!",Esapîáte!,Esapîáte!,Esapîáte!
cedo,esapy'a,anhe,esapy'a
Guarda nossa terra de nossos inimigos,Esarõ oré retama oré sumarã suí,Esarõ oré retama oré sumarã suí,Esarõ oré retama oré sumarã suí
Atiça o fogo para o que cozinhas,Esatapy nde remimõîa,Esatapy nde remimonhangûera,Esatapy nde remimõîa
Não o deixes afastar daqui minha morada,Eseîyîukar umẽ iké suí xe retama,Eseîyîukar umẽ xe roka,Eseîyîukar umẽ iké suí xe retama
Puxao rijamente!,Esekyîatã!,Epu'ã!,Esekyîatã!
abarrotar,esemõ,moebykatã,esemõ
preencher,esemõ (s); mopor,esemõ (s); mopor,esemõ (s); mopor
Ouve,Esendu,Esendu,Esendu
Nomeia tudo,Esenõî mbá,Esenõî mbá,Esenõî mbá
Nomeia os muitos designativos de teu corpo para mim,Esenõî nde reté renõîndabetá ixébe,Eîerok ta xe reté nde reté,Esenõî nde reté renõîndabetá ixébe
"Atacao, Sarauaia!","Esepenhan, Saraûaî!","Epu'ã, Saraûaî!","Esepenhan, Saraûaî!"
Vê tu a variedade de coisas,Esepîak tekó paraba,Esepîak tekó paraba,Esepîak tekó paraba
Vê minha doença para que te compadeças de minha alma,Esepîak xe mara'ara t'eresaûsubar xe 'anga,"Esepîak xe mara'ara, xe poraûsubara",Esepîak xe mara'ara t'eresaûsubar xe 'anga
Vê bem a tua frente para que não te percas no caminho do céu,Esepîákatu nde renonderama ybaka piarype nde ropare'ymamo,Esepîákatu nde rapupa'ũ ybaka piarype nde ropare'ymamo,Esepîákatu nde renonderama ybaka piarype nde ropare'ymamo
Vê bem a tua frente para que não te percas no caminho do céu,Esepîákatu nde renonderama ybaka pîarype nde ropare'ymamo,Esepîákatu nde rapupa'ũ ybaka piarype nde ropare'ymamo,Esepîákatu nde renonderama ybaka piarype nde ropare'ymamo
Ilumina hoje os olhos de minha alma,Esesapé kori xe 'anga resá,Arobyk kori xe 'anga resá,Esesapé kori xe 'anga resá
Abre a porta de tua casa,Esokendabok nde roka,Esokendabok nde roka,Esokendabok nde roka
os dons do Espírito Santo,Espírito Santo remime'enga,Espírito Santo mba'eeté,Espírito Santo remime'enga
"Tendo medo, farias bem","Esykyîébomo, ereîkókatumo","Esykyîébomo, ereîkó","Esykyîébomo, ereîkókatumo"
assar,esyr,(tr): mobok; (intr): pok,esyr
aparar,etab,(intr): puk; (tr): mobok,etab
autêntico,eté ,eté ,eté 
legítimo,"eté (r, s)",eté ,"eté (r, s)"
verdadeiramente,"eté (r, s); upindíiara (r, s) verdadeiro",nhe,"eté (r, s); upindíiara (r, s) verdadeiro"
muito (adv),eté; tekatu; katutenhé muitos,katupabé,eté; tekatu; katutenhé muitos
Evita ir,Eteumẽ esóbo,Eîpotare'ymumẽ,Eteumẽ esóbo
"Guardate, hoje, de ter guerra comigo",Eteumẽ kori marana rerekóbo xe resé,Eseîyî kori bé xe rarõmo,Eteumẽ kori marana rerekóbo xe resé
"Guardate, após conhecer essa lei, de ter má vida","Eteumẽ, aîpó tekó kuab'iré, tekópoxy rerekóbo","Eteumẽ, aîpó tekó kuapa, nde rekopoxy suí","Eteumẽ, aîpó tekó kuab'iré, tekópoxy rerekóbo"
Envergonhate de ti mesmo,Etĩ nde îosuí,Nde nhe'ẽkurukuruk,Etĩ nde îosuí
"Roga a Deus por nós, os que somos pecadores",Etupãmongetá oré i angaîpaba'e resé,Eresabe'ẽ oré i angaîpaba'e resé,Etupãmongetá oré i angaîpaba'e resé
arrotar,eú,(intr): puk; (tr): mobok,eú
Toma um só trago,E'u oîepé îuru nhote,Eîmoingobé amõ,E'u oîepé îuru nhote
Eu tenho papo grande,eu tenho papo Xe aîusu,Xe nhe'engatã,eu tenho papo Xe aîusu
Não comas este fruto que me é reservado,E'u umẽ ikó 'ybá xe rekoate'ỹmbaba,E'u umẽ ikó 'ybá xe resé i monhangymbyra,E'u umẽ ikó 'ybá xe rekoate'ỹmbaba
Não comas este fruto,E'u ymẽ ikó 'ybá,E'u ymẽ ikó 'ybá,E'u ymẽ ikó 'ybá
arroto fétido,eúrema,pytuba,eúrema
"Eva atraiuse muito pelo belo fruto, colhendoo",Eva onhemomotareté 'ybáporanga resé iî ykyébo,Eva onhemosaînaneté 'ybáporanga resé iî ykyébo,Eva onhemomotareté 'ybáporanga resé iî ykyébo
"Eva, nossa mãe primeira, atraiuse muito pelo belo fruto","Eva, îandé syypy, onhemomotareté 'ybáporanga resé","Eva, îandé syypy, onhemosaînãngatu 'ybáporanga resé","Eva, îandé syypy, onhemomotareté 'ybáporanga resé"
"Eva, nossa mãe primeira, atraiuse muito pelo belo fruto, de acordo com a palavra da serpente","Eva, îandé syypy, onhemomotareté 'ybáporanga resé, mboîa nhe'enga rupi","Eva, îandé syypy, onhemosaînãngatu 'ybáporanga resé, mboîa nhe'enga rupi","Eva, îandé syypy, onhemomotareté 'ybáporanga resé, mboîa nhe'enga rupi"
numerosos,"e'yf/a (r, s); etá (r, s); ypyó nunca",ka'apílanama,"e'yf/a (r, s); etá (r, s); ypyó nunca"
coçar,e'yi (s),andub,e'yi (s)
recolher,eynhang (s),monhopa'ümondoar; moioparab; mopa'ü,eynhang (s)
bico,fi,poti'a (m),fi
beija,flor,i xupé,flor
"Desde a Galiléia, sua origem","Galilea suí katu, i ypyrunga","Galilea suí katu, i rura suí","Galilea suí katu, i ypyrunga"
mangue,gfiapara'yba; sere'yba,mangaby,gfiapara'yba; sere'yba
andar,gfiatá,gfiatá,gfiatá
inteiramente,gfietépe,gfietépe,gfietépe
ave,gfiyrá,gtlyrá; (passarinho): guyra'i passear,gfiyrá
fundo (= parte inferior),gfiyra; typy furado,ybyrá,gfiyra; typy furado
galinha,gfiyrasapukaia,taîasu,gfiyrasapukaia
guerreiro,gftarini; kyre'ymbaba,gftarini; kyre'ymbaba,gftarini; kyre'ymbaba
apagar,gfteb,momburu,gfteb
queda,gftyapy1; kuia (v kui); 'araba (v 'ar4) queimar,ar,gftyapy1; kuia (v kui); 'araba (v 'ar4) queimar
tambor,giiarará,giiarará,giiarará
encontrar,giiasem; basem; obaiti (s) encostar,îekosub,giiasem; basem; obaiti (s) encostar
apagado,gíieb,rab (,gíieb
abaixo (de),giiyri,ybype,giiyri
baixar (intr),gíleiyb,gíleiyb,gíleiyb
descer,gíleiyb # descer com; fazer descer con sigo: erogileiyb,gíleiyb # descer com; fazer descer con sigo: erogileiyb,gíleiyb # descer com; fazer descer con sigo: erogileiyb
caminhada,gOatá,erekó,gOatá
galo,gôyrasapukaia,taîasu,gôyrasapukaia
garça,gôyratinga,andub,gôyratinga
A graça que ele dá não acaba,Graça semime'enga n'opabi,Moraseîa semime'enga n'opabi,Graça semime'enga n'opabi
A graça que ele dá não acaba,Graça semime'enga n'opabi,Moraseîa semime'enga n'opabi,Graça semime'enga n'opabi
"Graça é seu nome, eis que esta é a que deve ser chamada ""tua rainha""","Grácia sera, kó nde rainhamo senõîmbyra","Grácia sera, kó nde rainha 'îaba","Grácia sera, kó nde rainhamo senõîmbyra"
se1 (índice de indeterminação do sujeito),gtiá; ybá; ybyá,gtiá; ybá; ybyá,gtiá; ybá; ybyá
pássaro,gtlyrá; (passarinho): guyra'i passear,gtlyrá; (passarinho): guyra'i passear,gtlyrá; (passarinho): guyra'i passear
altibaixos,gûa'agûa'a,aso'iaba,gûa'agûa'a
"armadilha de ratos, ratoeira",gûabiru rupîara,gûabiru rupîara,gûabiru rupîara
Trouxe as velhas de além de Magueá,Gûaîbĩ aru amõ Magûeá suí,Magûeá suí gûaîbĩ aru,Gûaîbĩ aru amõ Magûeá suí
Alegrando todas as velhas,Gûaibĩ moesãîa mbá,Aîmomara'a kunhãtubá,Gûaîbĩ moesãîa mbá
Alegrando todas as velhas,Gûaîbĩ moesãîa mbá,Aîmomara'a kunhãtubá,Gûaîbĩ moesãîa mbá
Alegrando todas as velhas,Gûaîbĩ moesãîa mbá,Aîmomara'a kunhãtubá,Gûaîbĩ moesãîa mbá
velha maldosa,gûaîbĩmarã,umüan mara'ara,gûaîbĩmarã
velha muito maldosa,gûaîbĩmarã serãserã,gûaîbĩmarã serãserã,gûaîbĩmarã serãserã
"Eu sou Guaixará, bebedor de cauim",Gûaîxará kagûara ixé,Gûaîxará kaûĩ reîtyka,Gûaîxará kagûara ixé
"Eu sou Guaixará, bebedor de cauim, grande boicininga","Gûaîxará kagûara ixé, mboîtiningusu",Gûaîxará kagûara,"Gûaîxará kagûara ixé, mboîtiningusu"
"Eu sou Guaixará bebedor de cauim, grande cascavel, onça, trucidador de gente","Gûaîxará kagûara ixé, mboîtiningusu, îagûara, morapitîara","Gûaîxará, kaûĩ mboîa, turusu, apininga, tapy'yia îabé morapitîaramo","Gûaîxará kagûara ixé, mboîtiningusu, îagûara, morapitîara"
"Eu sou Guaixará bebedor de cauim, comedor de gente","Gûaîxará kagûara ixé, morûara","Aîkó 'ybá rupi'a, ybytu rupi'a","Gûaîxará kagûara ixé, morûara"
"Eu sou Guaixará bebedor de cauim, comedor de gente, queimador de gente, diabo trucidador de gente","Gûaîxará kagûara ixé, morûara, moroapŷara, anhanga morapitîara","Agûe'enhẽ abá xóû, abá ka'a, abá maranirũ","Gûaîxará kagûara ixé, morûara, moroapŷara, anhanga morapitîara"
"o que tem nome Guaixará, o chamado Guaixará",Gûaîxará seryba'e,Gûaîxará seryba'e,Gûaîxará seryba'e
Que vá Guaixará para o fogo,Gûaîxará t'osó tatápe,Embosem tatápe,Gûaîxará t'osó tatápe
Que vá Guaixará para o fogo!,Gûaîxará t'osó tatápe!,Gûaîxará rapépe nhẽ!,Gûaîxará t'osó tatápe!
lobo,guará,eíra,guará
guará da cara manchada,gûaraobanhana,gûaraobyka,gûaraobanhana
"o que toca o tambor, o tamborileiro",gûarará mopusara,giiarará,gûarará mopusara
Mesmo o que assassina na guerra (transgride o mandamento de Deus)?,Gûariniãme oporapitiba'e tiruãpe?,Gûariniãme tiruãpe erimba'e oîuká?,Gûariniãme oporapitiba'e tiruãpe?
"ajuntamento de búzios (nome antigo de Cabo Frio, RJ)",gûatapytyba,tupãoka,gûatapytyba
Estou pressionado (isto se diz quando já se está para ir),Gûebirãîari nhote aîkó,Aîepokirik,Gûebirãîari nhote aîkó
cria de seus animais,gûeîmbaba îeapyká,eíra,gûeîmbaba îeapyká
"Ao comer junto dos seus discípulos, o pão devolveu como seu corpo (Ar, Cat, 5) Kapi'ĩ sosé kó tuî, tapi'irusu karûápe  Eis que sobre o capim ele está deitado, no lugar em que a vaca come","Gûemimbo'e pyri o karûápe, miapé moîebyû gûetéramo","Gûemimbo'e pyri o karuápe, miapé moîebyû gûetéramo","Gûemimbo'e pyri o karûápe, miapé moîebyû gûetéramo"
"Ao comer junto dos seus discípulos, o pão que tomou em suas mãos devolveuo como seu corpo","Gûemimbo'e pyri o karûápe, miapé o pópe gûemiîara i moîebyû gûetéramo","Mityma pupé Jesus o boîá rerobasema, miapé rari i me'engi","Gûemimbo'e pyri o karûápe, miapé o pópe gûemiîara i moîebyû gûetéramo"
seu próprio corpo incorrupto,gûetémarane'yma,teté anhõ,gûetémarane'yma
morrendo eu,gûimanõmo,xe îekyîme,gûimanõmo
Em eu falando,Gûinhe'enga abé,Ixé nhe'enga mombegûabo,Gûinhe'enga abé
estando eu,gûitekóbo,ixé te'ĩé,gûitekóbo
"Vim para ficar de vez (isto é, para morar)",Gûitu aîur,Aîur aûîeramanhẽ gûitekóbo,Gûitu aîur
"""Vou para ir"" (isto é, vou para morar)",Gûixóbo asó,Gûixóbo asó,Gûixóbo asó
Bem à sua semelhança o fez?,Gûupikatupe i monhangi?,Gûitekóbo nhẽpe sekóû?,Gûupikatupe i monhangi?
indo eu voando,gûymaenhẽ gûixóbo,gûymaenhẽ asó,gûymaenhẽ gûixóbo
Dizendo a um canto de pássaro ou a um urro de onça que são agouros,Gûyrá koîpó îagûara nhe'enga supé morangygûana o'îabo,Gûyrá nhe'engápe koîpó ybytu ratá nhe'enga supé morangygûana o'îabo,Gûyrá koîpó îagûara nhe'enga supé morangygûana o'îabo
Dizendo que um canto de pássaro ou um urro de onça são agouros,Gûyrá koîpó îagûara nhe'enga supé morangygûana o'îabo,Gûyrá nhe'engasara koîpó ybytu ratá nhe'enga supé a'e marã i 'éû,Gûyrá koîpó îagûara nhe'enga supé morangygûana o'îabo
quando a ave bate asas,gûyrá pepekeme,gûyrá pepóbo,gûyrá pepekeme
Como que em asas de pássaro,Gûyrá pepóbo pyryb,Gûyrá peîaramo sekó mboîa,Gûyrá pepóbo pyryb
poleiro das aves,gûyrá rendaba,gûyrá rendaba,gûyrá rendaba
Os pássaros eram relativamente poucos,Gûyrá setapokang,Gûyrá setapokang,Gûyrá setapokang
Para outra coisa que não o pássaro a flecha foi,Gûyrá taté u'uba sóû,Gûyrá nhẽ u'uba sóû,Gûyrá taté u'uba sóû
pena de gavião,gûyragûasuaba,(pron recipr): 'apira; 'apira ronha; 'apira linha,gûyragûasuaba
poleiro de aves,gûyrákesaba,gtlyrá; (passarinho): guyra'i passear,gûyrákesaba
passarinho,gûyrámirĩ,aka,gûyrámirĩ
Como um galo te deitas,Gûyrasapukaîa îabé ereîetu'u,Kururuîa îabé ereîetu'u,Gûyrasapukaîa îabé ereîetu'u
"Como um galo te deitas Somente te toca alguém, imediatamente vais para o teu terreiro para cantar, teu esporão arrebentando contra ele","Gûyrásapukaîa îabé ereîetu'u Nde atõî nhote abá, aûnhenhẽ eresó nde rokápe enhe'engá, nde rapopé moboka i xupé","Kururĩ îabé ereîetu'u nde îara pé, oangabókatu","Gûyrásapukaîa îabé ereîetu'u Nde atõî nhote abá, aûnhenhẽ eresó nde rokápe enhe'engá, nde rapopé moboka i xupé"
"Herodes teria entregado este à morte, conhecendo suas maldades",Herodes meémo ikó oîme'eng te'õ supé i angaîpaba kuapa,"Herodes i moîukápotá, i angaîpaba kuapa",Herodes meémo ikó oîme'eng te'õ supé i angaîpaba kuapa
para fazer passar a hóstia em nossa boca,hóstia mongûapagûama resé asé îuru resé,îandé îurupe nhẽ monhanga,hóstia mongûapagûama resé asé îuru resé
dizer,i / 'é,i / 'é,i / 'é
fruto dela,i 'a,ybá,i 'a
Vemme à memória minha vida passada em minha terra,I 'ã i 'ang xe retãme xe rekoagûera ixébo,Aîkópotá xe retãme xe rekoagûera resé,I 'ã i 'ang xe retãme xe rekoagûera ixébo
Foram terríveis contra os malditos as flechas de São Sebastião,I abaeté muru supé São Sebastião ru'uba,I abaeté muru São Sebastião ruîtykaba,I abaeté muru supé São Sebastião ru'uba
"Foram terríveis contra os malditos as flechas de São Sebastião, com São Lourenço também","I abaeté muru supé São Sebastião ru'uba, São Lourenço pyri bé","I abaeté muru São Sebastião akanga, São Lourenço pyri bé","I abaeté muru supé São Sebastião ru'uba, São Lourenço pyri bé"
"É terrível o senhor Jesus, fazendo tremer nosso inimigo","I abaeté pa'i Îesu, îandé sumarã mondyîa","I angaîpabeté Pa'i Îesu, îandé sumarã mondyîa","I abaeté pa'i Îesu, îandé sumarã mondyîa"
É terrível para mim vêlos,I abaeté sepîaka ixébo,I abaeté sepîaka,I abaeté sepîaka ixébo
É para mim terrível vêlos,I abaeté sepîaka ixébo,I abaeté sepîaka,I abaeté sepîaka ixébo
É terrível para mim vêlos,I abaeté sepîaka ixébo,I abaeté sepîaka,I abaeté sepîaka ixébo
"Serão muito terríveis os fatos, futuramente, para os que são maus, levantandose com sua fealdade, com seus corpos escuros","I abaetékatu irã tekó i angaîpaba'e supéne, o poxy, o etéuna reropu'ama","I abaetékatu irã tekó i angaîpaba'e supéne, o poxy pyri, o etéuna resebé opûá","I abaetékatu irã tekó i angaîpaba'e supéne, o poxy, o etéuna reropu'ama"
É muito terrível meu nome,I abaetékatu xe rera,I abaetékatu xe rera,I abaetékatu xe rera
É muito medonho o diabo?,I abaetékatupe Anhanga?,I abaetékatupe Anhanga?,I abaetékatupe Anhanga?
Será muito terrível futuramente para os que são maus?,I abaetékatupe irã i angaîpaba'e supé?,I abaetékatupe irã tekó i angaîpaba'e suíne?,I abaetékatupe irã i angaîpaba'e supé?
É muitíssimo terrível cair o homem nas mãos de Deus,I abaetétekatueté Tupã pópe abá 'ara,I abaetétekatueté Tupã pópe abá 'ara,I abaetétekatueté Tupã pópe abá 'ara
É difícil para mim tentálos,I abaí xebo sa'anga,I abaí xébo sa'anga,I abaí xébo sa'anga
É difícil para mim tentálos,I abaí xébo sa'anga,I abaí xébo sa'anga,I abaí xébo sa'anga
É difícil essa língua,I abaíb aîpó nhe'enga,I abaíb aîpó nhe'enga,I abaíb aîpó nhe'enga
É terrível minha captura,I abaîté xe rembiasaba,I abaîté xe rekó,I abaîté xe rembiasaba
injuriandoo,i agûabo,aso'i,i agûabo
Permitindo sua mancebia,I agûasá repîakĩamo,I akanga t'aîpe'a,I agûasá repîakĩamo
o que é ruivo,i aîuba'e,kandabusu,i aîuba'e
Em sua cabeça batendo com aquela cana,I akanga resé a'e takûara reropûá,I py'a pupé i mombe'ukatu,I akanga resé a'e takûara reropûá
Que quebres suas cabeças,I akanga t'ereîoká,Aî'apirungá,I akanga t'ereîoká
o que é cabeçudo (como o virote),i akangagûaba'e,i akanga rasara,i apytagûaba'e
nas grandes cabeças deles,i akangusuî,i akangusuî,i akangusuî
"as porções miúdas dela, o refugo dela",i akytãmbûera,akytãmirĩ,i akytãmbûera
"Tinha também fome, tinha também sede como nós?","I ambyasy bépe, i 'useî bépe asé îabé?",I ambyasy bépe asé remi'u 'useîa bé?,"I ambyasy bépe, i 'useî bépe asé îabé?"
"o que tem fome, o faminto",i ambyasyba'e,Asé îerobîasy amõ repîakĩamo,i ambyasyba'e
"o que é circuncidado, o que tem o prepúcio cortado",i 'amopikytĩpyra,i api'aba'e,i 'amopikytĩpyra
"Detestandoos muito, tratailos muito mal","I amotare'ymetébo, perekoaíaí","I raûsupa nhẽ, i moŷrõmo","I amotare'ymetébo, perekóaíaí"
"Detestandoos muito, tratailos muito mal","I amotare'ymetébo, perekóaíaí","I raûsupa nhẽ, i moŷrõmo","I amotare'ymetébo, perekóaíaí"
o que é (ou deve ser) malquisto,i amotare'ymymbyra,i amotare'ymymbyra,i amotare'ymymbyra
para a parte traseira dele,i 'anga koty,ipó,i 'anga koty
Suas almas e seus corpos fez,I 'anga seté monhangi,I 'anga seté monhangi,I 'anga seté monhangi
"Assim que pôs sua alma em seu corpo, Deus a preservou","I 'anga seté pupé i mondepa bé, Tupã i pe'aû","I 'anga seté pupé i mondepa bé, i poraûsubáne","I 'anga seté pupé i mondepa bé, Tupã i pe'aû"
"Que suas almas caiam logo, deixando seu criador, apegandose, pois, a nós","I 'anga t'o'a taûîé, o monhangara reîá, rõ oby'a îandé resé","T'o'a esapy'a o py'a, o monhangara reîá, îandé rerobyka","I 'anga t'o'a taûîé, o monhangara reîá, rõ oby'a îandé resé"
"Querendo devorar suas almas, a noite toda não dormi, absolutamente",I 'anga 'upotá é pysaré n'akerangáî,"I py'apûera moetesabamo, pysaré ikó îepi, nipó",I 'anga 'upotá é pysaré n'akerangáî
São más essas folgadas,I angaîpá kó kena'ĩ,I abaeté ã tekó,I angaîpá kó kena'ĩ
"São maus estes teus servos, não me tratam bem","I angaîpá kó nde boîá, na xe rerekókatuî","I angaîpá kó nde boîá, xe rerekóbo ruã!","I angaîpá kó nde boîá, na xe rerekókatuî"
Ele certamente comete pecado com tua mulher,I angaîpab rakó nde remirekó resé,I angaîpabeté tenhẽ nde remirekó resé,I angaîpab rakó nde remirekó resé
Detestando sua maldade,I angaîpaba momburûabo,I angaîpaba suí osykyîébo,I angaîpaba momburûabo
Mandandoos fazer afastarse logo de suas maldades,I angaîpaba suí i moîepe'aesapy'auká,"I xupé, i angaîpaba suí, îepi nhẽ i moîa'ok o embiara suí",I angaîpaba suí i moîepe'aesapy'auká
Os pecadores que não se confessam bem,I angaîpaba'e onhemombe'ukatue'ymba'e,I angaîpaba'e n'oîmongetápotari,I angaîpaba'e onhemombe'ukatue'ymba'e
É muito má a vontade destas vossas presas,I angaîpabeté kó pe rembiá potasaba,I abaetékatu kó pe mundé,I angaîpabeté kó pe rembiá potasaba
Erra muito o homem que se fica fazendo pajé?,I angaîpabetépe abá onhemopaîépaîébo?,I angaîpabetépe abá kûepe i mo'arûera?,I angaîpabetépe abá onhemopaîépaîébo?
"Peca muito o homem, benzendo falsamente as pessoas?",I angaîpabetépe abá oporomongaraiba'upa?,I angaîpabetépe abá oporopore'ymamo?,I angaîpabetépe abá oporomongaraiba'upa?
Peca muito o homem que fica fazendo as pessoas fumarem?,I angaîpabetépe abá oporomopetymbûabo?,I angaîpabetépe abá oporomonhyrõba'e?,I angaîpabetépe abá oporomopetymbûabo?
Ela tem pecados variadíssimos,I angaîpáparápará,I angaîpáparápará,I angaîpáparápará
"Ela tem pecados variadíssimos, estando a tremer","Î angaîpáparápará, oîemoryryryryîa","I angaîpáparápará, oîemoryryryryîa","Î angaîpáparápará, oîemoryryryryîa"
Serão bons doravante os que eu guardo de costume,I angaturam ko'yré xe remiarõ îandune,I angaturam ko'yré xe mba'epûeramo,I angaturam ko'yré xe remiarõ îandune
"Serão bons, doravante, os que eu guardo de costume",I angaturam ko'yré xe remiarõ îandune,"I porang, ko'yré, xe remiarõ",I angaturam ko'yré xe remiarõ îandune
Eram bons na totalidade quando Deus começou a criálos?,I angaturam sykype erimba'e Tupã o monhangypyreme?,I angaturam sykype Tupã o nhemonhangypyreme?,I angaturam sykype erimba'e Tupã o monhangypyreme?
"Serão bons, doravante","I angaturam, ko'yré",I 'ã ipó kori,"I angaturam, ko'yré"
"Serão bons, doravante, os que eu guardo de costume","I angaturam, ko'yré, xe remiarõ îandune","I porang, ko'yré, xe remiarõ",I angaturam ko'yré xe remiarõ îandune
Fica aumentando sua bondade,I angaturama nhẽ oîrumõrumõ,I mba'ekatu moîerekoaíba,I angaturama nhẽ oîrumõrumõ
as boas obras dos que são bons,i angaturamba'e remimonhãngatu,i angaîpaba,i angaturamba'e remimonhãngatu
"Os corpos dos que são bons serão sutis, brilhando mais que o sol",I angaturamba'e reté i pokãngatu kûarasy sosé oberapa,I angaturamba'e reté i pokangûera kûarasy beraba sosé o poropotara resé,I angaturamba'e reté i pokãngatu kûarasy sosé oberapa
Sua muita bondade engrandecendo,I angaturãngatu moeburusûabo,I angaturãngatu moeburusûabo,I angaturãngatu moeburusûabo
Ela é boníssima porque lhe abunda a virtude,"I angaturãngatueté, tekokatu o esemõneme",I angaturãngatueté mba'ekatu rerekóbo,"I angaturãngatueté, tekokatu o esemõneme"
"Será que Nosso Senhor estava muito angustiado, longamente rezando a Ele?",I angekoaíkatu serã Îandé Îara i mongetapukûabo?,Oîkotebẽpe Îandé Îara i mongetapyramo?,I angekoaíkatu serã Îandé Îara i mongetapukûabo?
"Desesperarseão muito, certamente, os que são maus",I anhamãngatu nipó i angaîpaba'ene,I angaîpaba'e katupabẽ oîemoŷrõne,I anhamãngatu nipó i angaîpaba'ene
"E suas velhas roupas, que fizeram com elas?",I aogûerape marã serekóû?,"A'epe a'e aoba tuîba'e, marã serekóû?",I aogûerape marã serekóû?
Ele está muito maduro,I apaîé  Ele está maduro I apaîegûasu,I kakuab,I apaîé Ele está maduro I apaîegûasu
"do lado de fora dele (pex, de um vaso, de algo que tenha lado interior e exterior)",i apé koty,i apé koty,i apé koty
"do lado da superfície de, do lado de fora de (pex, de um vaso, de algo que tenha lado interior e exterior)",i apé koty,itá koty,i apé koty
o que é circuncidado,i api'aba'e,i api'aba'e,i api'aba'e
Cortaram seu prepúcio,I 'apira mondoki,Aî'apirungá,I 'apira mondoki
Hei de comer seus miolos,I aputu'uma t'a'u,Aî'abo'o,I aputu'uma t'a'u
Hei de comer seus miolos,I 'aputu'uma t'a'u,Aî'abo'o,I aputu'uma t'a'u
Todos gostaram delas,I apysyk pabẽ sesé,I apysyk pabẽ sesé,I apysyk pabẽ sesé
Eles se consolam muitíssimo,I apysykatueté,I nhe'engatãngatu,I apysykatueté
o que é cabeçudo (como o virote),i apytagûaba'e,i akanga rasara,i apytagûaba'e
o miolo dele,i apytera,i apytera,i apytera
O período anterior ao dia dele é dia em que se jejua,I 'ara renondesaba 'ara îekuakupaba,Arangûera,I 'ara renondesaba 'ara îekuakupaba
"Ele é lampeiro como uma onça, seguindo nosso rastro","I ara'a îagûara îá, îandé rakypûemboú",Ybyrá pepó îabé oberaba'e îandé rakypûemboú,"I ara'a îagûara îá, îandé rakypûemboú"
Comemoramos seu nascimento,I 'aragûera îaîmoeté,I membyra t'îambory,I 'aragûera îaîmoeté
Querendo estar em cima deles,I 'ari oîkópotá,I 'ari oîkópotá,I 'ari oîkópotá
Sobre ela morrendo Nosso Senhor para nos resgatar,I 'arybo omanõmo Îandé Îara îandé repyme'engagûera resé,I 'arybo omanõmo Îandé Îara îandé repyme'engagûera resé,I 'arybo omanõmo Îandé Îara îandé repyme'engagûera resé
São um monte os seus antigos vícios,I aty sekopoxypûera,I angaîpabeté sekóû,I aty sekopoxypûera
Renderamse os oponentes,I aûîé mu'amarûera,I aûîé mu'amarûera pé nhõ i nheme'engi,I aûîé mu'amarûera
A canoa já está pronta,I aûîé umûã ygara,I aûîé ygara,I aûîé umûã ygara
Sua cerviz ficando a esmurrar,I aŷpy atykátykábo,Iî yké kanhemagûama resé,I aŷpy atykátykábo
sua cerviz ficando a esmurrar,i aŷpy atykátykábo,i atukupé mondoka,i aŷpy atykátykábo
"É formosa, certamente, a lua","Î aysó, nipó, îasy",I porang îasy,"Î aysó, nipó, îasy"
"É formosa, certamente, a lua, vindo com sua grande face","I aysó, nipó, îasy, og obagûasu reru","Î aysó, nipó, îasy, og obagûasu reru","Î aysó, nipó, îasy, og obagûasu reru"
"É formosa, certamente, a lua, vindo com sua grande face","Î aysó, nipó, îasy, og obagûasu reru","Î aysó, nipó, îasy, og obagûasu reru","Î aysó, nipó, îasy, og obagûasu reru"
Ela é leitosa,I 'aysyk,I popeb/a,I 'aysyk
"o que estava à sua direita (isto é, a companhia do lado da sua mão direita)",i 'ekatûaba kotysaba é,i 'ekatûaba koty xe soe'o,i 'ekatûaba kotysaba é
Após vertêla dentro do recipiente em que a bebe ou de alguma casca de coco,I gûaburu koîpó inaîagûasu apepûera amõ pupé i nhang'iré,I 'anga koty ogûe'ẽngatu roîré,I gûaburu koîpó inaîagûasu apepûera amõ pupé i nhang'iré
"Comedor deles, sobramme sauiás, causa das caçadas","I gûara, îeporakaba, xe resemõ saûîá","I gûaburu, îagûara, ka'a rerekóbo","I gûara, îeporakaba, xe resemõ saûîá"
à medida do que havia delas,i îaîbeĩîé,aé; é,i îaîbeĩîé
o que está tingido de jenipapo,i îanypapyxunyba'e,i îanypapyxunyba'e,i îanypapyxunyba'e
seu senhor,i îara,i îara,i îara
Levando uma outra semelhante a ela tão logo se consuma muito,I îaroketé rupibé amoaé sapixara rerasóbono,I îaroketé rupibé amoaé sapixara rerasóbono,I îaroketé rupibé amoaé sapixara rerasóbono
Uniramse os homens maus,I îasear apŷabaíba,Abápoxy onhemombegûabo,I îasear apŷabaíba
o que é felpudo,i îatyrátyraba'e,i angaîpaba'e,i îatyrátyraba'e
"Ao presentearemno, alegrouse teu coração","I îetanongápe, sory nde py'a","I momorangápe, t'îambory nde py'a","I îetanongápe, sory nde py'a"
A consorciação deles em toda a parte,I îogûerekó kûeîkûeîbo,Kó kunhã'yba kûeîpe,I îogûerekó kûeîkûeîbo
suas coisas comuns,i îomba'e,iaby'okatu,i îomba'e
companheiro dele,i irũ → irũ,i irũ,i irũ → irũ
Eu sou amarelo,I îub  Ele é amarelo Xe îub,Aîub,I îub Ele é amarelo Xe îub
o que é (ou deve ser) enforcado,i îubykypyra,îukáme ókyá,i îubykypyra
o que se deseja matar,i îukápotarypyra,i îukápotarypyra,i îukápotarypyra
"o que é morto, o que deve ser morto, o morto",i îukapyra,îukapyra,i îukapyra
O que não foi morto,I îukapyrûere'yma,Îukae'yma,I îukapyrûere'yma
Seus matadores repartiramnas uns com os outros,I îukasarama oîmoîa'ok o îoupé,I kangûera oîmoîa'ok o îoupé,I îukasarama oîmoîa'ok o îoupé
o que manda matálo,i îukáukasara,Moîaragûera t'îaîuká,i îukáukasara
A crença em Deus está somente em suas bocas,I îurupe nhõ Tupã rerobîara ruî,I îosuí nhõ Tupã rerobîara ruî,I îurupe nhõ Tupã rerobîara ruî
Ele está boquiaberto,I îurupukĩ ahẽ oîkóbo,I nhe'engatãgûasema nhẽ,I îurupukĩ ahẽ oîkóbo
sobrinho dele,i i'yra → i'yra,nhãî,i i'yra → i'yra
"Quando ele mama, ela fica alegre","I kambuneme, sory","I xy membyramo oín, sory","I kambuneme, sory"
Deseja o menino mamar,I kamuseî kunumĩ,I pitangĩ nhẽ o'useîpotá,I kamuseî kunumĩ
As juntas de seus ossos afastando umas das outras,I kanga îepotasaba pe'abo o îosuí,I îasytatá oîoesé,I kanga îepotasaba pe'abo o îosuí
As juntas de seus ossos afastando umas das outras,I kanga îepotasaba pe'abo o îosuí,I îasytatá oîoesé,I kanga îepotasaba pe'abo o îosuí
Reunindo seus ossos no chamado Vale de Josafat,I kangûera reŷnhanga ybytygûaîa Îosaphat 'îápe,I Tupã reŷnhang umûã i 'aî Yehosafat seryba'e,I kangûera reŷnhanga ybytygûaîa Îosaphat 'îápe
Até mesmo seus ossinhos cultua,I kangûerĩ tiruã momba'etéû,I kangûerĩ tiruã momba'etéû,I kangûerĩ tiruã momba'etéû
Ele está um pouco melhor,I katu be'ĩ,I angaturãeté,I katu be'ĩ
"Ele estava nu, cobrindoo sua própria mãe com seu véu","I katupenhẽ, i xy aé ipó opîá o akangaobĩ pupé","Akó ybakygûara'ub, i xy aé osó i akangaobîaramo","I katupenhẽ, i xy aé ipó opîá o akangaobĩ pupé"
Ele é muito bom,I katupyryb,I katupyryb,I katupyryb
Ele é muito bom,I katupyryb,I katupyryb,I katupyryb
"Tem muito cauim, por acaso, meu avô Jaguaruna?",I kaûĩgûasupipó xe ramûĩa Îagûaruna?,I kaûĩgûasu nhẽpe xe ramũîa Îagûarete?,I kaûĩgûasupipó xe ramûĩa Îagûaruna?
"Tem muito cauim, porventura, meu avô Jaguaruna?",I kaûĩgûasupipó xe ramũîa Îagûaruna?,"I angaturãngatupe nde, xe ramũîa Îagûarete?",I kaûĩgûasupipó xe ramũîa Îagûaruna?
Deixeio [o líquido] até o meio dela [a vasilha],I ku'a rupi aseîar,Aîmoîar ymã yby apyterype,I ku'a rupi aseîar
"Antes que ela saiba, vamos para levar os malditos","I kuab'e'ymebé, îasó muru rerasóbo","I kuab'e'ymebé, îasó i angaîpaba mondyka","I kuab'e'ymebé, îasó muru rerasóbo"
"Por acaso estava com a cintura fendida o maldito, balançando?",I ku'abok serã moxy oatimunga?,"I py'a tenhẽpe, amõ abá, i moŷrõmbyra?",I ku'abok serã moxy oatimunga?
"Por acaso estava o maldito com a cintura fendida, balançando?",I ku'abok serã moxy oatimunga?,I ku'abok serã moxy o py'a îaîporakábo?,I ku'abok serã moxy oatimunga?
Acaso estava o maldito com a cintura fendida?,I ku'abok serã moxy?,I pyrybĩ serã moxy?,I ku'abok serã moxy?
"o que não é conhecido, coisa secreta",i kuabypyre'yma,i kuabypyre'yma,i kuabypyre'yma
"Ela é muito bojuda (fal de pipa, de árvore, etc)",I ku'agûasu,I abaíbeté,I ku'agûasu
Os que não são escondidos perdoa bem a eles,I kuakubypyre'yma i nhyrõngatu i xupé,"I kuakubypyre'yma nhẽ, nde nhyrõ îepé",I kuakubypyre'yma i nhyrõngatu i xupé
as marcas delas,i kuapaba,i îukapyrunga,i kuapaba
seu ferrete,i kuapamoindaba,i nambimondokypyra,i kuapamoindaba
Porventura tinha o maldito sua cintura rompida?,I ku'asorok serã moxy?,I ku'abok serã moxy?,I ku'asorok serã moxy?
pintura dele,i kûatiara,arugilá,i kûatiara
"o que é totalmente conhecido, coisa notória por fama",i kugûabypypabẽ,"erapOan (r, s) (v erapuana (t)] fantasia",i kugûabypypabẽ
"É discreta, falando aos homens",I kunusãî abá supé onhe'enga,"I tekokuabe'ym, abá resé oîemongetábo",I kunusãî abá supé onhe'enga
Ainda que somente uma migalha dele a gente come,I kurubipûera anhõte îepé asé o'u,I kurubipûera anhõte îepé asé o'u,I kurubipûera anhõte îepé asé o'u
Ele se lembra,I ma'enduar,ma'enduasaba (v ma'enduar) lembrar (tr = fazer lembrar,I ma'enduar
Eles estarão muitíssimo doentes,I mara'a tenhẽ,I mara'a tenhẽne,I mara'a tenhẽ
"Antes que ele agonize verdadeiramente, que vá alguém me chamar",I mara'areté e'ymebé t'osó abá xe renõîa,Iî abaetéramo eîkó îanondé,I mara'areté e'ymebé t'osó abá xe renõîa
o que está doente,i mara'aryba'e,i mara'aryba'e,i mara'aryba'e
Ele é bom quando o que é contado é mesmo verdade,I marangatu supi é i mombe'upyra rekóreme é,I marangatu supi é mba'eeté resé i mombe'uagûera,I marangatu supi é i mombe'upyra rekóreme é
Ele é bom se o que é contado é mesmo verdade,I marangatu supi é i mombe'upyra rekóreme é,I marangatu supi é i mombe'upyra rekóreme,I marangatu supi é i mombe'upyra rekóreme é
"Seu companheiro de guerras também é Bastião, o flechado",I maranirũ abé Bastião u'uborûera,"I maranirũ abé bastião, meru",I maranirũ abé Bastião u'uborûera
Eu sou o que é rico,I mba'eba'e ixé,Ixé i mba'epûera,I mba'eba'e ixé
O que supõe saber as coisas,I mba'ekuámo'anga'uba'e,I kuapara'uba'e,I mba'ekuámo'anga'uba'e
Em que parte do corpo ele o flechou?,I mba'epepe i nhybõû?,Abápe omombó?,I mba'epepe i nhybõû?
"O cão é ávido (isto é, bom de caça, quer tudo apanhar)",I mba'epotar îagûara,Îagûara îagûara,I mba'epotar îagûara
"O cão é ávido (isto é, bom de caça, que quer tudo apanhar)",I mba'epotar îagûara,Îagûara îagûara,I mba'epotar îagûara
"Estando virgem, mesmo dandoo à luz, antes de dálo à luz e, igualmente, após dálo à luz","I mbo'a tiruã, i mbo'ar' e'ymebé, a'erame'ĩ i mbo'ar'iré, omarane'ymamo","Kunhã i mbo'ar'e'yme'yma, i mbo'ar' e'ymebé, a'erame'ĩ i mbo'ar'iré bé","I mbo'a tiruã, i mbo'ar' e'ymebé, a'erame'ĩ i mbo'ar'iré, omarane'ymamo"
Mesmo dandoo à luz sua mãe bondosa estava virgem?,I mbo'a tiruãpe i xyangaturama rekóû ababykagûere'ymamo?,"I membyra tiruã, i xy marangatu, kunhãmuku ndebe",I mbo'a tiruãpe i xyangaturama rekóû ababykagûere'ymamo?
"É mole, está sob as mãos do diabo","I membek, Anhanga pó gûyrybo nhẽ sekóû",I 'aputu'uma anhanga pó gûyrybo nhẽ sekóû,"I membek, Anhanga pó gûyrybo nhẽ sekóû"
Seu fiho já nasceu,I membyra o'ar umã,I membyra o'ar umã,I membyra o'ar umã
Acreditando no filho dela,I membyra rerobîá,I membyra rerobîá,I membyra rerobîá
O marido dela não temeu comêlo,I mena nd'o'upoûsubi,I mena nd'o'upoûsubi,I mena nd'o'upoûsubi
Após tocar em seu segundo cônjuge,I mendámokõîa resé i byk'iré,I mendara mokõîa resé i moîaru'iré,I mendámokõîa resé i byk'iré
Querendo conhecer seus casamentos antigos,I mendarymana kuaba potá,I mendubykarûera kuaba potá,I mendarymana kuaba potá
Hei de contar os modos de impedilos,I moarûapaba t'aîmombe'une,I moarûapaba t'aîmombe'une,I moarûapaba t'aîmombe'une
"Como recompensa também de seu arrependimento delas (isto é, das coisas más)",I moasyagûera repyramono,I moŷrõmbyrama resé,I moasyagûera repyramono
afamado,i moerapfianymbyra,ambyasy,i moerapfianymbyra
os que devem ser honrados,i moetepyra,i moetepyra,i moetepyra
Santificado seja teu nome,I moetepyramo nde rera t'oîkó,I moetepyramo nde rera t'oîkó,I moetepyramo nde rera t'oîkó
o batizado,i moîasukypyra,i moîasukypyra,i moîasukypyra
a segunda vez dele,i mokõîa,i mokõîa,i mokõîa
a que é (ou deve ser) alforriada,i mokunhãetepyra,kutuk,i mokunhãmbyra
a que é (ou deve ser) alforriada,i mokunhãmbyra,kutuk,i mokunhãmbyra
o que é (ou deve ser) feito morrer,i momanõmbyra,îukáme ókyá,i momanõmbyra
Bendita és entre as mulheres,I mombe'ukatupyramo ereîkó kunhã suí,Reîmborypabẽ kunhã suí,I mombe'ukatupyramo ereîkó kunhã suí
Bendita és tu entre as mulheres,I mombe'ukatupyramo ereîkó kunhã suí,Iî rorybĩngatu nde kunhã suí,I mombe'ukatupyramo ereîkó kunhã suí
o que é (ou deve ser) louvado,i mombe'uporangymbyra,i momorangymbyra,i mombe'uporangymbyra
Resgatar os cativos,I momiaûsubypyra renosema,Mundeokype mundeokype,I momiaûsubypyra renosema
A segunda (virtude) dele é a satisfação dos cônjuges,I momokõîndûara mendara moîekosupaba,I momokõîndûara mendasarama porarábo,I momokõîndûara mendara moîekosupaba
A terceira (virtude) dele é a satisfação dos cônjuges,I momosapysaba mendara moîekosupaba,I momosapysaba mendara moîekosupaba,I momosapysaba mendara moîekosupaba
"Mandandoo ir, sem problemas, não ages como o que estima teu imperador César",I mondóbo nhẽ nd'ereîkóî César nde rubixaba raûsuparamo,"I pe'abo tenhẽmo, nd'oîmoasyî César nde rubixaba raûsuparamo",I mondóbo nhẽ nd'ereîkóî César nde rubixaba raûsuparamo
Eu estou bento,I mongaraibypyra ixé,Aîmoeté,I mongaraibypyra ixé
Os cristãos como uma unidade,I mongaraibypyretá oîepegûasu îasûá,I mongaraibypyretá oîepegûasu îasûá,I mongaraibypyretá oîepegûasu îasûá
Os cristãos como uma unidade,I mongaraibypyretá oîepegûasu îasûá,I mongaraibypyretá oîepegûasu îasûá,I mongaraibypyretá oîepegûasu îasûá
"Os cristãos como uma unidade, a consorciação deles","I mongaraibypyretá oîepegûasu îasûá, i îogûerekó anhẽ","I mongaraibypyretá oîepegûasu îasûá, i îogûerekó anhẽ","I mongaraibypyretá oîepegûasu îasûá, i îogûerekó anhẽ"
Não querendo conversar com ele,I mongetápotare'yma,N'aîpotari sesé,I mongetápotare'yma
o que é (ou deve ser) moído,i mongu'ipyra,i moxyryrykypyra,i mongu'ipyra
Fazendoos levantar imediatamente,I mopu'ama kûeîeténe,I mopu'ama kûeîeténe,I mopu'ama kûeîeténe
Tua alma está muito branca,I morotĩngatu nde 'anga,I morotĩngatu nde 'anga,I morotĩngatu nde 'anga
o terceiro deles,i mosapysaba,mosapyra,i mosapysaba
"o que é frito, a fritura",i mosyryrĩmbyra,i moxyryrykypyra,i mosyryrĩmbyra
frito,i moxyryrykypyr (v moxyryryk) fronteira,moín; mondeb; nong (,i moxyryrykypyr (v moxyryryk) fronteira
"o que é frito, a fritura",i moxyryrykypyra,i moxyryrykypyra,i mosyryrĩmbyra
arrancando sua orelha,i nambi mondoka,iî apé mondoka,i nambi mondoka
sua orelha arrancada,i nambimondokypyra,i akanga mondok,i nambimondokypyra
"Com ele, hoje, vamos atacar os temiminós, cercando imediatamente sua terra","I ndi, kori, t'îasó temiminõ repenhana, aûnhenhẽ setama amana","I ndi, kori, t'îasó temiminõ, ogûerabé apak ogûerabé","I ndi, kori, t'îasó temiminõ repenhana, aûnhenhẽ setama amana"
Com ele honrandote,I ndibé nde moetébo,I ndibé oîmoeté,I ndibé nde moetébo
"Serão muito fedorentos, serão muito podres, corroídos de vermes e de bernes","I nemeté, i tuîuketé, tasoka, ura remimongûyamone","I pupé so'o gûabo, su'u, ka'a, arupare'aka 'u","I nemeté, i tuîuketé, tasoka, ura remimongûyamone"
"Serão fedorentos, serão muito podres, corroídos de vermes e de bernes","I nemeté, i tuîuketé, tasoka, ura remimongûyamone","I kanhemi, i kanhemi, karûaî i poxyba'e i gûabo","I nemeté, i tuîuketé, tasoka, ura remimongûyamone"
"Serão fedorentos, serão muito podres, corroídos de vermes e de bernes","I nemeté, i tuîuketé, tasoka, ura remimongûyamone","I kanhemi, i kanhemi, karûaî i poxyba'e i gûabo","I nemeté, i tuîuketé, tasoka, ura remimongûyamone"
Sou seu parceiro de dança,I nhandaramo aîkó,I irũmo asó potasara,I nhandaramo aîkó
"Suas palavras transgredindo muito, amaldiçoandoo","I nhe'enga abŷabotekatu, i momburûabo","I nhe'engasyeté, i îurupyryb, i mondabeypó","I nhe'enga abŷabotekatu, i momburûabo"
o que proclama suas palavras,i nhe'enga mombegûara,I nhe'enga mombegûabo,i nhe'enga mombegûara
Suas palavras ásperas não cessam,I nhe'engasy n'opabi,I nhe'engatã n'opabi,I nhe'engasy n'opabi
"Tem o homem, geralmente, muitas palavras em vão quando se aproxima de sua morte",I nhe'engetá tenhẽ nakamẽ abá ogûe'õ kakareme,Abá onhe'ẽmemûã oîkóbo o manõambépe,I nhe'engetá tenhẽ nakamẽ abá ogûe'õ kakareme
"suas pajelanças, sua antiga crença nos pajés","i nhemopaîeagûera, i paîé rerobîaragûera",I îerobîara tuîba'e,"i nhemopaîeagûera, i paîé rerobîaragûera"
Perdoa também Deus a nós?,I nhyrõ bépe Tupã asébe?,I nhyrõ bépe Tupã asébe?,I nhyrõ bépe Tupã asébe?
"Perdoará hoje, certamente, a mim",I nhyrõ ipó kori ixébene,Kori é xe nhyrõ îepé,I nhyrõ ipó kori ixébene
"Perdoarlheia Nosso Senhor se ele lhe dissesse ""perdoa tu a mim""?","I nhyrõ nhẽpemo Îandé Îara i xupé ""nde nhyrõ ixébe"" o îoupé i 'erememo?","I nhyrõ nhẽpemo Îandé Îara i xupé ""Xe raûsubary îabé"" o îoupé i 'erememo?","I nhyrõ nhẽpemo Îandé Îara i xupé ""nde nhyrõ ixébe"" o îoupé i 'erememo?"
Quer perdoar muito a nós,I nhyrõngatupotá îandébo,I nhyrõngatupotá îandébo,I nhyrõngatupotá îandébo
seu fechamento,i 'o,moebykatã,i 'o
"Está limpa, como se vê, a cova da lebre",I pe'ybĩ nakó tapiti kûara,"I poropotari, rakó, arinhama pyranga",I pe'ybĩ nakó tapiti kûara
amamentando seu neném,i pitangĩ mokambûabo,i pitangĩmoraûsubápe,i pitangĩ mokambûabo
Alimentandoo um pouco em teu seio,I poîamirĩ nde kama pupé,Nde rygépe o nhemosaînana,I poîamirĩ nde kama pupé
o que é dobrado (como fio),i poîoybyryba'e,Anhenong,i poîoybyryba'e
"DeusPai tem mãos, tem mão direita, tem mão esquerda?","I pópe TupãTuba, i 'ekatuápe, i asupe?","Tupã, xe ruba i 'apira, i 'ekatûaba, i akyramo","I pópe TupãTuba, i 'ekatuápe, i asupe?"
Ela é muito larga,I popebusu,I îaeté,I popebusu
Levouo com suas ataduras,I popûasaba resebé serasóû,Aîeasy'ab,I popûasaba resebé serasóû
Realizarseão futuramente,I por irãne,Îaîypyk irã,I por irãne
Está cheio teu ventre,I por nde rygé,Aîmoîoparab,I por nde rygé
Estavame agradável meu jogo,I porambyrambyk xe rekó ixébo  Sãome agradáveis meus afazeres I porambyrambykĩ xe nhemosaraîa ixébo,Aîmoasy xe nhemosaraîa,I porambyrambyk xe rekó ixébo Sãome agradáveis meus afazeres I porambyrambykĩ xe nhemosaraîa ixébo
Estava agradável a mim meu jogo,I porambyrambykĩ xe nhemosaraîa ixébo,Aîmoasy xe nhemosaraîa,I porambyrambykĩ xe nhemosaraîa ixébo
"É bonita esta igreja, tendo muitos adornos!","I porang kó tupãoka, îegûakabetá rerupa!","I porang kó tupãoka, îegûakabetá rerupa!","I porang kó tupãoka, îegûakabetá rerupa!"
"É bonita esta igreja, contendo muitos enfeites!","I porang kó tupãoka, îegûakabetá rerupa!","I porang kó tupãoka, îegûakabetá rerupa!","I porang kó tupãoka, îegûakabetá rerupa!"
"É bonita esta igreja, contendo muitos enfeites!","I porang kó tupãoka, îegûakabetá rerupa!","I porang kó tupãoka, îegûakabetá rerupa!","I porang kó tupãoka, îegûakabetá rerupa!"
"Era bela, outrora, Miaí, minha antiga região","I porang, erimba'e, Mia'y, xe retãmbûera","I porang, erimba'e, Mia'y, xe retãmbûera","I porang, erimba'e, Mia'y, xe retãmbûera"
É muito belo teu nome,I porãngatu nde rera,I porãngatu nde rera,I porãngatu nde rera
É muito belo o teu nome,I porãngatu nde rera,I porãngatu nde rera,I porãngatu nde rera
É muito belo seu proceder,I porãngatu sekó,I porãngatu sekó,I porãngatu sekó
São muito belas estas coisas para nós,I porangeté ã tekó îandébe,I porangeté ã tekó îandébe,I porangeté ã tekó îandébe
"Ah, é muito bonito o menino que poderia ser um escravozinho!","I porangeté kunumĩ, miaûsubambûerĩ mã!","I porangeté kunumĩ, miaûsubambûeramo sekóû mã!","I porangeté kunumĩ, miaûsubambûerĩ mã!"
É bonita vossa terra?,I porangype pe retama?,I porangype pe retama?,I porangype pe retama?
É muito misericordiosa a mãe de Deus,I poraûsubákatu Tupã sy,I poraûsubákatu Tupã sy,I poraûsubákatu Tupã sy
Arrancando suas aflições,I poraûsuboka,I kuruba mondoka,I poraûsuboka
"O que, dizendo em vão ""Eis que é assim, por Deus"", não o cumpre","I pore'ymba'e ""emonã kó Tupã resé"" o'îabo tenhẽ","I pore'ymba'e ""emonã ûĩ Tupã resé"" o'îabo tenhẽ","I pore'ymba'e ""emonã kó Tupã resé"" o'îabo tenhẽ"
Paralelo a ele eu estava deitado,I porupy aîub,Aîkó i pyri,I porupy aîub
"Somente desejandoa, nela tocando também","I potá nhote, sesé opokoka abé","I potá nhote, sesé bé xe pytybõmo","I potá nhote, sesé opokoka abé"
"Os que são maus, que o tomam, recebem a morte em si",I poxyba'e tasara te'õ ogûar o îoupé,I poxyba'e tasara te'õ ogûar o îoupé,I poxyba'e tasara te'õ ogûar o îoupé
É certeiro esse maldito,I pûakatu kó muru,Aîpó nhũ anhẽ,I pûakatu kó muru
Passou a aflição,I pûer tekoaíba,I pûer tekoaíba,I pûer tekoaíba
Estava nascendo sem ela se desvirginar,I puke'ỹme nhẽ o'a oúpa,I mbo'a tiruã kûare'ymamo oîmo'ar umẽ,I puke'ỹme nhẽ o'a oúpa
"o que está preso em ferros, o que está peado",i pukusamba'e,i apyti'aba'e,i pukusamba'e
"o que está (ou deve ser) preso em ferros, o que está (ou deve ser) amarrado pelos pés",i pukusãmoinymbyra,i pukusãmoinymbyra,i pukusãmoinymbyra
"Dentro dele está Jesus Cristo, sua divindade e seu corpo em inteireza","I pupé Îesu Cristo rekóû, i Tupã, seté abé gûetependûara pupé","Îesu Cristo i pupé, Tupã ra'anga, seté abé gûetependûara pupé","I pupé Îesu Cristo rekóû, i Tupã, seté abé gûetependûara pupé"
"Dentro dele está Jesus Cristo, em todo o seu ser e em seu espírito","I pupé Îesu Cristo rekóû, o ekó îakatu tenhẽ i 'anga abé","I pyri Îesu Cristo rekóû, semibé, semipokuabe'yma","I pupé Îesu Cristo rekóû, o ekó îakatu tenhẽ i 'anga abé"
Nele os judeus juntaramse para ficar atirando pedras em Santo Estêvão,I pupé Îudeus nheŷnhangi Santo Estêvão apîáapîábo,"A'epe Îudeus nheŷnhangi I pupé, i apîáapîábo Estêvão",I pupé Îudeus nheŷnhangi Santo Estêvão apîáapîábo
"Dentro dela gerandose, Deus fezse pequeno","I pupé onhemonhanga, onhemomirĩ Tupã","I popebusu serã, Tupã onhemoapapu","I pupé onhemonhanga, onhemomirĩ Tupã"
"Nele a água transformou em vinho, de acordo com os pedidos de sua mãe",I pupé 'y anhẽ monhangi kaûĩnamo o sy îeruresaba rupi,A'epe y kaûĩ monhanga o sy îeruresaba rupi,I pupé 'y anhẽ monhangi kaûĩnamo o sy îeruresaba rupi
Dentro dela está sua divindade?,I pupépe i tupã rekóû?,I pupépe ogûekokatu rekóû?,I pupépe i tupã rekóû?
o que se masturba,I pupukyba'e,mombe'u,I pupukyba'e
o nó dela (da madeira),i puru'ã,anhõ; nhõte,i puru'ã
o avesso dele,i py,îá; 'é,i py
Seus fígados hão de ser minha porção,I py'apûera xe potabamo t'oîkó,Nde repymondykaba xe mba'e re'a,I py'apûera xe potabamo t'oîkó
Ela está crua,I pyr,Soby,I pyr
Acreditai um pouco mais nele,I pyrybé perobîá,I pyrybé perobîá,I pyrybé perobîá
Escolheua para sua futura mãe,I pysyrõû o syrama resé,Eîepîakok nde syramongûama,I pysyrõû o syrama resé
Livroua do pecado primeiro em que Adão nos pôs,I pysyrõû tekoangaîpabypy Adão îandé nongaba suí,Îandé resé Adão rekoangaîpabypy reminongûera pe'abo,I pysyrõû tekoangaîpabypy Adão îandé nongaba suí
Minha casa está escura,I pytun xe roka,Aîubok,I pytun xe roka
O dia está muito escuro (como que para chover),I pytũpytun 'ara,Arangapuku,I pytũpytun 'ara
Ajudandoos sempre,I pytybõmo îepi,Nde pytybõ memẽ,I pytybõmo îepi
Não deu certo minha ida,I rambûer xe só,N'asapîari xe rapé,I rambûer xe só
É muito mal feito aquilo que fazes,I ranusu nhẽ kûé nde remimonhanga,I ranusu nhẽ kûé nde remimonhanga,I ranusu nhẽ kûé nde remimonhanga
Está muito desfigurado meu rosto,I te i té xe robá,Aîburúkatu xe robá,I te i té xe robá
Instruir os que são ignorantes,I tekokuabe'ymba'e motekokuaba,I tekokuabe'ymba'e motekokuaba,I tekokuabe'ymba'e motekokuaba
O peixe éme enjoativo,I ting pirá ixébo,Aîmoaikatu pirá,I ting pirá ixébo
É enjoativa minha comida,I ting xe remi'u,I ting xe remi'u,I ting xe remi'u
"Eis que com seu corpo deve estar sua divindade, nos pedacinhos também, inteiramente","I Tupã irũmo bé kó seté rekóû, pesembûeri pupé bé gûetépekatu re'a","Kó seté pupé Tupã sy rekóû, ka'a pupé bé, opá","I Tupã irũmo bé kó seté rekóû, pesembûeri pupé bé gûetépekatu re'a"
"Embora eles tenham igrejas, a todos arruinei",I tupãok îepé aîmomoxy pabenhẽ,"I tupãok, a'e berame'ĩ kanhemi",I tupãok îepé aîmomoxy pabenhẽ
"Embora eles tenham igrejas para ficar rezando, a todos arruinei","I Tupãok îepé, Tupãmongetángetábo, aîmomoxy pabenhẽ ","I Tupãok îepé, opakatu robaké, oîepé i nhemomotar îepi","I Tupãok îepé, Tupãmongetángetábo, aîmomoxy pabenhẽ "
haver,"i tyb (impessoal: há, havia); ikó / ekó (t); ikobé / ekobé (t)","i tyb (impessoal: há, havia); ikó / ekó (t); ikobé / ekobé (t)","i tyb (impessoal: há, havia); ikó / ekó (t); ikobé / ekobé (t)"
mantimento,i 'upyra (v 'u),tesaetá,i 'upyra (v 'u)
Terão bernes e terão vermes os corpos miseráveis dos homens pecadores e das mulheres pecadoras,"I ur, sasok abáangaîpaba, kunhãangaîpaba retéa'ubane","I porupûan, abáangaîpaba, kunhãangaîpaba re'õmbûera oína","I ur, sasok abáangaîpaba, kunhãangaîpaba retéa'ubane"
Levoo na sua trela,I xama ri arasó,Aîpytybõ nde resé,I xama ri arasó
o que é (ou deve ser) convidado,i xo'opyra,i îara,i xo'opyra
"Melhor que isso me seria, pois, morrer",I xosémo nã ky xe re'õ,I xosémo xe re'õ suí ahẽ re'õ,I xosémo nã ky xe re'õ
Casandose com alguém que não seja ele,I xuí amõ resé omendá,Amõ resé omendá,I xuí amõ resé omendá
Fazendo estar os outros bem longe dele,I xuíkatu amõba'e rerekóbo,I xuíkatu amõba'e rerekóbo,I xuíkatu amõba'e rerekóbo
Para ele mesmo,I xupé é,I xupé é,I xupé é
Como que para ele ficaste gritando hoje,I xupé îasûá oîeí eresapukápukaî,I xupé é eresapukápukaî,I xupé îasûá oîeí eresapukápukaî
Dando para ele alguma semelhante a si,I xupé o apixara amõ me'enga,Nde îabé me'enga i xupé,I xupé o apixara amõ me'enga
Rezando a ele no tempo de sua aflição,I xupé o ekotebẽsaba resé oîerurébo,Aîkurákurab i xupé,I xupé o ekotebẽsaba resé oîerurébo
"Para ele trouxeram, como oferendas, ouro, incenso e mirra","I xupé ogûeru îetanongabamo itaîuba, ysykatã syapûãba'e, mirra","I xupé îetanongabamo itaîuba, ysykatã syapûãba'e, mirra","I xupé ogûeru îetanongabamo itaîuba, ysykatã syapûãba'e, mirra"
"Para ele trouxeram, como oferendas, ouro, incenso e mirra","I xupé ogûeru îetanongabamo itaîuba, ysykatã syapûãba'e, mirra","I xupé îetanongabamo itaîuba, ysykatã syapûãba'e, mirra","I xupé ogûeru îetanongabamo itaîuba, ysykatã syapûãba'e, mirra"
"Para ele trouxeram, como oferendas, ouro, resina dura que recende (isto é, incenso) e mirra","I xupé ogûeru îetanongabamo itaîuba, ysykatã syapûãba'e, mirra","I xupé ogûeru îetanongabamo itaîuba, ysykatã syapûãba'e, mirra","I xupé ogûeru îetanongabamo itaîuba, ysykatã syapûãba'e, mirra"
Para ele ficaste gritando hoje,I xupé oîeí eresapukápukaî,I xupé é eresapukápukaî,I xupé oîeí eresapukápukaî
o que dá a eles a virtude,i xupé tekokatu me'engara,i xupé tekokatu me'engara,i xupé tekokatu me'engara
"Junto a ela, primeiramente, os padres foram, anunciando a Deus","I xupé, ranhẽ, abaré, Tupã mombegûabo, i xóû","I ndi, ranhẽ, abaré, Tupã mombegûabo, i xóû","I xupé, ranhẽ, abaré, Tupã mombegûabo, i xóû"
A ele a gente pede pelo futuro viver de sua alma?,I xupépe asé îeruréû o 'anga rekorama resé?,I xupépe oîeruréû o ekobé moingobébo?,I xupépe asé îeruréû o 'anga rekorama resé?
"Cobrindoo sua própria mãe, na verdade, com seu véu",I xy aé ipó opîá o akangaobĩ pupé,I xy i aso'i ipó,I xy aé ipó opîá o akangaobĩ pupé
"Sua mãe, cobrindoo bem, defendeo do frio","I xy i aso'ikatûabo, oîopîá ro'y suí","I xy, i nhubĩngatu, morotare'ymamo serekóû","I xy i aso'ikatûabo, oîopîá ro'y suí"
A bela proclamação de sua mãe afligiume muito,I xy mombe'uporanga xe moingotebẽngatu,I nhe'engatã xe moingotebẽngatu,I xy mombe'uporanga xe moingotebẽngatu
Sua mãe nem sequer sangrou,I xy na sugûyî tiruã,I xy n'oîpotari tugûy,I xy na sugûyî tiruã
Sua mãe não teve dor de parto,I xy n'i membyrasyî,I xy n'i membyrasyî o membyrasápe,I xy n'i membyrasyî
"Sua mãe não teve dor de parto, não sangrou, não ficou doente","I xy n'i membyrasyî, nda sugûyî, n'i mara'ari","I xy n'i membyrasyî o membyrasápe, n'i tybi, n'i mara'ari","I xy n'i membyrasyî, nda sugûyî, n'i mara'ari"
"Sua mãe, cobrindoo bem, defendeo do frio","I xy, i aso'ikatûabo, oîopîá ro'y suí","I xy, i nhubĩngatu, morotare'ymamo serekóû","I xy i aso'ikatûabo, oîopîá ro'y suí"
Sua mãe afável também arranca a ferocidade dele,I xyîerekûaba abé oîo'ok i abaeté,I xy marangatu abé oîoapykatûabo,I xyîerekûaba abé oîo'ok i abaeté
fugir,iabab; nhegílasem; kanhem # fugir com; fazer fugir consigo: eroiabab,Îandé reîyîa,iabab; nhegílasem; kanhem # fugir com; fazer fugir consigo: eroiabab
arraia,iabebyra,(variedades): karapuku; urupé etc coisa,iabebyra
arraia pitoca (nome de uma aldeia),îabebyrasyka,îabebyrasyka,îabebyrasyka
arraia pitoca,Îabebyrasyka,Îabebyrasyka,Îabebyrasyka
"o que é igual a algo ou a alguém, a igualha de, o igual de (VLB, II, 123) (V tb îakatu e îá)",îabendûara,îabendûara,îabendûara
cada,iabi'õ,pab,iabi'õ
costumeiramente,iaby; ame,iaby; py'i,iaby; ame
frequentemente,iaby; py'i,py'i; py'i,iaby; py'i
cão,iagfiara,iagfiara,iagfiara
onça,iagílara; iagílareté,îagûarobá,iagílara; iagílareté
"Pois se levas cães, se estiverem eles ao lado um do outro da sua própria raça, acolhemse um pouco mais","Îagûara biãé ererasó, gûa'ysé o îoesé posé o ẽme, oîepysyrõ bé'ĩ","Îagûara rerasoápe, i agûasá mbo'iragûama resé, t'onhemongatu","Îagûara biãé ererasó, gûa'ysé o îoesé posé o ẽme, oîepysyrõ bé'ĩ"
"Como um cão, atacoume",Îagûara rame'ĩ xe repenhani,Îagûara rame'ĩ xe repenhani,Îagûara rame'ĩ xe repenhani
"o que a onça matou, o morto pela onça",îagûara remiîukapûera,Mba'epy'aûpîara oîuká,îagûara remiîukapûera
filhote de cão,îagûara'yra,iagûara'yba,îagûara'yra
cara de onça,îagûarobá,nhandu'ikesaba,îagûarobá
"Vamos dar uma volta, primeiro",Îaîebyîeby ranhẽ,Îasó misa'ang,Îaîebyîeby ranhẽ
"Arrependernosemos, de coração, dos maus procedimentos",Îaîmoasy marãtekoagûera îandé py'a suíne,Îaîmoasy marãtekoagûera îandé py'a suíne,Îaîmoasy marãtekoagûera îandé py'a suíne
Afirmamos que isso é o que deve ser festejado,Îaîmombe'u aîpó i momorangymbyra,Îaîmombe'u aîpó i momorangymbyra,Îaîmombe'u aîpó i momorangymbyra
Fálo sofrer o frio,Îaîmomboreaûsu ro'y,Aîmomboreaûsub,Îaîmomboreaûsu ro'y
Fálo sofrer o frio,Îaîmomboreaûsu ro'y,Aîmomboreaûsub,Îaîmomboreaûsu ro'y
Apartáloíamos dele precisamente depois disso?,Îaîpe'a nhẽmope i xuí a'e roîré katu?,Îaîpe'a nhẽmope asé i xuí a'e roîré katu?,Îaîpe'a nhẽmope i xuí a'e roîré katu?
Atravessam suas mãos juntamente com seus pés,Îaîpóasásá i py resebé,Aîpopûasárab,Îaîpóasásá i py resebé
"Atravessam suas mãos, assim como seus pés, sobre a cruz pregando meu Senhor","Îaîpóasásá i py resebé, krusá sosé nhẽ xe Îara moîá",Îaîpóasásá i py asé cruz pupé nhẽ xe Îara moîa'ok,"Îaîpóasásá i py resebé, krusá sosé nhẽ xe Îara moîá"
"Trespassaram suas mãos juntamente com seus pés, sobre a cruz pregando meu senhor","Îaîpóasásá i py resébe, krusá sosé nhẽ xe îara moîá","Îaîpóasásá i py i mo'ẽuká, krusá sosé nhẽ xe îara moîáno","Îaîpóasásá i py resébe, krusá sosé nhẽ xe îara moîá"
Viemos de longe,Îaîu kûepe suí,Îasó mamõ,Îaîu kûepe suí
Viemos de longe,Îaîu kûepe suí,Îasó mamõ,Îaîu kûepe suí
Matam (ou mataram),Îaîuká,Îaîuká,Îaîuká
Matamos,Îaîuká,Îamanõmo,Îaîuká
Matemos juntos o que diz isso,Îaîuká memẽ aîpó 'îara,Îasûá,Îaîuká memẽ aîpó 'îara
Matemos juntos o que diz isso,Îaîuká memẽ aîpó 'îara,Îasûá,Îaîuká memẽ aîpó 'îara
jacaré,iakaré,iagfiara,iakaré
cigarra,iakyrana,Sikatyra,iakyrana
Morreríamos certamente antes que contasse para as pessoas o que viu,Îamanõ îepémo serã sepîakagûera abá supé mombe'u e'ymebémo,Îamanõ îepémo serã sepîakagûera abá supé mombe'u e'ymebé,Îamanõ îepémo serã sepîakagûera abá supé mombe'u e'ymebémo
Morrendo nós,Îamanõmo,Îamanõmo,Oromanõmo
"Destruiremos a aldeia, como de costume",Îamombá taba îandune,Îamombá taba îandune,Îamombá taba îandune
Afirmamos que isso é o que deve ser enaltecido,Îamombe'u aîpó i momorangymbyra,Îaîmombe'u aîpó i momorangymbyra,Îamombe'u aîpó i momorangymbyra
Fazemos passar as flechas dos malditos,Îamongûá moxy ru'uba,Asapy nhũ mokona,Îamongûá moxy ru'uba
"Fazemos passar as flechas dos malditos, diante deles esquivandonos","Îamongûá moxy ru'uba, i xupé îaîemoîtỹamo",Îaîmoapyteryb,"Îamongûá moxy ru'uba, i xupé îaîemoîtỹamo"
Que afaste nossa maldade,Îandé aíba t'oîpe'a,Asé angaîpaba repyme'engagûama resé,Îandé aíba t'oîpe'a
Matador de nossa alma,Îandé 'anga îukasara,Îandé rekó mondykaba,Îandé 'anga îukasara
Querendo nossa preocupação com o futuro estado de nossa alma,Îandé 'anga rekorama resé îandé putupaba potá,Îandé 'anga rekorama resé îandé putupaba mo'anga,Îandé 'anga rekorama resé îandé putupaba potá
"Quando o sol estava no alto de nossas cabeças, eu vim","Îandé 'apytera 'arybo 'ara rume, xe ruri","Îandé 'apytera 'arybo 'ara rume, xe ruri","Îandé 'apytera 'arybo 'ara rume, xe ruri"
"Assim como a nós, Deus vê as minúcias de todas as coisas","Îandé îá, Tupã opakatu mba'e rasapyepîaki","Îandé abé, Tupã opakatu mba'e rasapyepîaki","Îandé îá, Tupã opakatu mba'e rasapyepîaki"
Querendo imitar os atos de Nosso Senhor,Îandé Îara rekoagûera ra'anga motá,Tupã resé asé îekobîarõmo,Îandé Îara rekoagûera ra'anga motá
"Após nossa perdição, Deus fez uma mulher bondosa","Îandé kanhem'iré, Tupã amõ kunhãngatu monhangi","Îandé kanhem'iré, Tupã amõ kunhãngatu monhangi","Îandé kanhem'iré, Tupã amõ kunhãngatu monhangi"
nosso anjo da guarda,îandé karaibebé,îandé karaibebé,îandé karaibebé
lembrando nós,îandé ma'enduaramo,îandé ma'enduaramo,îandé ma'enduaramo
"Nosso espião vá primeiro, à frente de nós",Îandé manhana ranhẽ t'osó îandé renondé,Îandé manhana ranhẽ t'osó îandé renondé,Îandé manhana ranhẽ t'osó îandé renondé
Nossa companheira de guerras,Îandé maranirũ,Îandé maraná,Îandé maranirũ
"Nossa companheira de guerras, causa de nossa bravura","Îandé maranirũ, îandé abaîtéba","Îandé maranirũ, îandé abaeté kaûĩ","Îandé maranirũ, îandé abaîtéba"
Para nos honrarem os índios fazem festa,Îandé moetébo apŷaba nhemosaraî,Îandé rubypy moetesabamo îandé ramuîa,Îandé moetébo apŷaba nhemosaraî
Para nos honrar os índios fazem festa,Îandé moetébo apŷaba nhemosaraî,Îandé rubypy moetesabamo îandé ramuîa,Îandé moetébo apŷaba nhemosaraî
Para nos honrar os índios fazem festa,Îandé moetébo apŷaba nhemosaraî,Îandé rubypy moetesabamo îandé ramuîa,Îandé moetébo apŷaba nhemosaraî
"Multiplicounos neste mundo, primeiro",Îandé moîeapykáû ikó 'ara pupé ranhẽ,Îaîabyeté ikó yby pupé ranhẽ,Îandé moîeapykáû ikó 'ara pupé ranhẽ
Feznos viver,Îandé moingobé,Aîkópoxy,Îandé moingobé
"Feznos viver, sofrendo a morte","Îandé moingobé, te'õ porarábo","I 'aragûera ké marane'yma, se'õagûera ké marane'yma","Îandé moingobé, te'õ porarábo"
ternosiam amaldiçoado,îandé momburu meémo,Îandé suí oîepysyrõmotá,îandé momburu meémo
Ternosiam amaldiçoado,Îandé momburu meémo,Aîpepó'ok,Îandé momburu meémo
Nosso criador fazes estar contigo em teus braços,Îandé monhangara nhẽ erenoĩ nde îybápe,Îandé monhangara nde îybápe eresapé,Îandé monhangara nhẽ erenoĩ nde îybápe
querendo fazernos preparar,îandé monhemosako'ipotá,Îandé mombegûabo potá,îandé monhemosako'ipotá
Farnosia remoçar cada vez que nós o comêssemos,Îandé o 'u îabi'õ îandé moybymo,Farnósia o mba'e 'u îabi'õ i moîasukaba,Îandé o 'u îabi'õ îandé moybymo
Para a benção também do nosso trabalho,Îandé porabykysaba robasakatûagûama resé bé,Îandé porabykysaba robasakatûagûama resé bé,Îandé porabykysaba robasakatûagûama resé bé
os que se compadecem de nós,îandé poreaûsubokara,îandé mopytubara,îandé poreaûsubokara
Dentro de nosso coração colocando sua lei,Îandé py'a pupé sekó mondepa,Îandé 'anga pupé tekó mondepa,Îandé py'a pupé sekó mondepa
Pedindo para nos ajudarem (etim  pela nossa futura ajuda),Îandé pytybõagûama resé oîerurébo,Îandé pytybõagûama resé oîerurébo,Îandé pytybõagûama resé oîerurébo
"O que nossos avós quiseram ver, sem resultado, veio mesmo",Îandé ramỹîa remiepîápotá tenhẽ our é,"Îandé ramỹîa repîakĩba'e, n'osapyî, turieté",Îandé ramỹîa remiepîápotá tenhẽ our é
Guardandonos,Îandé rarõmo,Îandé rerekó,Îandé rarõmo
Doador de nossa vida,Îandé rekobé me'engara,Îandé rekobé me'engara,Îandé rekobé me'engara
doador de nossa vida,îandé rekobé me'engara,îandé rekobé me'engara,îandé rekobé me'engara
Fazendo desaparecer nossa morte,Îandé re'õ mokanhema,Îamanõmo,Îandé re'õ mokanhema
"Ficanos atacando, pensando em perverternos","Îandé repenhãpenhã, îandé momoxy mo'anga","Îandé maraná moîarukari, i mondyka potá","Îandé repenhãpenhã, îandé momoxy mo'anga"
Veio para nos ver!,Îandé repîaka our!,Eîori oré repenhana!,Îandé repîaka our!
Vem para ver tua futura terra,Îandé repîaka our!  Veio para nos ver! Eîori nde retamûama repîaka,Îandé repîaka our! Veio para nos ver! Eîori nde retama ranhẽ repîaka,Îandé repîaka our! Veio para nos ver! Eîori nde retamûama repîaka
A multidão de nós afastando,Îandé retá îandé pe'abo,Îandé retá îandé pe'abo,Îandé retá îandé pe'abo
Uniuse a nós,Îandé ri oîese'a,Îandé irũmo nhẽ,Îandé ri oîese'a
Nossa verdadeira inimiga é a morte,Îandé robaîareté te'õ,Îandé raûsueté te'õ,Îandé robaîareté te'õ
Tomanos a dianteira sempre o diabo,Îandé rokesỹ memẽ anhanga,Îandé renondé memẽ anhanga reni,Îandé rokesỹ memẽ anhanga
"Tomanos a dianteira sempre o diabo, ameaçandonos","Îandé rokesỹ memẽ Anhanga, îandé momboîa","Îandé robaké memẽ Anhanga turi, îandé momboîa","Îandé rokesỹ memẽ Anhanga, îandé momboîa"
querendo também que nós afrouxemos nossa carne,îandé ro'o îandé i momby'apotáno,îandé ro'o îandé i momby'apotáno,îandé ro'o îandé i momby'apotáno
a união à nossa carne,îandé ro'o resé îese'aragûera,asé ro'o resé,îandé ro'o resé îese'aragûera
a união de DeusFilho com nossa carne,îandé ro'o resé TupãTa'yra îemonana,îandé ro'o resé TupãTa'yra îemonana,îandé ro'o resé TupãTa'yra îemonana
nosso pai verdadeiro,îandé rubeté,îandé rubeté,îandé rubeté
Fazendo nosso pai primeiro casar com nossa mãe primeira,Îandé rubypy momendá îandé syypy resé,Îandé rubypy momendá îandé sy resé,Îandé rubypy momendá îandé syypy resé
"Nós, enfim, havemos de voar para o paraíso",Îandé té t'îabebé Tupãrorypápe nhẽ,Îandé ko'yté asé ybakypene,Îandé té t'îabebé Tupãrorypápe nhẽ
Mas que nós não paremos de chamála,Îandéte îapyk umẽ senõîa,Îandéte îaîpó nd'îaîpe'aî,Îandéte îapyk umẽ senõîa
"Nós, ao contrário, havemos de ir ao encontro da nossa pátria","Îandéte, îandé retama t'ixepenhan","Îandéte, îandé retama t'ixepenhan","Îandéte, îandé retama t'ixepenhan"
o que é igual a algo ou a alguém,îandûara,oîepé îá,îandûara
"Conhecendo esses teus pecados, sinto que tu queres ir para o fogo do diabo","Iang nde angaîpaba kuapa, anhandub Anhanga ratápe nde só potara","Iang nde angaîpaba kuapa, anhandub Anhanga ratápe nde só potara","Iang nde angaîpaba kuapa, anhandub Anhanga ratápe nde só potara"
Isso o Senhor Deus não quer,Ianga Pa'i Tupã n'oîpotari,Ianga Pa'i Tupã n'oîpotari,Ianga Pa'i Tupã n'oîpotari
"Mas, então, eu amei isto?",Iangtepe ixé asaûsub ra'e?,"Nã, a'epe ûĩ xe rekóû?",Iangtepe ixé asaûsub ra'e?
Amarram suas mãos fortemente,Îapopûaratã,Aîpokupépetek,Îapopûaratã
"Amarramlhe as mãos fortemente, fazendolhe mal","Îapopûaratã, i moangaîpapa","Îapopûaratã, i moakupa","Îapopûaratã, i moangaîpapa"
"Amarram suas mãos firmemente, fazendolhe mal","Îapopûaratã, i moangaîpapa","Îapopûaratã, i moakupa","Îapopûaratã, i moangaîpapa"
"lugar em que dormem os japuguaçus, também antigo nome da Ilha de Santana, da cota leste do Brasil",îapugûasukesaba,îapugûasukesaba,îapugûasukesaba
cumeeira,iapyrytá,apé koty,iapyrytá
capturar,iar,"atiaija (r, s)",iar
pegar,"iar / ar(a) (t, t); pysyk",i puru'a,"iar / ar(a) (t, t); pysyk"
detentor,iara,i mba'e,iara
dono,iara,mba'e rerekó,iara
portador,iara,mamõygfrara; atara,iara
senhora,iara,kygiiaba,iara
"Tenhamos, de fato, as coisas boas, apartandoas do que é mau",Îarekó é rakó mba'ekatu i poxyba'e suí i mouruébo,"Anheté, asé rekokatu momba'eté, i poxyba'e suí i mouruébo",Îarekó é rakó mba'ekatu i poxyba'e suí i mouruébo
Temos nossas coisas comuns,Îarekó îandé îomba'e,Îarekó îandé îomba'e,Îarekó îandé îomba'e
Temos coisas comuns,Îarekó o îomba'e,Îarekó îomba'e,Îarekó o îomba'e
Temos algum remédio como meio de nos curarmos?,Îarekópe mosanga amõ îandé pûerasabamo?,Oîporarápe asé o emimborarátyba?,Îarekópe mosanga amõ îandé pûerasabamo?
Façamolo cair conosco no fogo para fazêlo queimar conosco,Îaro'a tatá pupé serokaîa,"Îaîmoanhã satápe, t'i mokanhẽ",Îaro'a tatá pupé serokaîa
Tragamolo!,Îaru!,T'i nupã!,T'iru! ou Iru!
A ponte derrubam,Îarybobõ omonguî,Îarybobõ omonguî,Îarybobõ omonguî
"A ponte derrubam, querendo que a canoa passe","Îarybobõ omonguî, ygara kuabĩ potá","Îarybobõ omonguî, ygara kuabĩ potá","Îarybobõ omonguî, ygara kuabĩ potá"
pendurado,iasekó,nhe'eng,iasekó
chorar,iase'o,iase'o,iase'o
choro,iase'o,xe resa'y,iase'o
"Suportando o choro, o menino belo está deitado","Îase'o porarasápe, kunumĩporanga ruî","Îase'o reru, kunumĩporanga ruî","Îase'o porarasápe, kunumĩporanga ruî"
"Estai com pranto, como modo de honrar o que entra para junto de vós",Îase'o rakó perekó peẽmo teîkeara moetesabamo,Îase'o rakó perekó peẽmo teîkeara moetesabamo,Îase'o rakó perekó peẽmo teîkeara moetesabamo
Com pranto estai como modo de louvar o que entra junto a vós,Îase'o rakó perekó peẽmo teîkeara moetesabamo,Moraseîa o îoupé seîkeara moetesabamo,Îase'o rakó perekó peẽmo teîkeara moetesabamo
"Com pranto estai, como modo de louvar o que entra junto a vós, como modo de o receber","Îase'o rakó perekó peẽmo teîkeara moetesabamo, i mobasembabamo","I gûasemápe, ta pesó ogûetepyra ri, ta pe rory","Îase'o rakó perekó peẽmo teîkeara moetesabamo, i mobasembabamo"
rouco,iase'opyoú; nhe'epyoú,(intr): puk; (tr): mobok,iase'opyoú; nhe'epyoú
"Ataquemolos, prendamolos antes que se consolem","Îasepenhan, îaîpysyk i apysyk' e'ymebé","Îeîbé i moîáno, îandé îanondé i mokona","Îasepenhan, îaîpysyk i apysyk' e'ymebé"
"Atacamolos, prendemolos, antes que se consolem","Îasepenhan, îaîpysyk, i apysyk' e'ymebé","Îaîakanga, îaîakanga, îandé îandu îanondé","Îasepenhan, îaîpysyk, i apysyk' e'ymebé"
Vemos sempre as suas pegadas,Îasepîak îepi i pypora,Ema'ẽnhemima i xupé,Îasepîak îepi i pypora
"Vamos para assaltála, atacando pelas costas a mãe de Deus","Îasó sesé îapu'ama, Tupana sy kupe'apa",Îaîme'eng i xupé,"Îasó sesé îapu'ama, Tupana sy kupe'apa"
Vamos para quebrar as cabeças dos reis,Îasó tubixaba akanga kábo,Îasó tubixaba akanga t'îaîe'a,Îasó tubixaba akanga kábo
"Não vamos, ela nos castiga, fazendonos saltar no fogo","Îasó umẽ, îandé nupã, tatápe îandé mombómo","Îandé nupãmo, îandé nupã, tatápe îandé mombómo","Îasó umẽ, îandé nupã, tatápe îandé mombómo"
"Ah, bem parece!",Îasûareté mã!,Îasûareté mã!,Îasûareté mã!
lua,iasy,iasy,iasy
"A lua foi comida (isto é, a lua eclipsouse)",Îasy mba'e i 'upyra,Îasy gûara,Îasy mba'e i 'upyra
lua minguante,îasyangaîbara,Îasy onhemoputun,îasyangaîbara
luar,iasyendy,iasy,iasyendy
lua cheia,îasyobagûasu,îasyobagûasu,îasyobagûasu
lua nova,îasysemamo,îasysemamo,îasysemamo
estrela,iasytatá,amandaba,iasytatá
As estrelas bem longe se escondem,Îasytatá kûepe é i nhemimi,Îasytatá kûepe é i mo'ẽuká,Îasytatá kûepe é i nhemimi
Por causa da estrela sua guardiã,Îasytatá serekoarama resé,I 'anga i mongaraibypyra îaîpó,Îasytatá serekoarama resé
"Por causa da estrela sua guardiã, como indicadora do caminho para eles",Îasytatá serekoarama resé pé 'îaramo i xupé,kûarasy sembaba o emimotara rupi,Îasytatá serekoarama resé pé 'îaramo i xupé
"Pela estrela que os guia, como a que mostra o caminho",Îasytatá serekoarama resé pé kuabe'ẽsaramo,A'epe îasytatá serekoarama resé,Îasytatá serekoarama resé pé kuabe'ẽsaramo
"Pela estrela que os guia, como a que mostra o caminho",Îasytatá serekoarama resé pé kuabe'ẽsaramo,A'epe îasytatá serekoarama resé,Îasytatá serekoarama resé pé kuabe'ẽsaramo
"Fazemos oferendas às sepulturas, pondo algumas coisas (nelas)",Îatybypoî ma'e amõ nonga,"Îaîybỹpo'ẽ, îaîmoîa'ok",Îatybypoî ma'e amõ nonga
"Hei de ir para onde me mandam Mesmo porque eu, por vontade, assim quero fazer","Îé t'asóne xe mondoápe Memeté ixé, xe py'ape, emonã tekó potá",Asó mamõ asé potasápe,"Îé t'asóne xe mondoápe Memeté ixé, xe py'ape, emonã tekó potá"
"Sim, hei de ir para onde me mandam Mesmo porque eu, em meu coração, assim quero fazer","Îé t'asóne xe mondoápe Memeté ixé, xe py'ape, emonã tekó potá",Îé t'asóne xe kane'õápe xe py'ape asópotá,"Îé t'asóne xe mondoápe Memeté ixé, xe py'ape, emonã tekó potá"
"Sim, esses me satisfazem","Îé, aîpó xe moytarõ","Îé, aîpó xe momoranga","Îé, aîpó xe moytarõ"
"Sim, esses me satisfazem","Îé, aîpó xe moytarõ","Îé, aîpó xe momoranga","Îé, aîpó xe moytarõ"
"Sim, eis aqui também minhas garras","Îé, kó bé xe pûãpẽ","Îé, kó bé xe pûapẽ","Îé, kó bé xe pûãpẽ"
"Sim, eis aqui também minhas garras, meu rabo comprido","Îé, kó bé xe pûapẽ, xe rûaîpuku","A'epe bé xe pûapẽ, xe rûaîpuku","Îé, kó bé xe pûapẽ, xe rûaîpuku"
"Sim, eis aqui também minhas garras, meu rabo comprido, meus ganchos","Îé, kó bé xe pûapẽ, xe rûaîpuku, xe tyãîa","Îé, kó bé xe pûapẽ, xe rûaîpuku, xe akanga","Îé, kó bé xe pûapẽ, xe rûaîpuku, xe tyãîa"
emigrar,ieakasó,ieakasó,ieakasó
recuar,ieakypftereroiebyr; syi; syryk recusar,Îamombá,ieakypftereroiebyr; syi; syryk recusar
geração,ieapyká; nhemonhangaba gerar,nhemonhangaba; nhemonhangaba (v nhemo nhanga),ieapyká; nhemonhangaba gerar
atentar,ieapysaká,Îandé rarõmo,ieapysaká
voltar,iebyr # voltar com; fazer voltar consigo: eroiebyr,iebyr # voltar com; fazer voltar consigo: eroiebyr,iebyr # voltar com; fazer voltar consigo: eroiebyr
nojo,iegfiaru; (ter nojo): iegtlaru,apara; banga; apena tosar,iegfiaru; (ter nojo): iegtlaru
Acordo de madrugada,Îeîbé apak,Îeîbeté onhemonhang,Îeîbé apak
De madrugada levantome,Îeîbé apu'am,Îeîbeté apak,Îeîbé apu'am
Vou de madrugada,Îeîbé asó,Îeîbé asó,Îeîbé asó
"bem cedo, bem de madrugada",îeîbeté,îeîbeté,îeîbeté
Acordo bem de madrugada,Îeîbeté apak,Îeîbeté apak,Îeîbeté apak
soluçar,"ieiok,la (xe)",angekoam,"ieiok,la (xe)"
soluço,ieioka,angekoam,ieioka
palmito de juçara,îeîsaru'ã,ybyrá kamby,îeîsaru'ã
bocejar,ieiurupirar,(intr): puk; (tr): mondyi; mopuk,ieiurupirar
gozar,iekosub,memfiã,iekosub
obter,iekosub,moiebyr; eroiebyr; me'engyieby devorar,iekosub
visível,iekuab/a,iekuab/a,iekuab/a
jejuar,iekuakub,iaby; py'i,iekuakub
O jejum difere de não comer carne,Îekuakuba oîkoé so'o gûabe'yma suí,I îukapyrûera rakó so'o reroîabapara suí,Îekuakuba oîkoé so'o gûabe'yma suí
"O que não recebe a Deus (isto é, não comunga) a cada Quaresma",Îekuakubusu îabi'õ Tupã ogûare'ymba'e,Quaresma îabi'õ Tupã n'oîmoetéî,Îekuakubusu îabi'õ Tupã ogûare'ymba'e
jejum,iekuakupaba,moapysyk,iekuakupaba
marca,"iekuapaba; (marca de pancada, de fa cada, de dentada): pora",poranduba (m),"iekuapaba; (marca de pancada, de fa cada, de dentada): pora"
morrer,iekyi; manõ / e'õ (t) # morrer com; fazer morrer consigo: eromanõ,te'õ,iekyi; manõ / e'õ (t) # morrer com; fazer morrer consigo: eromanõ
apesar (de),iepé,jepe,iepé
Bem que disse isso,Îepé aîpó a'é,I 'aysyk,Îepé aîpó a'é
Bem que o chamei,Îepé asenõî,I porangeté aporomoingó,Îepé asenõî
embora (= apesar de que),iepé; aftiebé,iepé; aftiebé,iepé; aftiebé
lenha,iepe'aba,ybyrá,iepe'aba
cunha de fender lenha,îepe'akasaba,ybyrá kamby,îepe'akasaba
instrumento de fender lenha,îepe'amobokaba,ybyráypy,îepe'amobokaba
cunha de fender lenha,îepe'amobokaba,ybyrá kamby,îepe'akasaba
Eu iria inutilmente,Îepémo asó,N'aîarõî mba'e,Îepémo asó
Ainda que eu fosse,Îepémo asó,Ixé aé,Îepémo asó
Embora eu já tivesse ido,Îepémo xe só umani,Asó ipó,Îepémo xe só umani
"Mal a gente diz algo, já se irrita",Îeperibe'ĩ asé marã i 'éû onhemoŷrõ ymûan,"Îeperibe'ĩ asé marã i 'éû, aûnhenhẽ onhemomburu",Îeperibe'ĩ asé marã i 'éû onhemoŷrõ ymûan
"Mal a gente diz algo, já se irrita","Îeperibe'ĩ asé marã i 'éû, onhemoŷrõ ymûan","Îeperibe'ĩ asé marã i 'éû, aûnhenhẽ onhemomburu",Îeperibe'ĩ asé marã i 'éû onhemoŷrõ ymûan
"o que é de cada dia, coisa cotidiana",îepimemẽndûara,ara rupindûara,îepimemẽndûara
acenar,iepoeityk,ka'a,iepoeityk
caçada,ieporakasaba,kutuk,ieporakasaba
pescaria (com rede),ieporakasaba (v iepo rakar),pirá,ieporakasaba (v iepo rakar)
pescador (com rede),îeporakasara,ieporakasara (v ieporakar); pin daitykara,îeporakasara
pescador,ieporakasara (v ieporakar); pin daitykara,piránhandara,ieporakasara (v ieporakar); pin daitykara
juntura,iepotasaba,ti,iepotasaba
Devolvendo sua antiga firmeza,Îepytasokûera eroîeby,Aîeapyká,Îepytasokûera eroîeby
afável,ierektlab,aysó,ierektlab
confiar,ierobiar,terobiara,ierobiar
esperança,ierobiasaba,se,ierobiasaba
glória vã,îerobîátenhẽa,a'uba,îerobîátenhẽa
pedir,ieruré,ieruré,ieruré
rogar,ieruré,nhe'enga,ieruré
rezar,ieruré; tupãmongetá,ieruré; tupãmongetá,ieruré; tupãmongetá
oração,ieruresaba,ieruré; tupãmongetá,ieruresaba
"Por ele fazer a defesa do amor a Jesus Cristo, mataramno","Îesu Cristo raûsuba resé i îepirapûaneme, bŷá i îukáû",Îesu Cristo raûsupauká resé i nhybõû,"Îesu Cristo raûsuba resé i îepirapûaneme, bŷá i îukáû"
"Jesus Cristo, o juiz","Îesu Cristo, tekomonhangara","Îesu Cristo, tekomonhangara","Îesu Cristo, tekomonhangara"
À direita de Jesus tu somente estás,Îesu 'ekatuápe nde nhõ ereîmbé,Îesu 'ekatûápe ereimbé,Îesu 'ekatuápe nde nhõ ereîmbé
À direita de Jesus somente tu estás,Îesu 'ekatûápe nde nhõ ereimbé,Îesu 'ekatûápe ereimbé,Îesu 'ekatûápe nde nhõ ereimbé
Jesus salvador da gente,Iesu moropysyrõana,Iesu moropysyrõana,Iesu moropysyrõana
Procuramos Jesus Nazareno,Iesu Nazareno orosekar,Iesu Nazareno orosupa,Iesu Nazareno orosekar
Jesus fezte subir,Îesu nde rupiri,Îesu eresupi,Îesu nde rupiri
"Jesus, guardião da alegria",Iesu toryberekoara,Iesu toryberekoara,Iesu toryberekoara
"Eia, amai a Jesus, a verdade!","Îesu, mba'eeté, pe'ĩ, pesaûsu!","Îesu,eté, pesaûsu!","Îesu, mba'eeté, pe'ĩ, pesaûsu!"
"Jesus, senhor da virtude","Îesu, tekokatu îara","Îesu, tekokatu îara","Îesu, tekokatu îara"
"Jesus, o que eu desejo","Îesu, xe remimotara","Îesu, xe remimotara","Îesu, xe remimotara"
Eis que este é discípulo de Jesus,Iesus boîá ã ikó,Iesus boîá ã ikó,Iesus boîá ã ikó
Eis que procuramos Jesus de Nazaré,Iesus Nazareno ikó orosekar,Iesus Nazareno ikó orosekar,Iesus Nazareno ikó orosekar
presentear,ietanong,moiebyr; eroiebyr; me'engyieby devorar,ietanong
oferenda,ietanongaba,me'eng,ietanongaba
presente (= dádiva),ietanongaba,ietanongaba,ietanongaba
trepar,ieupir,ieupir,ieupir
subir,ieupir # fazer subir consigo; subir com: eroieupir,ieupir,ieupir # fazer subir consigo; subir com: eroieupir
o que é temido,iî abaeteba'e,iî abaeteba'e,iî abaeteba'e
São muito molestos os tropeços de nossa caminhada,Iî abaíbeté asé atá mysakanga,Iîabaíbeté nhẽ rakó îandé koty ababykagûera,Iî abaíbeté asé atá mysakanga
"São muito molestos, certamente, os tropeços de nossa caminhada, o fatigarse","Iî abaibeté nhẽ rakó asé atá mysakanga, asé mopytubara","Iîabaíbeté nhẽ rakó asé koty atykábo, kane'õ","Iî abaibeté nhẽ rakó asé atá mysakanga, asé mopytubara"
Eu sou fino,Iî aeté  Ele é fino Xe aeté,Aîmẽ,Iî aeté Ele é fino Xe aeté
por baixo das brenhas dela,iî aigûyra rupi nhẽ,i pó gûyrybo,iî aigûyra rupi nhẽ
o que está vestido,iî aoba'e,i mongôyba'e,iî aoba'e
o lado direito dele,iî apé,i 'ekatûaba,iî apé
Flechouo em lugar não mortal (ou não perigoso),Iî ara'ape inhybõû,Îaîmoîar ybakype se'õmbyre'yma pupé,Iî ara'ape inhybõû
O que tem jeito para ele sou eu,Iî arõana ixé,Iî arõana ixé,Iî arõana ixé
"Cortao pela sua base (isto é, cerce)",Iî aŷpy rupi eîasy'ab,Aîmoîoakypûé,Iî aŷpy rupi eîasy'ab
a abertura da saia dela,Iî ikeboka,iî ybõmbyra,Iî ikeboka
Bem desde o começo dela ouvistea ou somente a partir do meio dela?,Iî ypy suíkatupe eresendu koîpó i ku'a suí nhote?,Iî ypy suíkatupe eresendu koîpó i pyterybo bé eresendu?,Iî ypy suíkatupe eresendu koîpó i ku'a suí nhote?
"Ah, bem feito para ele!",Iîá îaby ahẽ mã!,I porangeté aîpó!,Iîá îaby ahẽ mã!
"Ainda bem que vós três, novamente, queimareis juntos",Iîá mosapyry bé pekaî oîepegûasune,Iîá mosapyry bé pekaî oîepegûasune,Iîá mosapyry bé pekaî oîepegûasune
"Ainda bem que os três, novamente, queimareis em conjunto",Iîá mosapyry bé pekaî oîepegûasune,Iîá mosapyry bé pekaî oîepegûasune,Iîá mosapyry bé pekaî oîepegûasune
Ainda bem que o faz correr consigo!,Iîá muru senonhana!,Iîá oîpytybõmo!,Iîá muru senonhana!
Bem feito para o maldito! Seus fígados hão de ser minha porção,Iîá muru! I py'apûera xe potabamo t'oîkó,Mba'eeté kaîne'ymba'e resé,Iîá muru! I py'apûera xe potabamo t'oîkó
Ainda bem que aprendeu,Iîá oîembo'ebo,Iîá oîkuab,Iîá oîembo'ebo
Ainda bem que morreu,Iîá omanõmo,Iîá omanõmo,Iîá omanõmo
Bem feito que adoeceu!,Iîá omba'easyramo!,Iîá omba'enunga!,Iîá omba'easyramo!
São muito temíveis teus chifres,Iîabaetékatu nde 'aka,I abaetékatu nde anama,Iîabaetékatu nde 'aka
Isso é muito difícil!,Iîabaíbeté aîpó!,Iîabaíbeté aîpó!,Iîabaíbeté aîpó!
"São muito molestos, certamente, os tropeços de nossa caminhada",Iîabaíbeté nhẽ rakó asé atá mysakanga,Iîabaíbeté nhẽ rakó asé koty asobaîara,Iîabaíbeté nhẽ rakó asé atá mysakanga
"São muito molestos, certamente, quando a lua está escura, os tropeços de nossa caminhada","Iîabaíbeté nhẽ rakó îasy putuneme, asé atá mysakanga","Iîabaíbeté nhẽ rakó îasy putuneme, asé koty sekóû","Iîabaíbeté nhẽ rakó îasy putuneme, asé atá mysakanga"
Ainda bem que todos vós queimareis à uma,Iîamuru opabenhẽ pekaî oîepegûarane,Iîamuru opabenhẽ pekaî oîepegûarane,Iîamuru opabenhẽ pekaî oîepegûarane
Ainda bem que o faz correr consigo!,Iîamuru senonhana!,Iîá oîpytybõmo!,Iîá muru senonhana!
Bem feito! Ambos queimareis em conjunto,Iîamuru! Mokõîbé pekaî oîepegûasune,Oîepegûasune oîepegûasune,Iîamuru! Mokõîbé pekaî oîepegûasune
Elas são muito altas?,Iîybatékatupe?,I ku'asorok serã?,Iîybatékatupe?
Eram compridas algumas cordas,Iîysapuku sama amõ,Îaîurupyk,Iîysapuku sama amõ
poder2 (v),ikatu / 'ekatu,pokarugúar/a,ikatu / 'ekatu
Podem também as pessoas casarse diante de um outro padre,Ikatu bé abá omendá amoaé abaré robaké,Ikatu bé abá omendá amoaé abaré robaké,Ikatu bé abá omendá amoaé abaré robaké
"Podem também as pessoas casarse diante de um outro padre, de acordo com a vontade do padre responsável por elas",Ikatu bé abá omendá amoaé abaré robaké abaré ogûerekoara remimotara rupi,Ikatu bé abá omendá amoaé abaré robaké abaré o monhemongaraibypyra remimotara rupi,Ikatu bé abá omendá amoaé abaré robaké abaré ogûerekoara remimotara rupi
"Ando despido, vivo despido",Ikatupe aîkó,"Aîkó îepé, xe aoba suí sekobeîebyra",Ikatupe aîkó
o que te põe a nu,ikatupe nde moĩndara,nde mombuku,ikatupe nde moĩndara
O que te põe nu,Ikatupe nde moĩndara,i moŷrõmbyra,Ikatupe nde moĩndara
Oxalá ela estivesse sem roupa!,Ikatupe nhẽ temõ mã!,N'aîpysóî xûétemo,Ikatupe nhẽ temõ mã!
Oxalá ela estivesse nua!,Ikatupe nhẽ temõ mûã!,Aîpotákatutenhẽmo o akangaobĩ mã!,Ikatupe nhẽ temõ mûã!
"Estava ele despido, sem mais, em público?",Ikatupe nhẽpe sekóû te'yîpe?,A'epe i îeapykáû turi?,Ikatupe nhẽpe sekóû te'yîpe?
"coisa manifesta, pública, coisa notória por ser vista",ikatupendûara,i moapysykaba'e,ikatupendûara
Vestir os nus,Ikatupendûara moaoba,Îandé aoba pabenhẽ asé i moîarukari,Ikatupendûara moaoba
"coisa manifesta, pública, coisa notória por ser vista",ikatupesûara,i moapysykaba'e,ikatupendûara
aqui,iké,kóbo,iké
entrar,iké / eiké (t) # entrar com; fazer entrar consigo: eroiké,iké / eiké (t) # entrar com; fazer entrar consigo: eroiké,iké / eiké (t) # entrar com; fazer entrar consigo: eroiké
Estai aqui esperandome,Iké nhẽ peîkó xe rarõmo,Iké peîeapyká,Iké nhẽ peîkó xe rarõmo
"Estai aqui esperandome, junto de mim, não dormindo","Iké nhẽ peîkó xe rarõmo, xe pyri, pekere'yma",Apykaíb,"Iké nhẽ peîkó xe rarõmo, xe pyri, pekere'yma"
querendo trazêlos aqui,iké serupotá nhẽ,iké serupotá nhẽ,iké serupotá nhẽ
daqui,iké suí,aktieipe,iké suí
Aqui é minha casa,Iké xe roka,Iké xe roka,Iké xe roka
O que é daqui é este,Ikendûara n'ikó,Kori oîkóba'e,Ikendûara n'ikó
agir,ikó  ekó,ikó ekó,ikó ekó
ser,ikó / ekó (t) ,ikó / ekó (t) ,ikó / ekó (t) 
estar,"ikó / ekó; k6ab; kub # estar com; fa zer estar consigo: erokub; erekó; estar de pé: 'am; estar deitado: iub / ub(a) (t, t); estar deitado com: erub; estar em movimento: ikó / ekó (t); estar presente: ikobé / ekobé (t); estar sentado, parado, quieto: in/ en(a) (t)",i xupé,"ikó / ekó; k6ab; kub # estar com; fa zer estar consigo: erokub; erekó; estar de pé: 'am; estar deitado: iub / ub(a) (t, t); estar deitado com: erub; estar em movimento: ikó / ekó (t); estar presente: ikobé / ekobé (t); estar sentado, parado, quieto: in/ en(a) (t)"
Este homem trago aqui para que o reconheçais,Ikó abá arur iké ta peîkuab,Ikó abá arur iké ta peîkuab,Ikó abá arur iké ta peîkuab
"Eis que esta roupa será, adequadamente, de feriado",Ikó aoba niã aûîékatutenhẽ Tupãnemendarama,Ikó aoba niã aûîékatutenhẽ areté,Ikó aoba niã aûîékatutenhẽ Tupãnemendarama
o que está neste mundo,ikó 'ara pora,ikó 'ara pora,ikó 'ara pora
"Se o que Deus fez neste mundo é muito belo, quanto mais lá, o céu primeiro","Ikó 'ara pupé abiã Tupã remimonhangûera i porãngatu, memetipó ebapó ybakypy","Ikó 'ara Tupã i monhangetékatu é, memetipó a'epe ybaka ranhẽ re'a","Ikó 'ara pupé abiã Tupã remimonhangûera i porãngatu, memetipó ebapó ybakypy"
Fazendo levar imediatamente para o céu os que resgataram bem seus pecados ainda neste mundo,Ikó 'ara pupé bé o angaîpagûera repyme'ẽngatusarûera ybakype aûnhenhẽ serasóuká,Ikó 'ara pupé o angaîpagûera repyme'ẽngatusarûera ybakype serasóbo,Ikó 'ara pupé bé o angaîpagûera repyme'ẽngatusarûera ybakype aûnhenhẽ serasóuká
Que aumenteis o amor a Deus neste mundo,Ikó 'ara pupé Tupã raûsubagûera ta pemoîoapyr,Ta peîeapyká Tupã raûsubagûama resé ikó 'ara pupé,Ikó 'ara pupé Tupã raûsubagûera ta pemoîoapyr
"Se meter a mão neste nosso fogo é terrível, quanto mais ali","Ikó îandé ratá pupé asé po'ema biã iî abaeté, memetaé a'epe","Îandé ratá pupé abá pó gûeba'e oína, i poxyeté a'epe","Ikó îandé ratá pupé asé po'ema biã iî abaeté, memetaé a'epe"
"Se pôr a mão neste nosso fogo é terrível, tanto mais ali é terrível queimaremse os homens eternamente","Ikó îandé ratá pupé asé po'ẽma biã iî abaeté, memetaé a'epe aûîeramanhẽ abá kaîa o abaetéramo",I abaetékatupe ikó îandé ratápe asé ratá pupé oîmoanhã memetipó a'epe abá re'õmbûera,"Ikó îandé ratá pupé asé po'ẽma biã iî abaeté, memetaé a'epe aûîeramanhẽ abá kaîa o abaetéramo"
este desterro comum,ikó îope'asagûera,kó îeapykáeté,ikó îope'asagûera
"Após acabar este desterro comum, faze a nós vêlo",Ikó îope'asagûera syk'iré esepîakukar orébe,"Ikó îepokûapa bé, eîembo'ebo orébe",Ikó îope'asagûera syk'iré esepîakukar orébe
"Estas rãs, que as comas em retribuição por isso",Ikó îu'i t'ere'u sepy resé,"Ikó 'y nde i 'u, nde momoranga",Ikó îu'i t'ere'u sepy resé
"Estas rãs, minhas presas, que as comas","Ikó îu'i, xe rupîara, t'ere'u","Kó 'y, xe pytu, t'ere'u","Ikó îu'i, xe rupîara, t'ere'u"
Este caminho também é penoso,Ikó pé bé iî abaí,Ikó pé bé iî abaí,Ikó pé bé iî abaí
Sou novato nisto,ikó ramõ  ser novato  Aîkó ramõ anga resé,Aîpó pysasu,ikó ramõ ser novato Aîkó ramõ anga resé
Confundindo esta aldeia,Ikó taba apamonana,Ikó taba apamonana,Ikó taba apamonana
"Esta aldeia, não disseste maldades a ela ainda?","Ikó tabape, marã nd'eréîpe i xupé ranhẽ?","Ikó tabape, marã nd'oîkóî i xupé ranhẽ?","Ikó tabape, marã nd'eréîpe i xupé ranhẽ?"
"Neste vale, lugar de choro",Ikó ybytygûaîa îasegûaba pupé,Ikó ybyku'îa îase'oasaba,Ikó ybytygûaîa îasegûaba pupé
"neste vale, lugar de chorar",ikó ybytygûaîa îasegûaba pupé,Ikó ybyku'îa pupé,ikó ybytygûaîa îasegûaba pupé
Os que vivem para isso transgridem muito a lei,Ikoba'e resé tekoara oîabyeté tekó,I marangatuba'e o ekó tekoara oîkotebẽngatueté,Ikoba'e resé tekoara oîabyeté tekó
este outro (e não ele),ikoba'ete,kóte,koba'ete
viver,ikobé / ekobé (t); ikó / ekó (t) # fazer viver: moingobé,ikó moingobé,ikobé / ekobé (t); ikó / ekó (t) # fazer viver: moingobé
errar,ikomemilã; aby,v animal,ikomemilã; aby
demorar,ikopuku/ ekopuku (t),ikopuku/ ekopuku (t),ikopuku/ ekopuku (t)
durar,ikopuku/ ekopuku (t),iubé ,ikopuku/ ekopuku (t)
este outro (e não ele),ikóte,kóte,koba'ete
vadiar,ikotenhe / ekotenhe (t),kokaba,ikotenhe / ekotenhe (t)
roro,ina1ag0asu,(intr): puk; (tr): mobok,ina1ag0asu
casca de coco,inaîagûasu apepûera,îukyrapu'a,inaîagûasu apepûera
após vertêla dentro de alguma casca de coco,inaîagûasu apepûera amõ pupé i nhang'iré,kó kó îurupara pupé i nhang'iré,inaîagûasu apepûera amõ pupé i nhang'iré
Após vertêla dentro de alguma casca de coco,Inaîagûasu apepûera amõ pupé i nhang'iré,Oîme'eng ro'y amõ gûabo,Inaîagûasu apepûera amõ pupé i nhang'iré
Trazei também a ingapema!,Ingapema bé peru!,Ingapema bé peru!,Ingapema bé peru!
Trazei também o tacape!,Ingapema bé peru!,Ingapema bé peru!,Ingapema bé peru!
cavidade dela,inhanhã,apysyk,inhanhã
rede1 (de dormir),ini,pyter,ini
armação de leito,inimbebytá,apykaba,inimbebytá
"bola, novelo de lã",inimbóapu'a,gûyrá mboîa,inimbóapu'a
linha delgada para coser,inimbó'i,mbegüé,inimbó'i
Trazendo algumas linhazinhas,Inimbó'i amõ reru,Inimbó'i amõ reru,Inimbó'i amõ reru
Trazendo um pouco de linha,Inimbó'i amõ reru,Aanumẽî,Inimbó'i amõ reru
"armação de fios, roca de fiar",inimbó'yba,nha'ẽmbeba,inimbó'yba
tear de redes,inĩytá,gftarini; kyre'ymbaba,inĩytá
injúria recíproca (com palavras),îoa'o,nhe'engasy,îoa'o
Não prantear um ao outro (como forma de saudação) é modo de atentar contra si mesmo,Îoapirõe'yma rekóû îemomburûabamo nhẽ,Îekuakuba'u umẽ rekóû îemomboreaûsubara,Îoapirõe'yma rekóû îemomburûabamo nhẽ
matança,ioapiti; paba (mb); porapiti (m) matar,apPk ,ioapiti; paba (mb); porapiti (m) matar
ferimentos mútuos,îoapixaba,moaiu,îoapixaba
amizade,ioaüsuba,ti,ioaüsuba
amor,ioaüsuba,kunusãija,ioaüsuba
buzina (= cornetim indígena),iomby,aka,iomby
Vem para espantar o diabo,Îori anhanga mondyîa,Îori anhanga mondyîa,Îori anhanga mondyîa
Vem espantar o diabo para que não nos vença!,Îori anhanga mondyîa oré moaûîé suí!,Îori anhanga mondyîa oré moaûîé suí!,Îori anhanga mondyîa oré moaûîé suí!
"Vem para espantar o diabo, para que não me dane","Îori anhanga mondyîa, ta xe momoxy umẽ","Îori anhanga mondyîa, ta xe moaûîé umẽ","Îori anhanga mondyîa, ta xe momoxy umẽ"
Vem para arrancálo logo do interior dela,Îori sekyîa taûîé i py suí,Îori sekyîa o poti'a suí,Îori sekyîa taûîé i py suí
"Vem para arrancar logo, de dentro dela, o tinhoso","Îori sekyîa taûîé, i py suí, serubu",Eîori i angaîpaba mombóû i py suí,"Îori sekyîa taûîé, i py suí, serubu"
"Vem para me fazer regozijar, dando tua boa lei","Îori xe moîekosupa, nde rekokatu me'enga","Îori xe raûsupa, nde rekokatu me'enga","Îori xe moîekosupa, nde rekokatu me'enga"
Vem para me governar,Îori xe rekomonhanga,Eîori xe moîarypyramo,Îori xe rekomonhanga
"Vem, espantando o diabo, para não nos vencer","Îori, anhanga mondyîa, oré moaûîé suí!","Îori, anhanga mondyîa, oré moaûîé suí!","Îori, anhanga mondyîa, oré moaûîé suí!"
"Vem para espantar o diabo, para não nos vencer","Îori, anhanga mondyîa, oré moaûîé suí!","Îori, anhanga mondyîa, oré moaûîé suí!","Îori, anhanga mondyîa, oré moaûîé suí!"
"Vem, dize o nome, ó sim, dos que tu venceste por aí","Îori, esenõî angá kûeîbo nde remimoaûîé","Îori, esenõî îepi, îepi, nde remiekara","Îori, esenõî angá kûeîbo nde remimoaûîé"
"Vem, nomeia os que tu derrotas por aí","Îori, esenõî angá kûeîbo nde remimoaûîé","Îori, esenõî angá nde 'îaba mondyka","Îori, esenõî angá kûeîbo nde remimoaûîé"
"Vem, para que recebas a lei deles","Îori, t'ereîá sekó","Îori, t'ereîá tekó","Îori, t'ereîá sekó"
comer um ao outro,îo'u,îandé îo'u,îo'u
chocar (intr),ioupi'aerub,iekosub,ioupi'aerub
tubarão,iperu; yperu,pirá,iperu; yperu
decididamente,ipó,nhe,ipó
provavelmente,ipó re'a; serã; ruã prover,nipó; serã; (na interr): ipó? tamanduá,ipó re'a; serã; ruã prover
Longamente estava nosso pai primeiro chorando,Ipuku erimba'e îandé rubypy rekóû îase'o monhanga,Ipuku erimba'e i xy rekóû îase'omonhanga,Ipuku erimba'e îandé rubypy rekóû îase'o monhanga
Longamente nosso pai primeiro esteve chorando,Ipuku erimba'e îandé rubypy rekóû îase'omonhanga,Ipuku erimba'e îandé rubypy rekóû îase'omonhanga,Ipuku erimba'e îandé rubypy rekóû îase'omonhanga
Longamente eu o estive fazendo,Ipuku xe rekóû i monhanga,Ipuku xe rekóû i monhanga,Ipuku xe rekóû i monhanga
"outro dia, já não agora",irã é irã,irã é irã,karamosé é
futuramente,irã; mirã,sybá,irã; mirã
cera,iraity,ybypomombykypyra,iraity
irritar,irarõ; monharõ,Îandé moŷrõmo,irarõ; monharõ
arco,íris,iara,ybyrapara
"Portanto, essa é a primeira finalidade de se aspergir a gente com água benta",Irõ aîpó 'ykaraíba pupé asé îeepyîtabypy,Irõ aîpó 'ykaraíba pupé asé 'apyterebamo iîypyrunga,Irõ aîpó 'ykaraíba pupé asé îeepyîtabypy
Enfim de volta!,Irõ bé!,Arur bé!,Irõ bé!
"Enfim, de volta!",Irõ bé!,Ne'ĩ bé! Aîur gûiîeby!,Irõ bé!
"Portanto, esses são os mandamentos do Senhor Deus a nós",Irõ ianga Pa'i Tupã îandé rekomonhangaba,Aîpó Tupã asé rekomonhangaba,Irõ ianga Pa'i Tupã îandé rekomonhangaba
"Portanto, prantear as pessoas (que chegam, como saudação) isso as enternece",Irõ moroapirõ a'e oporomomby'ar,Nd'e'i te'e abá resé oîase'o i moîo'arybo,Irõ moroapirõ a'e oporomomby'ar
"Portanto, prendote!",Irõ oropokosub!,"Irõ, nde pó gûyrybo aîegûaka'upa!",Irõ oropokosub!
"Portanto, não morri com um pecado sequer!","Irõ, oîepé tiruã pecado n'aromanõî!",Nd'e'i te'e oîepé tiruã angaîpaba reroîebypyre'yma,"Irõ, oîepé tiruã pecado n'aromanõî!"
"Portanto, prendote!","Irõ, oropokosub!","Irõ, nde pó gûyrybo aîegûaka'upa!",Irõ oropokosub!
"Pronto, meu senhor, voei","Irõ, xe îar, abebé","Aîmborype'a, xe îar,","Irõ, xe îar, abebé"
"Como vês, eu sou muito forte, um diabo que domina as guerras","Irõ, xe ratãngatu, anhanga maranyîara","Ereîkapyrok, xe ratãngatu, anhanga maranyîara","Irõ, xe ratãngatu, anhanga maranyîara"
pois,irõ; rõ,(rel a lugar):,irõ; rõ
enfim,irõ; te; ko'yté,ariré é,irõ; te; ko'yté
"os que foram seus companheiros, seus excompanheiros",irũmbûera,irũmbûera,irũmbûera
Seus antigos companheiros dei aos índios,Irũmbûera aîme'eng abá supé,Irũmbûera aîme'eng abá supé,Irũmbûera aîme'eng abá supé
"Seus antigos companheiros, então, em troca de cauim dei aos índios","Irũmbûera, akûeîmebé, kaûĩ repyrama ri aîme'eng abá supé","Irũmbûera, koromõ, kaûĩ repyrama aîme'eng ixébene","Irũmbûera, akûeîmebé, kaûĩ repyrama ri aîme'eng abá supé"
Seus antigos companheiros dei para os índios em troca de cauim,"Irũmbûera, kaûĩ repyrama ri, aîme'eng abá supé","Irũmbûera, kaûĩ repyrama ri, aîme'eng abá supé","Irũmbûera, kaûĩ repyrama ri, aîme'eng abá supé"
ajuntar,irumõ,monhopa'ümondoar; moioparab; mopa'ü,irumõ
aumentar,irumõ,moatã,irumõ
multiplicar,irumõ; moetá; moio'ar mundo,moaftié,irumõ; moetá; moio'ar mundo
"o que é (ou deve ser) aumentado, multiplicado, etc",irumõmbyra,irumõmbyra,irumõmbyra
Estou com ele,Irũnamo aîkó,Aîkó umûã sesé,Irũnamo aîkó
ferro,itá,Asa'ub,itá
metal,itá,itá,itá
pedra,itá,itá,itá
"A mim é como que pedra (isto é, parece pedra)",Itá berame'ĩ ixébo,Itá berame'ĩ ixébo,Itá berame'ĩ ixébo
debaixo da pedra,itá gûyrype,itá gûyrype,itá gûyrype
Colocandoo dentro de um túmulo de pedra em que ninguém estava enterrado,Itá karamemûã abá tymagûere'yma pupé i mondepa,A'epe i tybi a'ereme i tymyragûama pupé abá tymagûere'yma pupé i mondepa,Itá karamemûã abá tymagûere'yma pupé i mondepa
Pondoo dentro de um túmulo de pedra,Itá karamemûã pupé i mondepa,Itá monhangymbyra aîmondeb i kangûerĩ pupé,Itá karamemûã pupé i mondepa
Dentro de um túmulo de pedra o puseram,Itá karamemûã pupé i nongi,Itá karamemûã pupé i nongi,Itá karamemûã pupé i nongi
"quebrador de pedras, cavouqueiro",itá kasara,itakynhatimana,itá kasara
quebrador de pedras,itá kasara,itá re'yîa,itá kasara
As pedras ficaramse quebrando ao meio,Itá oîekáîeká o îopyterybo,Itá karamemûã,Itá oîekáîeká o îopyterybo
As pedras ficaramse quebrando pelo meio,Itá oîekáîeká oîopyterybo,Itá karamemûã,Itá oîekáîeká oîopyterybo
com uma pedra,itá pupé,itá pupé,itá pupé
ferrugem do ferro,itá repoti,itá repoti,itá repoti
escória do ferro,itá repoti,Aîkytyk iraîty pupé,itá repoti
Estou preso nos ferros,Itá resé aín,Aîepysó gûitupa,Itá resé aín
ajuntamento de pedras,itá re'yîa,itá repoti,itá re'yîa
sobre a pedra,itá sosé,itá sosé,itá sosé
Os ferros em mim estão presos,Itá xe resé seni,Aîepysó mba'e xe 'anga resé,Itá xe resé seni
ao longo das pedras,itá ybyri,itá pupé,itá ybyri
"armeiro, fazedor de armaduras",itaaoba monhangara,itaaoba monhangara,itaaoba monhangara
argola de ferro,itáapynha,itaiuba,itáapynha
ponta de pedra,itáatĩ,itá,itáatĩ
"metal vivo, isto é, o mercúrio",itáekobé,itáekobé,itáekobé
"jazimento de pedras grandes, penedia",itagûasutyba,itá karamemûã,itagûasutyba
dinheiro,itaiuba,itaiuba,itaiuba
ouro,itaiuba,itaiuba,itaiuba
"O ouro era o meio de anunciar que ele era um príncipe, um rei","Itaîuba morubixaba, Reiamo sekó mombegûaba","Itaîuba morubixaba, morubixaba rekó mombegûaba","Itaîuba morubixaba, Reiamo sekó mombegûaba"
Deio a troco de dinheiro,Itaîuba repyramo aîme'eng,Itaîuba aîme'eng,Itaîuba repyramo aîme'eng
mina de ouro,itaîukûara,itaiuba,itaîukûara
colar de ouro,itaîupo'yra,itaiuba,itaîupo'yra
coleira de ferro para prender pessoas,itáîurutá,itáporará,itáîurutá
vaso de estanho,itaîykamusi,Aîkytyk inaîagûasu apepûera,itaîykamusi
furna em penedos ou rochas,itákûarusu,itá ybyri,itákûarusu
forno de cal,itaku'iapŷaba,itá repoti,itaku'iapŷaba
pedregulho,itakurubi,itá,itakurubi
ajuntamento de pedregulhos,itakurubityba,itáatyba,itakurubityba
"pedra de amolar que gira, pedra de barbeiro",itakynhatimana,itakynhatimana,itakynhatimana
"pedra de afiar que gira, pedra de afiar de barbeiro",itakynhatimana,Itá karamemûã onhemoputun,itakynhatimana
cutelo de ferro,itákysegûasu,fiîuatã,itákysegûasu
marca antiga de facada,itákyséporûera,Anhanga reîtykaba,itákyséporûera
"sineta de mão, sinozinho manual, campainha",itamarakámirĩ,îu'a,itamarakámirĩ
Com uma lança espetou seu flanco,Itamina pupé iî yké kutuki,Mundépe i apŷabo i moîáno,Itamina pupé iî yké kutuki
"Com uma lança de ferro espetou seu flanco, estourando suas entranhas","Itamina pupé iî yké kutuki, i nhy'ã moboka","Itamina pupé iî yké kutuki, i py kutuki","Itamina pupé iî yké kutuki, i nhy'ã moboka"
"Com uma lança de ferro espetou seu flanco, estourando suas entranhas","Itamina pupé iî yké kutuki, i nhy'ã moboka","Itamina pupé iî yké kutuki, i py kutuki","Itamina pupé iî yké kutuki, i nhy'ã moboka"
coisa ganha com a espada,itangapema pora,itangapema pupé iî aîuba'e,itangapema pora
"marca de espada, sinal de ferimento com espada",itangapẽmbora,itangapema,itangapẽmbora
couraça que tem muitas lâminas,itaoba i apenhugûãnhugûanyba'e,iî itáîuba'e itaîuba,itaoba i apenhugûãnhugûanyba'e
couraça com lâminas,itaoba i apenhugûãnhugûanyba'e,se,itaoba i apenhugûãnhugûanyba'e
casa de pedra,itáoka,itáoka,itáoka
cacos de pedra,itápesembûera,itá re'yîa,itápesembûera
sinal de golpe com pedra,itápora,itá resé tyma,itápora
marca antiga de pedrada,itáporûera,itáporûera,itáporûera
"Com cravos espetando suas mãos, pregandoas","Itapygûá pupé i pó kutuka, i moîá","I îybá pupé i îybá moîáno, i apiti","Itapygûá pupé i pó kutuka, i moîá"
enxada de ferro,itásyra,Aîkytyk iraîty pupé,itásyra
pedreira,itatyba (v itá),itá repubuîa,itatyba (v itá)
aljava de ferro,itáu'uburu,Aîkytyk iraîty pupé,itáu'uburu
Com sabão esfregueio,Itayîuîa pupé aîkytyk,Anhanga mondyîa,Itayîuîa pupé aîkytyk
arremessar,ityk,moiegiiak,ityk
atirar,ityk,ekyi ,ityk
lançar,ityk/ eityk(a) (t); mombor largar,ekomonhang,ityk/ eityk(a) (t); mombor largar
"Oh, será que isto é o diabo?!","Îu, anhangap'ikó ri?!","Îu, anhangap'ikó ri?!","Îu, anhangap'ikó ri?!"
"Oh, por acaso isto é o diabo?!","Îu, anhangap'ikó ri?!","Îu, marã îá nhẽpipó Anhanga ri?!","Îu, anhangap'ikó ri?!"
amarelo ,iub,"oby (r, s)",iub
jazer,"iub / ub(a) (t, t)",ai ,"iub / ub(a) (t, t)"
amarelo (s),iuba,iuba,iuba
enforcar,iubyk,moabaité,iubyk
"Tomouo como substituto de Judas, que entregara DeusFilho",Îudas Tupã Ta'yra me'engarûera rekobîaramo tari,Îudas Tupã Ta'yra me'engarûera rekobîaramo sekóû,Îudas Tupã Ta'yra me'engarûera rekobîaramo tari
"Segundo o rito dos judeus, seu prepúcio cortaram",Îudeos ekomonhangábo i 'apira mondoki,Îudeos ekomonhangábo i akanga kábo,Îudeos ekomonhangábo i 'apira mondoki
"Segundo o rito dos judeus, seu prepúcio cortaram","Îudeos ekomonhangábo, i 'apira mondoki",Îudeos ekomonhangábo i akanga kábo,Îudeos ekomonhangábo i 'apira mondoki
Acaso tu és o rei dos judeus?,Îudeus rubixabapiã nde?,Îudeus rubixabapiã nde?,Îudeus rubixabapiã nde?
Tendo medo dos judeus,Îudeus suí osykyîébo,Îudeus suí osykyîébo,Îudeus suí osykyîébo
Mostrandoo aos judeus,Îudeus supé sepîakuká,Îudeus supé sepîakuká,Îudeus supé sepîakuká
"Mostrandoo aos judeus, querendo fazêlo ir, sem mais","Îudeus supé sepîakuká, i mondónhẽmotá","Îudeus supé sepîakuká, i xó potá é aûnhenhẽ oîmoîa'ok","Îudeus supé sepîakuká, i mondónhẽmotá"
os muitos judeus junto à cruz,îudeusetá cruz robábo,îudeusetá cruz robábo,îudeusetá cruz robábo
podre,iuk/a; aíb/a; tuiukja,moaiu,iuk/a; aíb/a; tuiukja
podridão,iuka; tuiuka,moaiu,iuka; tuiuka
não matando,îukae'yma,aani; na ,îukae'yma
"tempo, lugar, instrumento, causa, modo, companhia, etc de matar",îukasaba,îukasaba,îukasaba
matador,iukasara (v iuká),apPk ,iukasara (v iuká)
Sal bento pôs na tua boca para que seja muito saborosa a palavra de Deus a ela,Îukykaraíba oîmondeb nde îurupe ta se'ẽngatu Tupã nhe'enga i xupé,Îukykaraíba oîmondeb nde îurupe ta se'ẽngatu Tupã nhe'enga i xupé,Îukykaraíba oîmondeb nde îurupe ta se'ẽngatu Tupã nhe'enga i xupé
sal,iukyra,ai ,iukyra
bolota de sal,îukyrapu'a,aîpi 'y,îukyrapu'a
vasilha de sal,îukyruru,aîpi 'y,îukyruru
bagre,iundi'a,aka,iundi'a
vir,"iur / ur(a) (t, t) # vir com; fazer vir con sigo: erur","iur / ur(a) (t, t) # vir com; fazer vir con sigo: erur","iur / ur(a) (t, t) # vir com; fazer vir con sigo: erur"
grelha,iurá; moka'e,koty,iurá; moka'e
difamar,iuru'ar (xe),(intr): nhynhyng; (tr): monhy nhyng,iuru'ar (xe)
abóbora,iurumü,aîpi 'y,iurumü
fedor de boca,îurunema,nhe'engasy,îurunema
boquiaberto,iurupulõ,nhe'engapuku,iurupulõ
"ficar pondo comida, aos poucos, na boca de (pex, na boca de um doente)",îurupypyk,Îurupypyk îasytatá rupi,îurupypyk
laço,iusana,koty,iusana
Porventura a tentação é algo semelhante a uma juçana?,Îusana abŷare'yma nhẽ serã tentação?,Mobype nhũ?,Îusana abŷare'yma nhẽ serã tentação?
Porventura a tentação é coisa semelhante a um laço?,Îusana abŷare'yma nhẽ serã tentação?,Îusana amõ so'o îasûara nhẽ serã tentação?,Îusana abŷare'yma nhẽ serã tentação?
"O laço está quedo O pássaro é que vai dentro dele, caindo","Îusana oĩ nhote Gûyrá aé osó i pupé, o'á","Îasytatá o'ar, gûyrá aé osó i pupé, o'á","Îusana oĩ nhote Gûyrá aé osó i pupé, o'á"
"ele (es, a, as) mesmo (os, a, as)",Ixé aé  Eu mesmo A'e aé,anhõte,Ixé aé Eu mesmo A'e aé
"Eu mesmo, como se viu, já vos disse isso",Ixé aé ã a'é umûã nakó peẽme,Ixé aé ã a'é umûã a'é umûã n'akó peẽmo,Ixé aé ã a'é umûã nakó peẽme
"Eu mesmo, como se viu, já vos disse isso",Ixé aé ã a'é umûã nakó peẽme,Ixé aé ã a'é umûã a'é umûã n'akó peẽmo,Ixé aé ã a'é umûã nakó peẽme
"Eis que sou eu mesmo, já vos disse isso","Ixé aé ã, a'é umã n'akó peẽmo","Ixé aé ipó, a'é umûã nakó peẽme","Ixé aé ã, a'é umã n'akó peẽmo"
Eu mesmo fiz assim,Ixé aé emonã aîkó,Ixé aé kó aîmonhang,Ixé aé emonã aîkó
"Eu mesmo sou quem o queimou, no tempo em que ele vivia","Ixé aé sapysarûera, sekobeaba resé","Ixé aé havẽ erimba'e kanhemi, sekobeaba resé","Ixé aé sapysarûera, sekobeaba resé"
Eu vou só,Ixé anhõ asó,Ixé anhõ asó,Ixé anhõ asó
"Eu, tão somente",Ixé anhotenhẽ,Ixé anhotenhẽ,Ixé anhotenhẽ
enquanto eu o faço,ixé i monhanga pukuî,ixé i monhanga pukuî,ixé i monhanga pukuî
Eu fui o primeiro deles,Ixé iîypy,Ixé iîypy,Ixé iîypy
Eis que eu faço as pessoas estarem na bebedeira sempre,Ixé kó ka'u resé aporomoingó îepi,Aîmoapyterama,Ixé kó ka'u resé aporomoingó îepi
Eis que eu faço as pessoas estarem sempre na bebedeira,Ixé kó ka'u resé aporomoingó îepi,Aîmoangaîbar memẽ ybytinga pupé,Ixé kó ka'u resé aporomoingó îepi
Eu não me afasto deles,Ixé n'aîeîyî i xuí,Ixé n'aîeîyî i xuí,Ixé n'aîeîyî i xuí
Eu sou maior que tu,Ixé nde sosé,Ixé nde sosé,Ixé nde sosé
Eu vos mato,Ixé opoîuká,Ixé opoîuká,Ixé opoîuká
Era eu,Ixé raka'e,Aîmẽ,Ixé rakó
Era eu,Ixé rakó,Aîmẽ,Ixé rakó
Eu sou Sauiaetá Famoso é meu nome,Ixé Saûîaetá Serapûã xe renoĩndaba,Ixé Saûîaetá Serapûã xe renoĩndaba,Ixé Saûîaetá Serapûã xe renoĩndaba
Eu sou Sauiaetá Famoso é meu nome,Ixé Saûîaetá Serapûã xe renõîndaba,Ixé Saûîaetá Serapûã xe renoĩndaba,Ixé Saûîaetá Serapûã xe renoĩndaba
Enquanto eu o levo,Ixé serasó remebé,Gûixóbo asó,Ixé serasó remebé
"Eu sou aquele em quem se deve acreditar, o que tem nome Guaixará","Ixé serobîarypyra, Gûaîxará seryba'e","Ixé serobîarypyra, Gûaîxará seryba'e","Ixé serobîarypyra, Gûaîxará seryba'e"
"Eu, dele perguntando, vim da minha casa","Ixé sesé gûiporandupa, xe roka suí aîu","Ixé sesé gûiporandupa, xe roka suí aîu","Ixé sesé gûiporandupa, xe roka suí aîu"
a mim (ou para mim),Ixé supé,Ixé supé,Ixé supé
Pelo menos eu,Ixé te'ĩé,Ixéte,Ixé te'ĩé
"Ah, eu haveria de queimar verdadeiramente no fogo do diabo!",Ixé tekatueté'ĩ ra'u anhanga ratápe akaîmo mã!,Ixé tekatueté'ĩ ra'u anhanga ratápe akaîmo mã!,Ixé tekatueté'ĩ ra'u anhanga ratápe akaîmo mã!
"Ah, ai de mim, o fogo do diabo sofrerei para sempre!","Ixé tekatuete'ĩ ra'u, Anhanga ratá aîporará aûîeramanhẽne mã!","Ixé roîré, Anhanga ratápe aîkó îepi nhẽ","Ixé tekatuete'ĩ ra'u, Anhanga ratá aîporará aûîeramanhẽne mã!"
Até eu vou,Ixé tiruã asó,Ixé tiruã asó,Ixé tiruã asó
Eu hei de vingarte,Ixé t'oroepyk,Ixé t'oronhemonhang,Ixé t'oroepyk
Eu sou melhor,Ixé xe katueté,Ixé xe katueté,Ixé xe katueté
mim,"ixé, xe # para mim: ixébe, xebe mingau","ixé, xe # para mim: ixébe, xebe mingau","ixé, xe # para mim: ixébe, xebe mingau"
eu,ixé; xe,Xe yî,ixé; xe
"Mas eu a Deus, meu pai, rezava sempre, propondo ser bom, pranteando meus pecados","Ixéte, Tupã, xe ruba, aîmongetá memẽ nhẽ, xe katurama momboîa, xe angaîpaba rapirõmo","Ixéte, Tupã, xe ruba, xe nhemombe'u îepi, xe angaturã potá, xe angaîpaba moasŷabo","Ixéte, Tupã, xe ruba, aîmongetá memẽ nhẽ, xe katurama momboîa, xe angaîpaba rapirõmo"
Ainda mais eu,Ixétene,Ixétene,Ixétene
Obraprima sou eu,Ixétene îaeté,Morakatu xe ranhẽ,Ixétene îaeté
machado,iy,iapyrytá,iy
foice,iyapara,ikó / ekó (t) ,iyapara
braço,iybá,pópe,iybá
toco de braço,îybáasyka,pópe,îybáasyka
jiboia,iyboia,aîpi 'y,iyboia
quebrar (tr),ká (,moatã; moten,ká (
erva,ka'a,(variedades): aty; gílakagílasu etc galho,ka'a
floresta,ka'a,potyr [v potyra (mb)],ka'a
mata,ka'a,abangab,ka'a
mato,ka'a,ybyrá,ka'a
experimentando poções de ervas,ka'a mosanga ra'anga,Moîeporakasaba oîekotyrung,ka'a mosanga ra'anga
pelas matas,ka'abo,ka'abo,ka'abo
"Ando à caça (lit, estou pelas matas)",Ka'abo aîkó,Ka'abo aîkó,Ka'abo aîkó
Vou à caça,Ka'abo asó,Asó iké,Ka'abo asó
Indo para a borda da floresta,Ka'aembe'ype osóbo,ka'abo i kûáî,Ka'aembe'ype osóbo
"mata ótima, de boa madeira",ka'aeté,Aîybabak,ka'aeté
"o que caça, caçador",ka'amondoara,kanhembara,ka'amondoara
madrugada,ka'amutuma # de madrugada: ka'amutumo,ka'amutumo,ka'amutuma # de madrugada: ka'amutumo
de madrugada,ka'amutumo,ka'amutumo,ka'amutumo
de madrugada,ka'amutumome,ka'amutumo,ka'amutumo
capão (; ilha de mata),ka'apa'ü,ka'a,ka'apa'ü
"ilha de mato em meio a um descampado, CAPÃO",ka'apa'ũ,kamusi ku'a,ka'apa'ũ
"ilha de mato, CAPÃO",ka'apa'ũ,ybytygûaîa,ka'apa'ũ
Fui defecar,Ka'ape asó,Arekorekó,Ka'ape asó
moita,ka'apílanama,katutenhe,ka'apílanama
cerca,ka'aysá,oioirundyk,ka'aysá
gordura,kaba # gordura fora do corpo: ka giiera,nema; katinga,kaba # gordura fora do corpo: ka giiera
vespa,kaba; (variedades): kabapuã; kabafi; kabesé; kabobaiuba; kasunununga etc vestido ,fi,kaba; (variedades): kabapuã; kabafi; kabesé; kabobaiuba; kasunununga etc vestido 
nata (do leite),kaba2,kamby mokyrana,kaba2
sela de cavalo,kabaru repanaku,kabaru repanaku,kabaru repanaku
a sela do cavalo,kabaru repanakũ,kabaru apykaba,kabaru repanakũ
vespa pontuda,kabatĩ,fi,kabatĩ
"Caburé, vem correndo!","Kaburé, îori enhana","Kaburé, îori enhana","Kaburé, îori enhana!"
"Caburé, vem correndo para que comamos os inimigos!","Kaburé, îori enhana tobaîara t'îa'u!","Kaburé, taûîé, îandé putupabamo!","Kaburé, îori enhana tobaîara t'îa'u!"
"Caburé, vem correndo!","Kaburé, îori enhana!","Kaburé, îori enhana","Kaburé, îori enhana!"
tostado,ka'e,iurupulõ,ka'e
cauim,kafii,kûara,kafii
beberrão,kagílara,kagílara,kagílara
Somente quando bebes cauim tu queres ser valente?,Kagûápe nhõ nde ratãngatupotá?,Kagûápe nhõ nde ratãngatupotá?,Kagûápe nhõ nde ratãngatupotá?
"E os que bebem cauim, como ficam? Não transgridem a palavra de Deus?",Kagûarape marã? Nd'oîabyîpe Tupã nhe'enga?,Kagûarape marã? Aîpó Tupã nhe'enga abŷare'yma nhẽ?,Kagûarape marã? Nd'oîabyîpe Tupã nhe'enga?
arder (= queimar),kai,aembe'e,kai
Ai! Por acaso é o Lourenço tostado?,Kaî! Rorẽka'ẽpiã?,Marãîasûaramo ahẽ Rorẽka'ẽ?,Kaî! Rorẽka'ẽpiã?
polvo,kaiakanga,aka,kaiakanga
crescer,kakuab,nhan,kakuab
envelhecer,kakuab'; nhemoaíb3,"gûaîbĩ, tuîba'e",kakuab'; nhemoaíb3
seio,kama,teté',kama
mamar,kambu,kambu,kambu
leite,kamby,kamby,kamby
rio dos robalos,kamuri'y,ye'ekiiaba,kamuri'y
O cauim está pela metade da vasilha somente,Kamusi ku'a rupi nhote kaûĩ reni,Kaûĩ rekóû anhõ o ygápy pupé nhõ,Kamusi ku'a rupi nhote kaûĩ reni
"O cauim está pela metade da vasilha, somente",Kamusi ku'a rupi nhote kaûĩ reni,Kaûĩ oîopytera rupi nhote,Kamusi ku'a rupi nhote kaûĩ reni
o que está no pote,kamusi pora,kartlaba pupé oîkoba'e,kamusi pora
forno para potes,kamusi rapŷaba,itáoka,kamusi rapŷaba
pote,kamusi; ygasaba,nipó; serã; (na interr): ipó? tamanduá,kamusi; ygasaba
"o que está no pote, o conteúdo do pote",kamusipora,kagûarape oîkoba'e,kamusipora
casa de telha,kamusyoka,okype,kamusyoka
arquear (para cima),kandab,Aîapapûar,kandab
cansaço,kane'õ,púerai,kane'õ
osso,kanga,teté',kanga
tutano dos ossos,kanga putu'uma,te'õ,kanga putu'uma
"miolo, tutano de osso",kanga putu'uma,iî ybyra,kanga putu'uma
desaparecer,kanhem,kanhem,kanhem
sumir,kanhem,nhã; anhã2,kanhem
fugido,kanhem; iabab,kanhem,kanhem; iabab
"fugitivo, o que foge",kanhembara,kanhembara,kanhembara
fugitivo,kanhembara; kanhembora; iaba para,A'ang,kanhembara; kanhembora; iaba para
"o fugidor, o que costuma fugir, o fujão",kanhembora,kanhembora,kanhembora
"o fujão, o que tem costume de fugir",kanhembora,kanhembora,kanhembora
perdido,kanhemja,kanhem,kanhemja
capivara,kapibara,kapi'i,kapibara
capim,kapi'i,kartlaba,kapi'i
Deitando às pressas o capim,Kapi'i anhẽ rerupa,Kapi'ĩ anhẽ rerupa,Kapi'i anhẽ rerupa
Capim às pressas colocando,Kapi'ĩ anhẽ rerupa,Koromõ sepîaki,Kapi'ĩ anhẽ rerupa
Eis que sobre o capim ele está deitado,Kapi'i sosé kó tuî,Mbype kó i ruî,Kapi'i sosé kó tuî
"Eis que sobre o capim ele está deitado, no lugar de comer da vaca","Kapi'ĩ sosé kó tuî, tapi'irusu karuápe",Kûepe kó îuraragûaîa tapi'irusu karuápe,"Kapi'ĩ sosé kó tuî, tapi'irusu karuápe"
"capim que fica estalando, junco",kapi'ĩpururuka,kartlaba,kapi'ĩpururuka
residente na capuava,kapŷápe tekoara,Aîkapuasaba pora,kapŷápe tekoara
excitar,kapyrok; moaning; mopyring; po kyram,moepy,kapyrok; moaning; mopyring; po kyram
vergôntea de cará,karáembó,Asetunhẽ,karáembó
arranhar,karãi,andub,karãi
roer,karãi,moaiu,karãi
cristão,karaíba,karaíba,karaíba
Vários homens brancos são pecadores,Karaíba amõ amõ i angaîpá,Karaíba amõ amõ i angaîpá,Karaíba amõ amõ i angaîpá
Os cristãos não eram muitos,Karaíba na setáî,Karaíba na setáî,Karaíba na setáî
"Por te fazer trabalhar um homem branco, trabalhaste num dia que deve ser guardado?","Karaíba nde moporabykŷápe, ereporabykype 'ara i momba'etepyra pupé?","Karaíba nde moporabykŷápe, ereîmoetépe 'ara i moetepyra?","Karaíba nde moporabykŷápe, ereporabykype 'ara i momba'etepyra pupé?"
"Os cristãos, na verdade, não pecam pouco","Karaíba, ipó, n'oîkoangaîpápyrybi",Karaíba nd'oîkóî tenhẽ mba'eaíba ri,"Karaíba, ipó, n'oîkoangaîpápyrybi"
Ele é o anjo que encomenda o enforcamento,"Karaibebé a'e, moroîubyka puaîtara","Karaibebé a'e, muru mondykaba","Karaibebé a'e, moroîubyka pûaîtara"
Ele é o anjo que encomenda o enforcamento,"Karaibebé a'e, moroîubyka pûaîtara","Karaibebé a'e, muru mondykaba","Karaibebé a'e, moroîubyka pûaîtara"
O anjo da guarda está perto?,Karaibebé i ko'ĩ?,Karaibebé i ko'ĩ nde rerekóbo?,Karaibebé i ko'ĩ?
O anjo revelouse a ela como um rapaz muito belo,Karaibebé îepîakukari i xupé kunumĩgûasuporãngaturamo nhẽ,Karaibebé îepîakukari i xupé kunumĩgûasuporãngaturamo nhẽ,Karaibebé îepîakukari i xupé kunumĩgûasuporãngaturamo nhẽ
No meio dos anjos fêla subir,Karaibebé pyterype supiri,Karaibebé suí i xóû,Karaibebé pyterype supiri
No meio dos anjos fêla subir,Karaibebé pyterype supiri,Karaibebé suí i xóû,Karaibebé pyterype supiri
O anjo entrou para junto dela,Karaibebé reîkéû i xupé,Karaibebé reîkéû i pupé,Karaibebé reîkéû i xupé
"Talvez seja o anjo, guardião verdadeiro desta aldeia","Karaibebé serã, kó taba rarõaneté","Karaibebé serã, kó taba rarõaneté","Karaibebé serã, kó taba rarõaneté"
"Talvez seja o anjo, guardião verdadeiro desta aldeia","Karaibebé serã, kó taba rarõaneté","Karaibebé serã, kó taba rarõaneté","Karaibebé serã, kó taba rarõaneté"
Estando eu em casa de cristãos,Karaibokype ûitekóbo,Karaibokype xe rekóreme,Karaibokype ûitekóbo
virtuoso,"karail>; ekokatu (r, s)",tekokatu,"karail>; ekokatu (r, s)"
santo,karaiõ,karaiõ/a,karaiõ
sagrado,karaiõ/a,karaiõ/a,karaiõ/a
caixa,karamemíiã,akaiá,karamemíiã
"outro dia, já não agora",karamosé é,irã é irã,karamosé é
lampreia,karamuru,kartlaba,karamuru
carnaúba,karana'yba,karana'yba,karana'yba
tremor de maleita,karasyryryîa,akangapé rasy,karasyryryîa
caminho da (aldeia) Carioca,Kariîopiara,Kariîopiara,Kariîopiara
pasto,kartlaba,kambu,kartlaba
comilão,karu,nema; kamusi,karu
guloso,karu,ambyasy,karu
"tempo, lugar, modo, finalidade, etc de comer, de pastar",karûaba,ara,karûaba
urinar,karuk,ka'a,karuk
tarde,karuka # de tarde: karúkeme tartaruga,putunyme,karuka # de tarde: karúkeme tartaruga
ao entardecer,karukĩneme,karukĩneme,karukĩneme
cunha,kasaba,tekokugiiaba,kasaba
catinga,katinga,aka,katinga
bem (adv),katu,katu,katu
bom,katu,okapyra,katu
"Eia, roga por nossa virtude!",Katunhẽ eîerurébo oré katûagûama ri,Oré porangaíba raûsubá!,Katunhẽ eîerurébo oré katûagûama ri!
"Eia, roga por nossa virtude!",Katunhẽ eîerurébo oré katûagûama ri!,Oré porangaíba raûsubá!,Katunhẽ eîerurébo oré katûagûama ri!
escolher,katu'ok,katu'ok,katu'ok
muitíssimos (as),katupabé,katutenhe,katupabé
bastante,katutenhe,katutenhe,katutenhe
bebedeira,ka'u,py'a (mb),ka'u
cauinar (= beber cauim),ka'u,kafii ku'i,ka'u
"Mas vinho mesmo, de fato, colocam dentro dele?",Kaûĩ aé ruãtepe ybŷá onong i pupé?,Kaûĩ aé ruãtepe ybŷá onong i pupé?,Kaûĩ aé ruãtepe ybŷá onong i pupé?
"Embora seja vinho, tão logo pronuncie o padre as palavras de Nosso Senhor Jesus Cristo, é seu sangue, na verdade","Kaûĩ biãaûîé, Îandé Îara Îesu Cristo nhe'engûera abaré sa'angireme, sugûyramo nhẽ sekóû","Kaûĩ biãaûîé, Îandé Îara Îesu Cristo nhe'engûera abaré sa'angireme, sugûyramo nhẽ sekóû","Kaûĩ biãaûîé, Îandé Îara Îesu Cristo nhe'engûera abaré sa'angireme, sugûyramo nhẽ sekóû"
"O que esgota verdadeiramente o cauim, esse é o fazedor de mal","Kaûĩ mboapŷareté, a'e marã monhangara","Kaûĩ mboapŷareté, a'e marã monhangara","Kaûĩ mboapŷareté, a'e marã monhangara"
"fogo do cauim, isto é, com que se coze o cauim",kaûĩ ratá,ka'a ratá,kaûĩ ratá
o cauim que é preparado para meu recebimento,kaûĩ xe renotara,kaûĩ xe gûabo i moîáno,kaûĩ xe renotara
"Querendo beber vinho, tudo esgotei","Kaûĩaîa 'useîa é, opakatu amboapy",Aîmoasy'ab,"Kaûĩaîa 'useîa é, opakatu amboapy"
"Aqui os homens estão, na verdade",Ké abá rekóû anhẽ,Ké abá rekóû anhẽ,Ké abá rekóû anhẽ
"Aqui alguém está, certamente",Ké abá rekóû anhẽ,Kûepe amõ senonhẽ rekóû iké,Ké abá rekóû anhẽ
"Aqui os homens estão, na verdade, para me ficar ameaçando",Ké abá rekóû anhẽ xe renopu'ãpu'ama,Ké abá rekóû anhẽ xe renopu'ãpu'ama,Ké abá rekóû anhẽ xe renopu'ãpu'ama
Não é que o maldito veio voando?,Ké muru ruri obébo?,Ké gûyráaba turi u'uba?,Ké muru ruri obébo?
"Não é que o maldito veio voando? Portanto, não é, de modo nenhum, preguiçoso!","Ké muru ruri obébo? Irõ, n'i ate'ymangáî!","Ké muru ruri u'uba? A'e ré, n'asóangáî","Ké muru ruri obébo? Irõ, n'i ate'ymangáî!"
"Daqui, certamente, passou para a Índia, terra dos indianos",Ké suí serã i asabi India tapyîtinga retãme,Ké suí i asabi memẽ India tapyîtinga retãme,Ké suí serã i asabi India tapyîtinga retãme
"Daqui, certamente, passou para a Índia, terra dos indianos",Ké suí serã i asabi India tapyîtinga retãme,Ké suí i asabi memẽ India tapyîtinga retãme,Ké suí serã i asabi India tapyîtinga retãme
"Daqui, talvez, passou para a Índia, terra dos indianos",Ké suí serã i asabi India tapyîtinga retãme,Ké suí serã i asabi India tapyîtinga retãme,Ké suí serã i asabi India tapyîtinga retãme
Aqui vêm para nos castigar!,Ké turi îandé nupãmo!,Ké turi oré rekyîa!,Ké turi îandé nupãmo!
"Para cá vem, trazendo farpas junto com o arco","Ké turi, arupare'aka îurupara ndi seru","Îori, îurupara mondyka arukûá","Ké turi, arupare'aka îurupara ndi seru"
Aqui vem um urutaurana,Ké urutaûrana ruri!,Ké urutaûrana ruri!,Ké urutaûrana ruri!
adormecer,ker,ker,ker
dormir,ker # dormir com; fazer dormir con sigo: eroker,ker,ker # dormir com; fazer dormir con sigo: eroker
Depressa haja minha comida!,Keremẽ xe remi'u rekoaba!,Aûîé! Xe rapy!,Keremẽ xe remi'u rekoaba!
poleiro,kesaba; tendaba,apykaba,kesaba; tendaba
os daqui,keygûara,kóbo,keygûara
cova,kfiara; ybykúara,ybyku'i,kfiara; ybykúara
oeste,kfiarasy reikeaba,kfiarasy reikeaba,kfiarasy reikeaba
ontem,kfiesé,kfiesé,kfiesé
anteontem,kfiesé küesé,kfiesé,kfiesé küesé
fora,kfrepe; mamõ,kfrepe; mamõ,kfrepe; mamõ
verão,kíiarasy,aresé,kíiarasy
virgem ,kííare'ym/a,kííare'ym/a,kííare'ym/a
baía,kilá,kilá,kilá
raro,"kílaJja; pokang/a; etapokang/a (r, s) rasgar",pytasaba (m),pokangi nhõte
Esse homem e sua esposa gastaram todas as suas riquezas,Kó abá semirekó abé opá o mba'e mombabi,Kó abá semirekó abé opá o mba'e mombabi,Kó abá semirekó abé opá o mba'e mombabi
Esse homem e sua esposa também fizeram acabar todas as suas riquezas,Kó abá semirekó abé opá o mba'e mombabi,Kó abá semirekó abé opá o mba'e mombabi,Kó abá semirekó abé opá o mba'e mombabi
Eis que esses meus valentões sabem assassinar,Kó a'e xe kyre'ymbaba oîkuá morapiti,Kó a'e xe kyre'ymbaba oîkuá morapiti,Kó a'e xe kyre'ymbaba oîkuá morapiti
Esse fez aquele céu que vemos,Kó a'e ybaka îandé remiepîakûama oîmonhang,Kó a'e ybaka îandé remiepîakûama oîmonhang,Kó a'e ybaka îandé remiepîakûama oîmonhang
Eis que aqui estou para quebrar tua cabeça por causa de tua arrogância,Kó aîkó nde akanga kábo nde îerobîara suí,Kó xe ruri nde akanga kábo nde momburûagûera suí,Kó aîkó nde akanga kábo nde îerobîara suí
Aqui estou para levar seu ventre e também seus pulmões para minha sogra velha,Kó aîkó sygepûera t'arasó i nhy'ãbebuîa abé xe raîxógûaîbĩ supé,Kó aîur nde membyrá t'ame'ẽ xe ramỹîa 'anga abé,Kó aîkó sygepûera t'arasó i nhy'ãbebuîa abé xe raîxógûaîbĩ supé
Aqui estou para levar seu ventre e também seus pulmões para minha sogra velha,Kó aîkó sygepûera t'arasó i nhy'ãbebuîa abé xe raîxógûaîbĩ supé,Kó aîur nde membyrá t'ame'ẽ xe ramỹîa 'anga abé,Kó aîkó sygepûera t'arasó i nhy'ãbebuîa abé xe raîxógûaîbĩ supé
Aqui estou para levar seu ventre e também seus pulmões para minha sogra velha,Kó aîkó sygepûera t'arasó i nhy'ãbebuîa abé xe raîxógûaîbĩ supé,Kó aîur nde membyrá t'ame'ẽ xe ramỹîa 'anga abé,Kó aîkó sygepûera t'arasó i nhy'ãbebuîa abé xe raîxógûaîbĩ supé
este outro,kó amoaé,kó amoaé,kó amoaé
"Eis que percebendo isso, deixei ontem minha casa","Kó anga andupa, aseîá kûesé xe roka","Aîkuabeté, kûesé xe roka reîyî","Kó anga andupa, aseîá kûesé xe roka"
"Este dia honramos Nele, os judeus agiram em conjunto, com pedras, ficando a atirar em Santo Estêvão, quebrando sua cabeça","Kó 'ara îamoeté I pupé îudeus itá reropotyrõû, Santo Estevão apîáapîábo, i akanga kábo","Îudeus, i mongûapŷabo, itá rerapûan Esteban, i apîáapîábo","Kó 'ara îamoeté I pupé îudeus itá reropotyrõû, Santo Estevão apîáapîábo, i akanga kábo"
Este dia é feriado,Kó 'ara marãtekoabe'yma,Kó 'ara areté,Kó 'ara marãtekoabe'yma
Num dia semelhante a este,Kó 'ara nungara pupé,Kó 'ara nungara pupé,Kó 'ara nungara pupé
"Num dia semelhante a este, Santa Maria foi para visitar uma certa prima sua, Santa Isabel",Kó 'ara nungara pupé Santa Maria sóû o ykera amõ ybá Santa Isabel supa,Kó 'ara nungara pupé Santa Maria sóû o ri'yra Santa Isabel supa,Kó 'ara nungara pupé Santa Maria sóû o ykera amõ ybá Santa Isabel supa
Este dia deu para nós,Kó 'ara oîme'eng îandébe,Kó 'ara oîme'eng îandébe,Kó 'ara oîme'eng îandébe
Eis aqui também a ingapema pintada,Kó bé ingapékûatiara,Kó bé ingapema ra'angaba,Kó bé ingapékûatiara
"Eis aqui também a ingapema pintada, para que arrebente a cabeça dos malditos","Kó bé ingapékûatiara, t'aîakãmombuk muru","Kó bé ingapékûatiara, abá akanga kábo","Kó bé ingapékûatiara, t'aîakãmombuk muru"
Eis aqui também minhas garras,Kó bé xe pûapẽ,Kó bé xe pûapẽ,Kó bé xe pûapẽ
Eis que também minhas muitas presas hei de dar algumas a ti,Kó bé xe rembiaretá t'ame'ẽne amõ endébo,Kó bé xe rûaîa îaîme'eng ixébene,Kobé xe rembiaretá t'ame'ẽne amõ endébo
Eis aqui também meu rabo comprido,Kó bé xe rûaîpuku,Kó bé xe rûaîpuku,Kó bé xe rûaîpuku
Eis que aqui estou,Kó é aîkó,Kó é aîkó,Kó é aîkó
como este,kó îá,kó îá,kó îá
Este sonho é o modo de se reconhecer que ela é o que eu quero,Kó mosaûsuba xe remimotaramo sekó kuapaba,Kó keraybõ xe remiekaraíba,Kó mosaûsuba xe remimotaramo sekó kuapaba
Eis tua ameaça aqui!,Kó nde momboîtaba kó!,Kó nde momboîtaba kó!,Kó nde momboîtaba kó!
Que estes em quem mandas lancem fora toda a maldade,Kó nde remimbûaîetá t'oîtyk pá tekopoxy,Kó nde 'îara opakatu tekoangaîpaba reîtyka,Kó nde remimbûaîetá t'oîtyk pá tekopoxy
"Na verdade, somente estas retirei dos malditos",Kó nhõ anosẽ îepé moxy suí,"Aûîeté, kó anhõ ma'e îepé i mondóbo",Kó nhõ anosẽ îepé moxy suí
"Somente estas, na verdade, retirei dos malditos","Kó nhõ anosẽ, îepé, moxy suí","Kó nhõ anosẽ, ipó, moxy supé","Kó nhõ anosẽ, îepé, moxy suí"
Maior que esta casa,Kó oka sosé,Kó oka sosé,Kó oka sosé
Aqui estamos para nos alegrar,Kó oroîkó oronhemborypa,Kó oroîkó oronhemborypa,Kó oroîkó oronhemborypa
Aqui estamos alegrandonos para festejar teu dia,Kó oroîkó oronhemborypa nde 'ara momorangápe,Kó oroîkó oronhemborypa nde 'ara momoranga,Kó oroîkó oronhemborypa nde 'ara momorangápe
Aqui estamos alegrandonos para festejarmos teu dia,Kó oroîkó oronhemborypa nde 'ara momorangápe,Kó oroîkó oronhemborypa nde 'ara moetesápe,Kó oroîkó oronhemborypa nde 'ara momorangápe
estes habitantes de Pernambuco,kó Paranambukygûara,kó Paranambukygûara,kó Paranambukygûara
Nesta noite tomou início,Kó pytuna ri syari,Kó pytuna ri syari,Kó pytuna ri syari
por aqui,kó rupi,iké suí,kóbo
"Esse santo a vida de seu mestre escreveu para nós, deixandoa","Kó santo o mbo'esara rekopûera erimba'e oîkûatiar îandébo, seîá","Kó santo o mbo'esara rekopûera erimba'e oîkûatiar îandébo, seîá","Kó santo o mbo'esara rekopûera erimba'e oîkûatiar îandébo, seîá"
"Esse santo a vida de seu mestre escreveu para nós, deixandoa","Kó santo o mbo'esara rekopûera erimba'e oîkûatiar îandébo, seîá","Kó santo o mbo'esara rekopûera erimba'e oîkûatiar îandébo, seîá","Kó santo o mbo'esara rekopûera erimba'e oîkûatiar îandébo, seîá"
Este santo faz aquele que roga a ele alcançar suas coisas sumidas,Kó santo o mongetasara oîmoîekosub i mba'e i kanhembyra,Kó santo o mongetasara oîmoîekosub i mba'e i kanhembyra,Kó santo o mongetasara oîmoîekosub i mba'e i kanhembyra
Este santo faz aquele que a ele roga alcançar suas coisas sumidas ou seu escravo fugido,Kó santo o mongetasara oîmoîekosub i mba'e i kanhẽmbyra koîpó semiaûsuîababa supé,Kó santo o mongetasara oîmoîekosub i mba'e i kanhẽmbyra koîpó semiaûsuîababa supé,Kó santo o mongetasara oîmoîekosub i mba'e i kanhẽmbyra koîpó semiaûsuîababa supé
"Esse santo, pela primeira vez, fez verter seu sangue",Kó santo ranhẽ ypy og ugûy mo'ẽukar,"Kó santo, ypy, ypy og ugûy mo'ẽukar",Kó santo ranhẽ ypy og ugûy mo'ẽukar
nesta semana,kó semana pupé,kó somana pupé,kó semana pupé
nesta semana,kó somana pupé,kó somana pupé,kó semana pupé
Esta aldeia transtorno sempre,Kó taba aîpobu memẽ,Kó taba îeapyká îepi,Kó taba aîpobu memẽ
Fazer feder esta aldeia com o desejo sensual,Kó taba monema moropotara pupé,Aseîá kó taba nhe'enga rerupa,Kó taba monema moropotara pupé
Moro com Pedro,Kó taba pupé aîkó  Moro nesta aldeia Aîkó iké xe roka pupé  Moro aqui em minha casa Aîkó Pero irũnamo,Kó taba pupé aîkó Moro nesta aldeia Aîkó iké xe roka pupé Moro aqui em minha casa Aîkó Pero irũnamo,Kó taba pupé aîkó Moro nesta aldeia Aîkó iké xe roka pupé Moro aqui em minha casa Aîkó Pero irũnamo
"Por esta aldeia luzir, eu estou junto de vós","Kó taba renyreme, pe pyri nhẽ xe rekóû","Kó taba renyreme, apytá nde pyri","Kó taba renyreme, pe pyri nhẽ xe rekóû"
Estes habitantes da aldeia sob minhas mãos estavam,Kó tabygûara xe pó gûyrybo sekóû,Kó taba pora xe pó gûyrybo ruî,Kó tabygûara xe pó gûyrybo sekóû
A senhora desta aldeia compadecese grandemente das pessoas,Kó tabyîara ndaeté i poraûsubari,Kó tabyîara ndaeté i poraûsubari,Kó tabyîara ndaeté i poraûsubari
Eis que este é o pão verdadeiro,Kó té mi'ueté,Kó té mi'ueté,Kó té mi'ueté
Esses temiminós malvados nossa lei detestam,Kó temiminópoxy îandé rekó ogûeroŷrõ,Kó temiminõ asé rekó ogûeroŷrõ,Kó temiminópoxy îandé rekó ogûeroŷrõ
Eis que aqui ele está deitado,Kó tuî kó,Kó tuî kó,Kó tuî kó
Dentro dessa igreja Maria cresceu,Kó tupãoka pupé Maria kakuabi,Kó tupãoka pupé Maria kakuabi,Kó tupãoka pupé Maria kakuabi
"Nessa igreja Maria cresceu e, após a maturidade dela, Deus entregoua a São José","Kó tupãoka pupé Maria kakuabi, i aûîé ré é Tupã i me'engi São José pé","Kó tupãoka pupé Maria kakuabi, i aûîé ré é Tupã i me'engi São José pé","Kó tupãoka pupé Maria kakuabi, i aûîé ré é Tupã i me'engi São José pé"
Eis meus chifrões,Kó xe 'akusu,Kó xe îurupara,Kó xe 'akusu
"Eis aqui meus chifrões, meus dentes","Kó xe 'akusu, xe ranha","Kó xe pûapẽ, xe rûaîa","Kó xe 'akusu, xe ranha"
"Eis meus chifrões, meus dentes","Kó xe 'akusu, xe ranha","Kó xe pûapẽ, xe rûaîa","Kó xe 'akusu, xe rãnha"
"Eis meus chifrões, meus dentes","Kó xe 'akusu, xe rãnha","Kó xe pûapẽ, xe rûaîa","Kó xe 'akusu, xe rãnha"
"Eis meus chifrões, meus dentes","Kó xe 'akusu, xe rãnha","Kó xe pûapẽ, xe rûaîa","Kó xe 'akusu, xe rãnha"
"Eis aqui meus chifrões, meus dentes Sim, eis aqui também minhas garras","Kó xe 'akusu, xe ranha Îé, kó bé xe pûapẽ","Kó xe pûapẽ, xe rûaîa, kó bé xe pûapẽ","Kó xe 'akusu, xe ranha Îé, kó bé xe pûapẽ"
"Eis que minh' alma, à qual tu vens, há de estar como teu leito","Kó xe 'anga, nde rusaba, nde rupabamo t'oîkó","Xe 'anga, nde rura, nde rupa îabé bé","Kó xe 'anga, nde rusaba, nde rupabamo t'oîkó"
"Eis que minha alma, lugar de tua vinda, há de estar como teu leito","Kó xe 'anga, nde rusaba, nde rupabamo t'oîkó","Xe 'anga, nde rusaba, nde rupabamo bé","Kó xe 'anga, nde rusaba, nde rupabamo t'oîkó"
"Este meu tacape não está à toa nas minhas mãos, mas, sim, é o instrumento com que vos racharei","Kó xe itangapema xe pópe nd'oîkóî tenhẽ, pe mombokaûama é","Kó xe ra'anga xe pópe nd'oîkóî biã, xe pypora é","Kó xe itangapema xe pópe nd'oîkóî tenhẽ, pe mombokaûama é"
Eis aqui minha grande muçurana,Kó xe musuranusu,Kó xe kûasu,Kó xe musuranusu
Eis que aqui estou para te procurar,Kó xe rekóû nde reká,Kó xe reká,Kó xe rekóû nde reká
"Eis que aqui estou, procurandote",Kó xe rekóû nde reká,Kó xe rekóû xe reká,Kó xe rekóû nde reká
Este é o meu princípio,Kó xe ypy,Kó xe ypy,Kó xe ypy
estes que estão em Ibiapaba,kó Yby'apapesûara,Kó Yby'apapesûara,kó Yby'apapesûara
Cá vem um barco Não faz senão ir,Kó ygara ruri Osóte,Kó ygara ruri!,Kó ygara ruri Osóte
eis (que),kó; ikó; akó; iã; ã,iké suí,kó; ikó; akó; iã; ã
roça,kó; 'ybapa'ara,aîpi 'y,kó; 'ybapa'ara
sempre,ko'arapukui; iepi (nhe); meme; meme iepi # para sempre: aúieramanhe senhor,"(intr): iepi (r, s); (tr): py'i; meme; meme iepi # para sempre: aúieramanhe senhor",ko'arapukui; iepi (nhe); meme; meme iepi # para sempre: aúieramanhe senhor
"coisa cotidiana, o que é de cada dia",ko'arapukuîndûara,araîabi'õndûara,araîabi'õndûara
"como isto, como este",koba'e îá,kó îá,koba'e îá
"Como a estes por aqui, farão comigo após minha morte","Koba'e îakatu mbype, xe re'õ roîré ybŷá xe rerekóûne",Kó xe re'õ roîré ybŷá xe rerekóû îabé,"Koba'e îakatu mbype, xe re'õ roîré ybŷá xe rerekóûne"
este outro (e não ele),koba'ete,kóte,koba'ete
Aqui estou eu,Kobé aîkó,Kó é aîkó,Kobé aîkó
Eis que aqui estou como teu filho pecador,Kobé aîkó nde ra'yrangaîpabĩnamo,Kobé aîkó nde ra'yrangaîpabĩnamo,Kobé aîkó nde ra'yrangaîpabĩnamo
Eis aqui meu arco,Kobé xe îurupara,Kó xe îurupara,Kobé xe îurupara
"Eis aqui meu arco, eis aqui as farpas","Kobé xe îurupara, kobé arupare'aka","Kobé xe îurupara, kobé arupare'aka","Kobé xe îurupara, kobé arupare'aka"
Eis que também minhas muitas presas hei de dar algumas a ti,Kobé xe rembiaretá t'ame'ẽne amõ endébo,Kó bé xe rûaîa îaîme'eng ixébene,Kobé xe rembiaretá t'ame'ẽne amõ endébo
"Eis que também minhas presas hei de dar algumas para ti, para que quebres suas cabeças","Kobé xe rembiaretá t'ame'ẽne amõ endébo, i akanga t'ereîoká","Xe rûaî bé t'ame'ẽne amõ endébo, i akanga kábo","Kobé xe rembiaretá t'ame'ẽne amõ endébo, i akanga t'ereîoká"
por aqui,kóbo,iké suí,kóbo
nas roças,kóbo,ybytu rupápe,kóbo
eis que amanheceu,ko'ẽ kó,ko'ẽme,ko'ẽ kó
amanhecer,ko'em (xe),ka'amutumo,ko'em (xe)
manhã,ko'ema # de manhã,ka'amutuma # de madrugada: ka'amutumo,ko'ema # de manhã
ao amanhecer,ko'ẽme,ka'amutumo,ko'ẽme
"De manhã, cuidando de sua comida",Ko'ẽme gûemi'urama resé onhemosaînana,"Îeîbé, oma'ẽngatu o emi'urama resé",Ko'ẽme gûemi'urama resé onhemosaînana
gêmeo,kõia; kõigfiera,amYi,kõia; kõigfiera
Nós somos gêmeos,Kõîgûera oré,Mokõî îandé,Oré kõî
apoiar,kok,kok,kok
encosto,kokaba,apykaba,kokaba
mais para cá,kokoty bé,kóbo,kybõngoty bé
"E por outra parte, semelhantemente, o próprio mar será mais terrível do que era seu costume",Kokoty paranã aé rame'ĩ o abaetéramo erimba'e gûekoagûera sosé,Kokoty paranã aé rame'ĩ o abaetéramo erimba'e gûekoagûera sosé,Kokoty paranã aé rame'ĩ o abaetéramo erimba'e gûekoagûera sosé
"E, por outra parte, semelhantemente, o próprio mar será mais terrível do que foi seu costume",Kokoty paranã aé rame'ĩ o abaetéramo erimba'e gûekoagûera sosé,Onharõberame'ĩ asé ro'o îandé 'anga resé,Kokoty paranã aé rame'ĩ o abaetéramo erimba'e gûekoagûera sosé
"E por outra parte, semelhantemente, o próprio mar será mais terrível do que é seu costume",Kokoty paranã aé rame'ĩ o abaetéramo erimba'e gûekoagûera sosé,Kokoty paranã aé rame'ĩ o abaetéramo erimba'e gûekoagûera sosé,Kokoty paranã aé rame'ĩ o abaetéramo erimba'e gûekoagûera sosé
"E por outra parte, semelhantemente, o próprio mar será mais terrível do que é seu costume, as ondas fazendo grande estrondo",Kokoty paranã aé rame'ĩ o abaetéramo erimba'e gûekoagûera sosé yapenunga ryapugûasuramo,"Kokoty paranã aé rame'ĩ o ybygûasu sosé, ybyypabẽ oîmoporangeté",Kokoty paranã aé rame'ĩ o abaetéramo erimba'e gûekoagûera sosé yapenunga ryapugûasuramo
"E por outra parte, semelhantemente, o próprio mar será mais terrível do que é seu costume, fazendo as ondas grande estrondo",Kokoty paranã aé rame'ĩ o abaetéramo erimba'e gûekoagûera sosé yapenunga ryapugûasuramo,Kokoty paranã aé rame'ĩ o mbo'esara sosé yapenunga mogûatábo,Kokoty paranã aé rame'ĩ o abaetéramo erimba'e gûekoagûera sosé yapenunga ryapugûasuramo
fava,komandagOasu,ybyrá,komandagOasu
"faval, plantação de favas",komandagûasutyba,komandagûasutyba,komandagûasutyba
ou (conj),konipó; koipó,konipó; koipó,konipó; koipó
o que vai à roça,kopîasoara,mba'e,kopîasoara
"(lit, o arrancar todos os paus do lugar de carpir) roçado antes de se queimar",kopisaba 'ybapaara,ybyrápanema,kopisaba 'ybapaara
lavoura,kopisaba; kó; 'ybapaara,kambu,kopisaba; kó; 'ybapaara
"roçado antigo, onde o mato cresceu de novo",kopûera,kopûera,kopûera
ainda hoje apressandovos para encontrar a felicidade verdadeira,kori bé penhemoanhẽanhẽmo tekokatueté pé pegûasemagûama resé,Kori bé oroîeruré t'ereîekosub tekokatueté,kori bé penhemoanhẽanhẽmo tekokatueté pé pegûasemagûama resé
Hoje mesmo havemos de fazêlo sumir,Kori bé t'i mokanhẽ,Kori bé t'îaîpe'a,Kori bé t'i mokanhẽ
Hoje mesmo,Kori é,Kori é,Kori é
Hoje mesmo hei de fazerte ir,Kori é t'oromondóne,Kori bé t'ame'ẽne amõ endébo,Kori é t'oromondóne
Hoje mesmo hei de te fazer ir,Kori é t'oromondóne,Kori bé t'ame'ẽne amõ endébo,Kori é t'oromondóne
Hoje o matou,Kori i îukáû,Kori i îukáû,Kori i îukáû
Se tivesse ido hoje,Kori meémo asó,Asó ipó kori,Kori meémo asó
Hoje eu deveria ir,Kori monẽ asó,Kori monẽ asó,Kori temone asómo
Hoje eu deveria ir,Kori temone asómo,Kori monẽ asó,Kori temone asómo
"Hoje, assim, de modo nenhum impedem nossa estada","Kori, nã, îandé rekó îandé moarûapa angá","Kori, nã, mba'e amõ resé asé nheangûaba nd'oîmoasyî","Kori, nã, îandé rekó îandé moarûapa angá"
"Hoje, assim, de modo nenhum nos impedem nossa estada","Kori, nã, îandé rekó îandé moarûapa angá","Kori, nã, mba'e amõ n'omoarûabî xó îandé rekoaba","Kori, nã, îandé rekó îandé moarûapa angá"
"Hoje, assim, nossa estada de modo nenhum nos impedem","Kori, nã, îandé rekó îandé moarûapa angá","Kori, nã, îandé nheangûaba mba'e amõ îandé moarûapa angá","Kori, nã, îandé rekó îandé moarûapa angá"
comendoo ansiosamente sempre,korikoria'u i gûabo îepi,i 'a îepi nhẽ,korikoria'u i gûabo îepi
"um pouco (fal de tempo), pouco tempo (VLB, I, 154), por pouco tempo",korite'ĩ nhote,korite'ĩ nhote,korite'ĩ nhote
rapidamente,koríte'i; tafüé,anhe,koríte'i; tafüé
"o mais cedo possível, em um momento",korite'ĩaíbeté,korite'ĩaíbeté,korite'ĩaíbeté
Como que voando muito rapidamente,Korite'ĩaibeté obebébo berame'ĩ,Korite'ĩaibeté obebé,Korite'ĩaibeté obebébo berame'ĩ
"A gente diz ""anjos"" para eles por irem eles por sua vontade para longe, como que voando, muito rapidamente","Korite'ĩaíbeté obebébo berameĩ kûepe o emimotarybo i xóreme ""karaibebé "" asé i 'éû i xupé","Korite'ĩaíbeté obebébo berameĩ kûepe o îoesé o hegûasemagûama resé ""karaibebé "" asé i 'éû i xupé","Korite'ĩaíbeté obebébo berameĩ kûepe o emimotarybo i xóreme ""karaibebé "" asé i 'éû i xupé"
agora há pouco,korite'ĩmbyryb,korite'ĩmbyryb,korite'ĩmbyryb
agora há pouco,korite'ĩmbyryb,korite'ĩmbyryb,korite'ĩmbyryb
feijão,kornandamiri,avati'yba,kornandamiri
áspero,korõi,tatã,korõi
aspereza,korõia,ky'a,korõia
brevemente,koromõ,akyta'i; apíla'i,koromõ
"Logo, decerto, passarás no lugar em que moro",Koromõ ipó eregûatá xe rekoápe,Memẽte xe rekoápe eresó,Koromõ ipó eregûatá xe rekoápe
"Logo, decerto, passarás no lugar onde moro",Koromõ ipó eregûatá xe rekoápe,Eîori sa'anga rõ,Koromõ ipó eregûatá xe rekoápe
"Logo, decerto, passarás no lugar em que moro, chegando (por mar)","Koromõ ipó eregûatá xe rekoápe, eîepotáne","Memẽte xe rapépe eresó, xe rapépe eresó","Koromõ ipó eregûatá xe rekoápe, eîepotáne"
"Logo, vencendo os temiminós, habitantes daqui, frequentálosei","Koromõ keygûara temiminõ moaûîébo, asapekóne","Îepémo xe reîyîa îepémo, inã tekó mombegûabo","Koromõ keygûara temiminõ moaûîébo, asapekóne"
Logo o viu,Koromõ sepîaki,Koromõ sepîaki,Koromõ sepîaki
Logo eu estou feliz,Koromõ xe rorybamo,Aûîebétemo asó,Koromõ xe rorybamo
Logo o vento se levantará,Koromõ ybytu pu'amine,Ybytu asa'ang,Koromõ ybytu pu'amine
"Logo, vencendo os temiminós, habitantes daqui, frequentálosei","Koromõ, keygûara temiminõ moaûîébo, asapekóne","Îepémo xe reîyîa îepémo, inã tekó mombegûabo","Koromõ keygûara temiminõ moaûîébo, asapekóne"
"Logo, vencendo os temiminós, habitantes daqui, eu os frequentarei","Koromõ, keygûara temiminõ moaûîébo, asapekóne","Aûîeté, aîpó oîepenhan xe renopu'ãbo","Koromõ, keygûara temiminõ moaûîébo, asapekóne"
daqui a pouquinho,koromõapyri'ĩ,Aîepyaobok,koromõapyri'ĩ
este outro (e não ele),kóte,kóte,koba'ete
Eis que aqui pertinho vem,Kote'ĩ turi kó,Aîpó turi,Kote'ĩ turi kó
Este é o máximo,Kótene i îaeté,Kó tuîba'e,Kótene i îaeté
aposento,koty,akaiá,koty
armadilha,koty,nhü,koty
cilada,koty,nhü,koty
rumo (a = na direção de),koty,koty,koty
Estou em cilada,Kotype aîub,Ka'abo aîkó,Kotype aîub
Nas armadilhas fiz os malditos entrarem,Kotype muru amoingé,Nhũmy îurupirar,Kotype muru amoingé
Nas armadilhas fiz os malditos entrarem,Kotype muru amoingé,Nhũmy îurupirar,Kotype muru amoingé
Agora tua concepção trouxe grande alegria,"Ko'y, nde nhemonhangaba ogûeru torybeté","Ko'y, nde nhe'enga poepyka torybeté","Ko'y, nde nhemonhangaba ogûeru torybeté"
agora,ko'yr,ko'yr,ko'yr
Agora mesmo suas almas quero matar,Ko'yr é i 'anga aîukápotá,Ko'yr é i 'anga aîuká,Ko'yr é i 'anga aîukápotá
E agora?,ko'yr ékatuetépe?,A'epe ko'yr ema'ẽmo?,ko'yr ékatuetépe?
Doravante assim procedo,Ko'yré emonã aîkó,Ko'yré emonã aîkó,Ko'yré emonã aîkó
"agora mesmo, agora neste instante",ko'yry bé,ko'yry bé,ko'yry bé
afinal,ko'yté,ariré é,ko'yté
Sobre a cruz pregando meu senhor,Krusá sosé nhẽ xe îara moîá,Krusá sosé nhẽ xe îara mbo'ebo,Krusá sosé nhẽ xe îara moîá
metade,ku'a,boiá2,ku'a
cintura,ku'a # na cintura: ku'ai,iî yké,ku'a # na cintura: ku'ai
meio,ku'a; agfié; (meio de coisa esférica): apytera; (meio de coisa plana): pytera mel,amyioka; amundaba,ku'a; agfié; (meio de coisa esférica): apytera; (meio de coisa plana): pytera mel
conhecer,kuab,îaîkuab,kuab
saber,kuab # sei lá!: sé!,kuab # sei lá!: sé!,kuab # sei lá!: sé!
entender,kuab; tekokuab; moang; py'ari entendimento,andub,kuab; tekokuab; moang; py'ari entendimento
"passar rápido, correr (pex, o rio, o navio)",kûabapûan,kûabapûan,kûabapûan
indicar,kuabe'eng,tekokuabe'yma,kuabe'eng
oferecer,kuabe'eng; erekfiab,me'eng,kuabe'eng; erekfiab
conhecido,kuabypyr (v kuab),"erapfian (r, s)",kuabypyr (v kuab)
desconhecido,kuabypyre'ym (v kuab) de�t;rever,kuabypyre'ym (v kuab) de t;rever,kuabypyre'ym (v kuab) de t;rever
na cintura,ku'aî,ipó,ku'aî
Vai à fonte,Kûãî 'ype,nhãîmbiara rupi okûapa,Kûãî 'ype
negar,kuakub,mombuku,kuakub
ocultar,kuakub,(intr): nheran; nhemobabak; (tr,se
esconder,kuakub; mim (,(intr): nheran; nhemobabak; (tr,se
mostrar,kuame'eng; kuabe'eng,kuame'eng; kuabe'eng,kuame'eng; kuabe'eng
conhecedor,kuapara (v kuab),kuab # sei lá!: sé!,kuapara (v kuab)
sabedor,kuapara (v kuab),nhembo'e,kuapara (v kuab)
toca,küara,Aîapóanhẽ,küara
"pôrdosol, poente (etim  lugar em que o sol entra)",kûara reîkeaba,kûarasy reîkeaba,kûara reîkeaba
"lugar em que nasce o sol, o oriente",kûara sembaba,kûarasy reîkeaba,kûara sembaba
"Se o sol faz as pessoas terem muita sede, tanto mais estando no fogo as pessoas desejam beber","Kûarasy abiã oporomo'y'useîeté, memetaé tatápe oína abá o'useîetéramo","Kûarasy abiã oporokûarueté, tatápe oîkóbo bé abá 'useîetéramo","Kûarasy abiã oporomo'y'useîeté, memetaé tatápe oína abá o'useîetéramo"
Ao estar o sol no meio do mundo,Kûarasy 'ara pyterype seneme,Kûarasy 'ara pyterype seneme,Kûarasy 'ara pyterype seneme
O sol certamente brilha após passar a grande noite,Kûarasy nipó oberá putunusu kûab'iré,"Kûarasy nipó oberá, putunusu kûab'iré",Kûarasy nipó oberá putunusu kûab'iré
"O sol certamente brilha, após passar a grande noite","Kûarasy nipó oberá, putunusu kûab'iré","Kûarasy nipó oberá, putunusu kûab'iré","Kûarasy nipó oberá, putunusu kûab'iré"
O sol certamente brilha após passar a grande noite,"Kûarasy nipó oberá, putunusu kûab'iré","Kûarasy nipó oberá, putunusu kûab'iré",Kûarasy nipó oberá putunusu kûab'iré
O sol eclipsase,Kuarasy onhemoputun,Kûarasy onhemoputun,Kuarasy onhemoputun
O sol se eclipsa,Kûarasy onhemoputun,Kûarasy onhemoputun,Kûarasy onhemoputun
O sol faz as pessoas terem muita sede,Kûarasy oporomo'y'useîeté,Kûarasy oporomoingobusumusu,Kûarasy oporomo'y'useîeté
"lugar em que o sol se põe, poente, oeste",kûarasy reîkeaba,kûara sembaba,kûarasy reîkeaba
"a saída do sol, o nascer do sol",kûarasy sembaba,kûarasy reîkeaba,kûarasy sembaba
os que vêm do lado em que nasce o sol,kûarasy sembaba koty suí ouryba'e,kûarasy sembaba koty suí ouryba'e,kûarasy sembaba koty suí ouryba'e
Mostrando sua própria beleza mais que o sol,Kûarasy sosé o poranga kuabe'enga,Kûarasy sembaba sosé o poranga kuabe'enga,Kûarasy sosé o poranga kuabe'enga
"Após entrarem em colapso o sol, a lua, a terra, o mar, então os anjos vêm","Kûarasy, îasy, yby, paranã rekomemûã roiré a'ereme karaibebé ruri","Kûarasy, îasy, yby, paranã kanhem'iré, karaibebé ruri","Kûarasy, îasy, yby, paranã rekomemûã roiré a'ereme karaibebé ruri"
"O sol brilha, certamente, após passar a grande noite","Kûarasy, nipó, oberá, putunusu kûab'iré","Kûarasy, nipó, oberá, putunusu kûab'iré","Kûarasy, nipó, oberá, putunusu kûab'iré"
"sol frio, isto é, sol encoberto, tempo nublado",kûarasyro'y,kûarasy reîmbaba,kûarasyro'y
pintar,küatiar; (pintar de branco): moting; (pintar de vermelho): mopyrang; (pintar de preto): moún; (pintar de amarelo): moiub,moiegfiak,se
denunciar,kuaukar,momorandub,kuaukar
"o que delata, o delator",kuaukasara,kuaukasara,kuaukasara
esse outro,kûé amõaé,akó amõaé,kûé amõaé
"Daqui vou para longe, outras aldeias frequentando","Kûé suí asó mamõ, amõ taba rapekóbo","Kûé suí asó mamõ, amõ taba rapekóbo","Kûé suí asó mamõ, amõ taba rapekóbo"
"Daí ía para longe, frequentando outras aldeias","Kûé suí asó mamõ, amõ taba rapekóbo","Kûé suí asó mamõ, amõ taba rapekóbo","Kûé suí asó mamõ, amõ taba rapekóbo"
frouxo,kué; rnembek (v rnembeka) frustrar,ybYí:a; pa'ü,kué; rnembek (v rnembeka) frustrar
Fazendome mudar de direção por aí,Kûeîbo nhẽ xe rerobaka,Aîmoîoakypûé,Kûeîbo nhẽ xe rerobaka
Fazendome mudar de direção por aí,Kûeîbo nhẽ xe rerobaka,Aîmoîoakypûé,Kûeîbo nhẽ xe rerobaka
"de alguma parte, dalgures",kûeîpe suí,kûeîpe suí,kûeîpe suí
"Eis que o ajunto há dias, na verdade",Kûeîsé bé nakó aîrumõ,Kó xe îepotasaba îepotasápe,Kûeîsé bé nakó aîrumõ
"Eis que ontem trucidei gente, matando europeus","Kûeîsé kó aporapiti, aîuruîuba îukábo","Erimba'e aporapiti, aîuruîuba aîapŷabo","Kûeîsé kó aporapiti, aîuruîuba îukábo"
"Ontem, é verdade, alguns sumiram","Kûeîsé, rakó, amõ kanhemi","Kûeîsé, rakó, amõ kanhemi","Kûeîsé, rakó, amõ kanhemi"
"Ontem, é verdade que alguns sumiram","Kûeîsé, rakó, amõ kanhemi","Kûeîsé, rakó, amõ kanhemi","Kûeîsé, rakó, amõ kanhemi"
muito longe,kûékûeîpe é,apûékatu,kûékûeîpe é
o que é afamado por aí,kûepe i moerapûanymbyra,a'epe i kugûabypyra,kûepe i moerapûanymbyra
Por aí as mulheres casadas ficavas pervertendo,Kûepe kunhãmendarûera ereîmomoxymoxy,Kunhãmendara apytépe ereîemoŷrõ,Kûepe kunhãmendarûera ereîmomoxymoxy
"Indo para fora, deixando de ouvir missa","Kûepe osóbo, missa renduba reîá","Missa pe'abo, osóbo","Kûepe osóbo, missa renduba reîá"
Desde ontem não como nada,Kûesé bé mba'e n'a'uî,Kûesé bé mba'e n'a'uî,Kûesé bé mba'e n'a'uî
Há poucos dias mandaste tua esposa como espiã,Kûesé nde remirekó manhanamo ereîmondó,Ara mbykymirĩme ererur nde remirekó manhanamo,Kûesé nde remirekó manhanamo ereîmondó
"Ontem, aos brancos deram combate","Kûesé, karaíba ri i pokoki","Kûesé, karaíba ri i pokoki","Kûesé, karaíba ri i pokoki"
"Depois de querer vêlo, em vão, desde muito tempo atrás",Kûesenhe'ym bé sepîápotá tenhẽ roîré,Ipuku xe reká i xupa,Kûesenhe'ym bé sepîápotá tenhẽ roîré
"Depois de querer vêlo, em vão, desde muito tempo atrás",Kûesenhe'ym bé sepîápotá tenhẽ roîré,Ipuku xe reká i xupa,Kûesenhe'ym bé sepîápotá tenhẽ roîré
"Ah, bom tempo aquele em que lá fui!",Kûesenhe'ymĩkaé xe sóû a'epe mã!,Kûesenhe'ymĩkaé xe sóû a'epe mã!,Kûesenhe'ymĩkaé xe sóû a'epe mã!
"o que é de antigamente, o que é antigo",kûesenhe'ỹndarûera,kûesenhe'ỹndarûera,kûesenhe'ỹndarûera
"há bem pouco tempo, agora há pouco, agorinha mesmo","kûesété'ĩ, kûesété'ĩmbyryb, kûesété'ĩbé, kûesébé'ĩ, kûesépyryb",ko'yr é,"kûesété'ĩ, kûesété'ĩmbyryb, kûesété'ĩbé, kûesébé'ĩ, kûesépyryb"
farelo,ku'i,i xupé,ku'i
Das cuias quebrando as pontas,Kuîa nhẽ i tĩngátĩngábo,Kûarasy suí osyryka,Kuîa nhẽ i tĩngátĩngábo
"Das cuias ficando a quebrar as pontas, afrontaste os homens","Kuîa nhẽ i tĩngátĩngábo, ereîanga'o abá","Puntes i îeapykábo, ereîomoaîub abá","Kuîa nhẽ i tĩngátĩngábo, ereîanga'o abá"
cuia,kuia; kuieté,"(= através de): upi (r, s); (= por causa de): suí;",kuia; kuieté
pescando bem os canapus,kunapu rekyîetébo,kunapu moîegûakaba,kunapu rekyîetébo
índia,kunhã,(em oposição ao africano ou ao branco europeu): abá; (índio livre; índio da mata): apyaba,kunhã
mulher,kunhã,kunhã,kunhã
Batendo numa mulher que está grávida,Kunhã i puru'aba'e resé opûá,Kunhã muru'abora resé opûá,Kunhã i puru'aba'e resé opûá
Oxalá houvesse uma mulher aqui (mas não há)!,Kunhã iké sekóû biã mã!,Kunhã iké sekóû temõ mã!,Kunhã iké sekóû biã mã!
Olhando para o órgão sexual da mulher ou do homem,Kunhã koîpó abá remimborará resé oma'ẽmo,Kunhã koîpó abá remimborará resé oma'ẽmo,Kunhã koîpó abá remimborará resé oma'ẽmo
Acusando uma mulher para seu marido,Kunhã kuauká i mena supé,Kunhã kuaûká i mena supé,Kunhã kuaûká i mena supé
Acusando uma mulher para seu marido,Kunhã kuaûká i mena supé,Kunhã kuaûká i mena supé,Kunhã kuaûká i mena supé
Batendo numa mulher grávida,Kunhã muru'abora resé opûá,Kunhã i puru'aba'e resé i moîypa,Kunhã muru'abora resé opûá
"Batendo numa mulher grávida, matando o bebê dela","Kunhã muru'abora resé opûá, pitanga îukábo i xuí","Kunhã muru'abora resé opûá, pitanga îukábo i xuí","Kunhã muru'abora resé opûá, pitanga îukábo i xuí"
Só desejando mulher,Kunhã potá nhote,Kunhã anhõ oîpotar,Kunhã potá nhote
Seguindo o rastro das mulheres,Kunhã rakypûemondóbo,Kunhã rakypûemondóbo,Kunhã rakypûemondóbo
"Seguindo o rastro das mulheres, os índios não desistem","Kunhã rakypûemondóbo, apŷaba n'i apysáî","Kunhã rakypûemondóbo, apŷaba n'i apysáî","Kunhã rakypûemondóbo, apŷaba n'i apysáî"
O que foge com uma mulher não pode casarse com ela,Kunhã reroîabapara nd'e'ikatuî sesé omendá,Kunhã reroîabapara nd'e'ikatuî sesé omendá,Kunhã reroîabapara nd'e'ikatuî sesé omendá
O que foge com uma mulher contra sua vontade não pode casarse com ela,Kunhã reroîabapara semimotare'yma rupi nd'e'ikatuî sesé omendá,Kunhã suí o ekó o potasápe oîepeba'e nd'e'ikatuî sesé omendá,Kunhã reroîabapara semimotare'yma rupi nd'e'ikatuî sesé omendá
Depois que tu sonhaste com uma mulher deleitastete no teu sonho com ela?,Kunhã resé nde posaûsub'iré ereîmborype sesé nde posaûsubagûera?,Ereîkópe kunhã amõ resé sesé nde nhemomotar'iré?,Kunhã resé nde posaûsub'iré ereîmborype sesé nde posaûsubagûera?
O que se iguala às mulheres,Kunhã resé oîemoîoîaba'e,Kunhã resé oîemoîoîaba'e,Kunhã resé oîemoîoîaba'e
Sua busca de gente nas pessoas das mulheres,Kunhã ri i moreká,Kunhã ri i nhemosaînanonga,Kunhã ri i moreká
"Mulheres, além de velhos, meninos e até meninas","Kunhã, marandé tunhaba'e, kunumĩ, kunhataĩ tiruã","Kunhã, gûaîbĩ, tuîba'e, kunumĩ, kunhataĩ tiruã","Kunhã, marandé tunhaba'e, kunumĩ, kunhataĩ tiruã"
"mulher bondosa, não tocada por homem",kunhãangaturama abá bykagûere'yma,kunhãangaturama,kunhãangaturama abá bykagûere'yma
"Mulher bondosa, uma virgem",Kunhãangaturama ababykagûere'yma,"kunhãangaturama, kunhãmykaraíba",Kunhãangaturama ababykagûere'yma
"mulher normal (isto é, que nunca foi escrava)",kunhãeté,kunhãeté,kunhãeté
Mulheres virgens que morreram com seu corpo incorrupto,Kunhãkûare'yma gûetémarane'yma bé ogûeromanõba'epûera,Kunhãangaturama o eterama pupé ogûeromanõba'epûera,Kunhãkûare'yma gûetémarane'yma bé ogûeromanõba'epûera
mulher bondosa e estéril,kunhãmarangatumembyre'yma,kunhãangaturama,kunhãmarangatumembyre'yma
"Uma moça, não tendo doze anos e um rapaz também, não chegando aos catorze anos, não podem casarse com ninguém","Kunhãmbuku doze ro'y rerekoare'yma, kunumĩgûasu abé catorze ro'y resé i xyke'yma nd'e'ikatuî abá resé omendá","Kunhãmbuku doze ro'y rerekoare'yma, kunumĩgûasu abé catorze ro'y resé i xyke'yma nd'e'ikatuî abá resé omendá","Kunhãmbuku doze ro'y rerekoare'yma, kunumĩgûasu abé catorze ro'y resé i xyke'yma nd'e'ikatuî abá resé omendá"
mulher viúva,kunhãmene'õ,kunhãmene'õ,kunhãmene'õ
mulher de baixa estatura,kunhãmirĩ,kunhãmuku,kunhãmirĩ
No ventre de uma moça gerandose como uma criança,Kunhãmuku rygépe pitangamo onhemonhanga,Kunhãmuku akanga resé pitangĩnamo o emimotarybo,Kunhãmuku rygépe pitangamo onhemonhanga
as moças habitantes das aldeias,kunhãmuku taba pora,kunhãmuku taba pora,kunhãmuku taba pora
As moças habitantes das aldeias escondoas em meu coração,Kunhãmuku taba pora xe py'a pupé anhomim,"A'e taba pora kunhãmuku, xe py'a pupé kanhemi",Kunhãmuku taba pora xe py'a pupé anhomim
mulher corajosa,kunhãpyatã,kunhãpyatã,kunhãpyatã
"o que rompe o sangue de uma moça, o que a desvirgina",kunhataĩ rugûy kasara,kunhataĩ rugûy kasara,kunhataĩ rugûy kasara
"rapariga (por desprezo, pejorativo)",kunhataĩa'uba,kunumĩa'uba,kunhataĩa'uba
 namorada,kunhã'yba,kunhã'yba,kunhã'yba
As namoradas me amavam,Kunhã'yba xe raûsu,Aîmoaûsuba'ub,Kunhã'yba xe raûsu
menino,kunumi,kunhataĩ,kunumi
sujeira do menino,kunumĩ a'uba,kunumĩ akyrara,kunumĩ a'uba
"rapaz (por desprezo, pejorativo)",kunumĩa'uba,kunumĩa'uba,kunumĩa'uba
muitos meninos,kunumĩetá,Asa'embé,kunumĩetá
moço,kunumigflasu,paresara; mimondó; temimondó mentir,kunumigflasu
"Um rapaz, não chegando aos catorze anos, não pode casarse com ninguém","Kunumĩgûasu catorze ro'y resé i xyke'yma, nd'e'ikatuî abá resé omendá",Kunumĩgûasu catorze ro'y omoaûîeba'epûera nd'e'ikatuî abá resé omendá,"Kunumĩgûasu catorze ro'y resé i xyke'yma, nd'e'ikatuî abá resé omendá"
"Os moços, os homens, as moças, a todos bem os tenho em minhas mãos como meus súditos","Kunumĩgûasu, apŷaba, kunhãmuku, xe boîáramo pabẽ xe pópe arekókatu","Kunumĩgûasu, apŷaba, kunhã, xe boîáramo pabẽ xe pópe arekókatu","Kunumĩgûasu, apŷaba, kunhãmuku, xe boîáramo pabẽ xe pópe arekókatu"
mancebo de pouca idade,kunumĩgûasukakuabamo,Akakuab,kunumĩgûasukakuabamo
"moço que aprende, moço aprendiz",kunumĩnhembo'e,kunumĩnhembo'e,kunumĩnhembo'e
rapazes muito fortes,kunumĩûasuatãatã,kunumĩûasuatãatã,kunumĩûasuatãatã
modéstia,kunusãia,kunusãia,kunusãia
modesto,kunusãija,mba'ee'ym/a,kunusãija
costas corcovadas,kupéasura,apykaba apyrytá,kupéasura
"pelas costas, na ausência, à traição",kupébo,aseî,kupébo
cupim,kupi'i,aka,kupi'i
bolota,kuruba,aka,kuruba
caroço,kuruba,beraba,kuruba
sarna,kuruba; piremonã (m),andub,kuruba; piremonã (m)
grão,kuruba; ta'}inha,eíra,kuruba; ta'}inha
migalha,kurubipflera,amandaba,kurubipflera
resmungar,kuruk; kururuk,apysyk (v apysyka),kuruk; kururuk
sapo,kururu,fi,kururu
arpoar,kutuk,mongu 'i,kutuk
espetar,kutuk,manhana,kutuk
picar,kutuk,andub,kutuk
furar,kutuk; mombuk,manhana,se
cutucar,kutuk; pekãi,andub,kutuk; pekãi
para cá olhando furtivamente,kûybõ oma'ẽnhemima,oma'ẽnhemima,kûybõ oma'ẽnhemima
sujeira,ky'a,moaiu,ky'a
sujo,"ky'a; u'um/a (r, s)",moaiu,"ky'a; u'um/a (r, s)"
piolho,kyba,andub,kyba
lêndea,kyba'yra,potaba (m),kyba'yra
lêndeas de piolho (da cabeça),kyba'yra,fi,kyba'yra
mais para cá,kybõngoty bé,kóbo,kybõngoty bé
um pouco mais para cá,kybõngotypyryb,mbegüé,kybõngotypyryb
pente,kygiiaba,pepó,kygiiaba
grilo,kyiu,(variedades): karapuku; urupé etc coisa,kyiu
Fiquei a penitenciarme longamente,Kype anhenupãnupã,Aîmotekokuab,Kype anhenupãnupã
Longamente irritandose,Kype onhemoŷrõmo nhẽ,Iî aŷpy asa'ang,Kype onhemoŷrõmo nhẽ
Longamente ficas sentado pranteando teus amigos ou teus parentes,Kype rakó ereín nde raûsupara koîpó nde mũ rapirõmo,"Kype rakó ereîkó nde raûsupara, nde aryîa moasŷabo",Kype rakó ereín nde raûsupara koîpó nde mũ rapirõmo
"Se longamente ficas pranteando teus amigos ou teus parentes, por que não queres chorar nem um pouquinho por causa de teus antigos pecados?",Kype rakó ereín nde raûsupara koîpó nde mũ rapirõmo marãpe nde rekoangaîpagûera resé é nd'ereîase'omirĩngatutenhẽmotari?,"Kype rakó ereín nde raûsupara, nde mũ rapirõmo marãpe nde rekoangaîpagûera resé é nd'ereîase'omirĩngatutenhẽmotari?",Kype rakó ereín nde raûsupara koîpó nde mũ rapirõmo marãpe nde rekoangaîpagûera resé é nd'ereîase'omirĩngatutenhẽmotari?
chover,kyr,ybyoka,kyr
gordo,kyrá,ipó,kyrá
audaz,kyre'ymbab,ybYí:a; pa'ü,kyre'ymbab
corajoso,"kyre'ymbab; pyatã; ekoeté (r, s) corda",ybYí:a; pa'ü,"kyre'ymbab; pyatã; ekoeté (r, s) corda"
audácia,kyre'ymbaba,kyre'ymbab,kyre'ymbaba
calado,kyriri,se,kyriri
silencioso,kyriri,se,kyriri
silêncio,kyrirí,se,kyrirí
faca,kysé,fi,kysé
verruga,kytã; kuruba,korõi,kytã; kuruba
nó,kytã; tesakytã; pokytã,aîub,kytã; tesakytã; pokytã
esfregar,kytyk,andub,kytyk
pimenta,ky'ynha,pyryryma (m),ky'ynha
O proferir das ladainhas,Ladainhas ra'angaba,Aîpó nhe'engasara,Ladainhas ra'angaba
o que profere as ladainhas,Ladainhas ra'angara,îuruoba'e,Ladainhas ra'angara
"sugar (os doentes, para arrancar",lhes a doença),i moasyba'e,lhes a doença)
para além de Lisboa,Lisboa akûeakoty,Lisboa suí amõaé,Lisboa akûeakoty
para adiante de Lisboa,Lisboa amongoty,Lisboa amongoty,Lisboa amongoty
ah!,mã!,mã!,mã!
oh! (interj),mã!; (de h): gtié!; gily! (de m): iu!; ió! óleo,y!; (de h): gtié!; gily! (de m): iu!; ió! óleo,mã!; (de h): gtié!; gily! (de m): iu!; ió! óleo
olhar,ma'e,ma'e,ma'e
A respeito de quê conversamos?,Ma'e resé îandé mongetáû?,Ma'e resé îandé mongetáû?,Ma'e resé îandé mongetáû?
Sobre quê será nossa conversa?,Ma'e resé îandé nhomongetá?,Mba'e resé îandé ra'angine?,Ma'e resé îandé nhomongetá?
Qual outro é conhecedor senão ele?,Ma'ekugûapara aéamẽ ahẽ?,Abápe amõ o îoesé oîkuabamo?,Ma'ekugûapara aéamẽ ahẽ?
vigiar,ma'enan,tesaetá,ma'enan
lembrança,ma'enduasaba (v ma'enduar) lembrar (tr = fazer lembrar,ma'enduasaba (v ma'enduar) lembrar (tr = fazer lembrar,ma'enduasaba (v ma'enduar) lembrar (tr = fazer lembrar
"Olha, arrasamos todos os tupinambás que estavam no Paraguaçu","Ma'ẽne, tupinambá Paragûasupendarûera opakatu îamombá","Ma'ẽne, tupinambá Paragûasupendarûera opakatu îamombá","Ma'ẽne, tupinambá Paragûasupendarûera opakatu îamombá"
"Olha, arrasamos todos os tupinambás que estavam no Paraguaçu","Ma'ẽne, tupinambá Paragûasupendarûera opakatu îamombá","Ma'ẽne, tupinambá Paragûasupendarûera opakatu îamombá","Ma'ẽne, tupinambá Paragûasupendarûera opakatu îamombá"
Que queres?,Ma'epe ereîpotar?,"Ma'epe ereîpotar? Îetyka, komandaûasu",Ma'epe ereîpotar?
"Que queres? Batatadoce, favas","Ma'epe ereîpotar? Îetyka, komandaûasu","Ma'epe ereîpotar? Îetyka, komandaûasu","Ma'epe ereîpotar? Îetyka, komandaûasu"
Da mesma forma que o laço está parado e é o pássaro que vai para dentro dele,"Ma'etakó nhusana oín nhote, gûyrá aé osó i pupé","Îusûá nhote oín nhote, gûyrá aé osó i pupé","Ma'etakó nhusana oín nhote, gûyrá aé osó i pupé"
francês,maíra,îurunema,maíra
estrangeiro,maíra; atara; mamõygilaraé # estrangeiro louro: aiuruiuba,maíra; atara; mamõygilaraé # estrangeiro louro: aiuruiuba,maíra; atara; mamõygilaraé # estrangeiro louro: aiuruiuba
pirilampo,mamfiá,pyryryma (m),mamfiá
vagalume,mamfiá,aka,mamfiá
O desejo de sumir para longe enche seus corações,Mamõ nhẽ kanhẽmotara i py'a îaîporaká,Mamõ sekó potá o py'a îaîporaká,Mamõ nhẽ kanhẽmotara i py'a îaîporaká
Para onde será que eu irei?,Mamõ serã xe sóûne?,Mamõ serã xe sóûne?,Mamõ serã xe sóûne?
"de algum lugar, dalgures, de alguma parte",mamõ suí,kûeîpe suí,mamõ suí
de que parte? (mais específico que donde?),mamõngoty suí?,Abápe aîpó tenda?,mamõngoty suí?
Para onde a multidão numerosíssima levou Nosso Senhor da casa de Caifás após o amanhecer?,Mamõpe erimba'e te'yîkatupabẽ Îandé Îara rerasóû Kaiphás roka suí ko'em'iré?,Mamõpe erimba'e te'yîa Îandé Îara rerasóû Kaiphás roka suí ko'em'iré?,Mamõpe erimba'e te'yîkatupabẽ Îandé Îara rerasóû Kaiphás roka suí ko'em'iré?
Para onde a multidão numerosíssima levou Nosso Senhor?,Mamõpe erimba'e te'yîkatupabẽ Îandé Îara rerasóû?,Mamõpe erimba'e te'yîa Îandé Îara rerasóû?,Mamõpe erimba'e te'yîkatupabẽ Îandé Îara rerasóû?
"Aonde chegaram com Nosso Senhor, finalmente?",Mamõpe gûá Îandé Îara rerosyki ko'yté?,Marãpe peîkó Tupã resé?,Mamõpe gûá Îandé Îara rerosyki ko'yté?
Aonde ele foi após acabar de comer?,Mamõpe i xóû o mba'e'upab'iré?,Mamõpe i xóû o mba'e'upab'iré?,Mamõpe i xóû o mba'e'upab'iré?
Aonde ele foi após acabar de comer?,Mamõpe i xóû o mba'e'upab'iré?,Mamõpe i xóû o mba'e'upab'iré?,Mamõpe i xóû o mba'e'upab'iré?
"Para onde Pilatos retirouo, então?",Mamõpe Pilatos senosemi a'ereme?,Mamõpe a'ereme Pilatos serasóû?,Mamõpe Pilatos senosemi a'ereme?
Onde Deus está?,Mamõpe Tupã rekóû?,Mamõpe Tupã rekóû?,Mamõpe Tupã rekóû?
"Aonde chegaram com Nosso Senhor, enfim?",Mamõpe ybŷá Îandé Îara rerobasemi ko'yté?,Marãpe peẽ Tupã supé perasóû?,Mamõpe ybŷá Îandé Îara rerobasemi ko'yté?
aonde?,mamõpe?,mamõpe? umãmepe? umãpe? # de onde?: mamõ suípe?,mamõpe?
onde?,mamõpe? umãmepe? umãpe? # de onde?: mamõ suípe?,mamõpe? umãmepe? umãpe? # de onde?: mamõ suípe?,mamõpe? umãmepe? umãpe? # de onde?: mamõ suípe?
forasteiro,mamõygfrara; atara,okara,mamõygfrara; atara
enfeixar,man (,koty,man (
feixe,mana,(s): asyka; : asyk,mana
mandioca,mandi'oka,mandi'oka,mandi'oka
amendoim,mandubi,se,mandubi
licor de mangaba,mangaby,îukyrapu'a,mangaby
besouro,mangangá,aka,mangangá
espiar,manhan,ma'e,manhan
alcoviteiro,manhana,aîpi 'y,manhana
espia,manhana,tesaetá,manhana
espionagem,manhana,a'ang (s),manhana
"Alcovitice, prostituição  não quero que ninguém as deixe","Manhana, sygûaraîy  n'aîpotari abá seîara","Manhana, sygûaraîy N'aîpotari abá seîara","Manhana, sygûaraîy n'aîpotari abá seîara"
de que lugar?,manõîa suípe?,mba'e resé?,manõîa suípe?
Não cessarão de dizer maldades,Marã 'é n'opyki xóne,Na i arõî xûé mba'epoxy resé o 'ereme,Marã 'é n'opyki xóne
As que dizem coisas más,Marã e'îara,Marã e'îara,Marã e'îara
Esses (mandamentos) estão implícitos nos que dizem como?,Marã e'iba'e pupépe aîpoba'e ruî?,Ereîporakápe marã e'iba'e?,Marã e'iba'e pupépe aîpoba'e ruî?
"Como diz alguém, tendo medo da morte, não querendo fazer estar por longo tempo sua falta de confissão?",Marã e'ipe abá te'õ suí onheangûabo o nhemombe'ue'yma mokûápuku potare'yma?,Marã e'ipe abá te'õ suí onheangûabo o nhemombe'upuku potare'yma?,Marã e'ipe abá te'õ suí onheangûabo o nhemombe'ue'yma mokûápuku potare'yma?
Como reza aquela outra petição nossa?,Marã e'ipe amoaé asé îeruresaba?,Marã e'ipe asé îepia'o amõ îerurébo?,Marã e'ipe amoaé asé îeruresaba?
Como diz a outra petição da gente?,Marã e'ipe amõaé asé îeruresaba?,Marã e'ipe asé îepiaba amõ?,Marã e'ipe amõaé asé îeruresaba?
Como diz a gente antes de dormir?,Marã e'ipe asé o ké îanondé?,Marãpe asé nhe'enga îanondé?,Marã e'ipe asé o ké îanondé?
"Que quer dizer a gente em seu coração, dizendo isso para ela?",Marã e'ipe asé o py'ape aîpó o'îabo i xupé?,Marã e'ipe asé o py'ape aîpó o'îabo i xupé?,Marã e'ipe asé o py'ape aîpó o'îabo i xupé?
"Como dirá a gente em seu coração, olhando para o céu?",Marã e'ipe asé o py'ape ybaka resé oma'ẽmone?,Marã e'ipe asé o py'ape ybaka resé oma'ẽmone?,Marã e'ipe asé o py'ape ybaka resé oma'ẽmone?
"Que diz a gente, querendo abrandar a Deus?",Marã e'ipe asé Tupã mombupotá?,Marã e'ipe asé Tupã momburûabo?,Marã e'ipe asé Tupã mombupotá?
"Que a gente diz, conversando com o anjo seu guardião?","Marã e'ipe asé, karaibebé o arõana mongetábo?",Marã e'ipe asé o karaibebé mongetábo?,"Marã e'ipe asé, karaibebé o arõana mongetábo?"
Como disse Nosso Senhor para o que esbofeteou seu rosto?,Marã e'ipe Îandé Îara og obá petekarûera supé?,Marã e'ipe Îandé Îara a'e o îuraragûaîtápe?,Marã e'ipe Îandé Îara og obá petekarûera supé?
Como diz o primeiro deles?,Marã e'ipe iîypy?,Marã e'ipe iîypy?,Marã e'ipe iîypy?
"Como, então, futuramente, os homens dirão, invocandoo, ao circundaremnos muitíssimos inimigos?",Marã e'ipe irã abá a'ereme tobaîákatupabẽ o amaneme sekyîabone?,"Marã e'ipe irã abá i 'erama, i mongetábo, îandé remimotara re'yîa îandé resé?",Marã e'ipe irã abá a'ereme tobaîákatupabẽ o amaneme sekyîabone?
"Como disseram os judeus, seus perseguidores, para ele?",Marã e'ipe Îudeus i piaretá i xupé?,Marã e'ipe Îudeus i boîá i xupé?,Marã e'ipe Îudeus i piaretá i xupé?
"Que disseram os judeus, acusandoo?","Marã e'ipe îudeus i xupé, i mombegûabo?","Marã e'ipe Îudeus i xupé, i mombegûabo?","Marã e'ipe îudeus i xupé, i mombegûabo?"
Que disse a mulher que guardava a porta a São Pedro?,Marã e'ipe kunhã okena rerekoara S Pedro supé?,Marã e'ipe kunhã okena rerekoara S Pedro supé?,Marã e'ipe kunhã okena rerekoara S Pedro supé?
Como disse aos seus três discípulos após sua entrada no horto?,Marã e'ipe o boîá mosapyr supé mitỹme o iké ré?,Marã e'ipe o boîá mosapyr supé ybyrápe o iké ré?,Marã e'ipe o boîá mosapyr supé mitỹme o iké ré?
Como disse a seu pai antes de morrer?,Marã e'ipe og uba supé o îekyî'îanondé?,Marãpe seni og uba o îekyî'îanondé?,Marã e'ipe og uba supé o îekyî'îanondé?
Como disse Pilatos aos seus aprisionadores?,Marã e'ipe Pilatos serekoaretá supé?,Marã e'ipe Pilatos i boîá supé?,Marã e'ipe Pilatos serekoaretá supé?
"Que disse após provála (isto é, a bebida)?",Marã e'ipe sa'ang' iré?,Marã e'ipe sa'ang' iré?,Marã e'ipe sa'ang' iré?
Como diz o último dos mandamentos da Santa Madre Igreja?,Marã e'ipe Santa Madre Igreja asé rekomonhangaba mondykaba?,Marã e'ipe Tupã tuba mondykaba?,Marã e'ipe Santa Madre Igreja asé rekomonhangaba mondykaba?
"Que disseram seus adversários, indo?",Marã e'ipe supîarûera osóbo?,Marã e'ipe nde u'ubae'yma osóbo?,Marã e'ipe supîarûera osóbo?
"Que disse Deus, vendo seu frouxo pudor?",Marã e'ipe Tupã i tĩîeraba repîaka?,Marã e'ipe Tupã nde rekopoxy repîaka?,Marã e'ipe Tupã i tĩîeraba repîaka?
"Que dizes de costume, ensinando as pessoas?",Marã erép'amẽ eporombo'ebo?,Marã erép'amẽ eporombo'ebo?,Marã erép'amẽ eporombo'ebo?
"Que dizes, de costume, ensinando as pessoas?",Marã erép'amẽ eporombo'ebo?,Marã erép'amẽ eporombo'ebo?,Marã erép'amẽ eporombo'ebo?
como?,marã iabépe? marãpe? marãngatupe? cômodo,marã iabépe? marãpe? marãngatupe? cômodo,marã iabépe? marãpe? marãngatupe? cômodo
"Ah, como será a morte do fulano por aí?",Marã îasûaramo ahẽ kûepe se'õ mã?,Marãpe a'e abá îukáûne?,Marã îasûaramo ahẽ kûepe se'õ mã?
Procedendo de que forma o homem o transgride?,Marã oîkóbo bépe abá i abyû?,Marãba'e ripe abá onhemotimbó?,Marã oîkóbo bépe abá i abyû?
Mas procedendo de que modo se está como amigo do diabo?,Marã oîkóbotepe asé Anhanga rembiaûsubamo sekóû?,Marã oîkóbotepe asé Anhanga irũmo sekóû?,Marã oîkóbotepe asé Anhanga rembiaûsubamo sekóû?
Por qual estado seu transparecia sua angústia?,Marã sekó resépe i angekoaíba îekuabi?,Mamõ estado pupé i angekoaíba îekosubyne?,Marã sekó resépe i angekoaíba îekuabi?
Por que será que ele não vem?,Marã serã ture'ymi?,Marã serã ture'ymi?,Marã serã ture'ymi?
Como assim? Diante de uma madeira a gente faz reverência?,Marã? Ybyrá supé nhẽpe asé îerokyû?,Marã oîkóbo bépe asé îerokyû ybyrá supé?,Marã? Ybyrá supé nhẽpe asé îerokyû?
adoecer,mara'ar,mara'ar,mara'ar
envergonhado,mara'ar (v mara'ara) envergonhar,moten,mara'ar (v mara'ara) envergonhar
doença,mara'ara; mba'easy,korõi,mara'ara; mba'easy
"o doente, o que está doente",mara'asara,mara'asara,mara'asara
Que espécie de mulher é Santa Maria?,Marãba'e kunhãpe Santa Maria?,Marãba'e kunhãpe Santa Maria?,Marãba'e kunhãpe Santa Maria?
Que tipo de mulher é Santa Maria?,Marãba'e kunhãpe Santa Maria?,Marãba'e kunhãpe Santa Maria?,Marãba'e kunhãpe Santa Maria?
Que tipo de caça queres comer?,Marãba'e so'o ereî'useî?,Marãba'e so'o ereîpotar?,Marãba'e so'o ereî'useî?
Que tipo de coisa será que é isto?,Marãba'ep'iã ri?,Marãba'ep'iã ri?,Marãba'ep'iã ri?
De que espécie será que é isto? (ou Que será que é isto?),Marãba'ep'iã ri?,Marãba'ep'iã ri?,Marãba'ep'iã ri?
Como será que um habitante do inferno viveria neste mundo se Deus o fizesse viver fora dali um mês?,Marãete'ĩ ra'umope amõ Anhanga ratá pora rekóû ikó 'ara pupé oîepé îasy Tupã ebanoĩ suí o moingobérememo?,Marãeté'ĩ ra'umope amõ Anhanga ratá pora rekóû ikó 'ara pupé oîepé îasy Tupã ebanoĩ suí o moingobérememo?,Marãeté'ĩ ra'umope amõ Anhanga ratá pora rekóû ikó 'ara pupé oîepé îasy Tupã ebanoĩ suí o moingobérememo?
Como será que um habitante do inferno viveria neste mundo se Deus o fizesse viver fora dali um mês?,Marãeté'ĩ ra'umope amõ Anhanga ratá pora rekóû ikó 'ara pupé oîepé îasy Tupã ebanoĩ suí o moingobérememo?,Marãeté'ĩ ra'umope amõ Anhanga ratá pora rekóû ikó 'ara pupé oîepé îasy Tupã ebanoĩ suí o moingobérememo?,Marãeté'ĩ ra'umope amõ Anhanga ratá pora rekóû ikó 'ara pupé oîepé îasy Tupã ebanoĩ suí o moingobérememo?
Como será que um habitante do inferno viveria neste mundo se Deus o fizesse viver fora dali um mês?,Marãeté'ĩ ra'umope amõ Anhanga ratá pora rekóû ikó 'ara pupé oîepé îasy Tupã ebanõî suí o moingobérememo?,Marãeté'ĩ ra'umope amõ Anhanga ratá pora rekóû ikó 'ara pupé oîepé îasy Tupã ebanoĩ suí o moingobérememo?,Marãeté'ĩ ra'umope amõ Anhanga ratá pora rekóû ikó 'ara pupé oîepé îasy Tupã ebanoĩ suí o moingobérememo?
Como será que um habitante do inferno viveria neste mundo?,Marãeté'ĩ ra'umope amõ Anhanga ratá pora rekóû ikó 'ara pupé?,Marãeté'ĩ ra'umope amõ Anhanga ratá pora rekóû ikó 'ara pupé?,Marãeté'ĩ ra'umope amõ Anhanga ratá pora rekóû ikó 'ara pupé?
Como estava Jesus quando ele o fez sair?,Marãete'ĩpe Jesus o enosẽme?,Marãpe Jesus sekóû i xuí?,Marãete'ĩpe Jesus o enosẽme?
Como vos parece?,Marãete'ĩpipó peẽmo?,Marãpe nde monhanga?,Marãete'ĩpipó peẽmo?
Invocaram falsos ditos contra ele,Marã'etenhẽa osekyî i xupé,Aîonong i nhe'enga,Marã'etenhẽa osekyî i xupé
"Ah, que bom seria a morte do fulano por aí!",Marãîasûaramo ahẽ kûepe se'õ mã!,Marãîasûaramo ahẽ kûepe se'õ mã!,Marãîasûaramo ahẽ kûepe se'õ mã!
Que bom seria se eu fosse!,Marãîasûaramo asó mã!,Marãîasûaramo asó mã!,Marãîasûaramo asó mã!
"Ah, que bom seria minha morte ao me batizar o padre, antes de eu pecar",Marãîasûaramo temõ abaré xe 'apiramõneme xe angaîpab'e'ymebé xe re'õ mã!,Marãîasûaramo temõ xe re'õ îanondé mã!,Marãîasûaramo temõ abaré xe 'apiramõneme xe angaîpab'e'ymebé xe re'õ mã!
"Ah, que bom seria se Deus me levasse!",Marãîasûaramo Tupã xe rerasóû mã!,Marãîasûaramo Tupã xe rerasóû mã!,Marãîasûaramo Tupã xe rerasóû mã!
"Ah, oxalá ele viesse!",Marãîasûaramo turi mã!,"Té, temõ oú mã!",Marãîasûaramo turi mã!
"Ah, que bom seria se eu tivesse ido ontem!",Marãîasûaramo xe sóû kûesé mã!,Kûesé xe só temõ mã!,Marãîasûaramo xe sóû kûesé mã!
chocalho,maraká,aka,maraká
maracá,maraká,aîpi 'y,maraká
O que acredita na dança do chocalho,Maraká poraseîa rerobîasara,Moraseîa pupé îerobîasara,Maraká poraseîa rerobîasara
Procedo muito mal,Marãmarã tenhẽ aîkó,Aîetu'umarangatu,Marãmarã tenhẽ aîkó
"Que coisas, pois, hoje eu fiz?",Marãmarãpakó îeí xe rekóû?,Marãpakó îeí xe rekóû?,Marãmarãpakó îeí xe rekóû?
"Que coisas, pois, eu fiz hoje?",Marãmarãpakó îeí xe rekóû?,Marãpakó îeí xe rekóû?,Marãmarãpakó îeí xe rekóû?
Quais são os nomes da Santíssima Trindade?,Marãmarãpe Santíssima Trindade rera?,Marãpe Santíssima Trindade rera?,Marãmarãpe Santíssima Trindade rera?
Por que ele vive tendo coisas boas mais que eu?,Marãmo ahẽ rekóû o mba'ekaturamo xe suí?,Marãmo ahẽ rekókatueté i xuí?,Marãmo ahẽ rekóû o mba'ekaturamo xe suí?
Por que ele vive tendo coisas boas mais que eu?,Marãmo ahẽ rekóû o mba'ekaturamo xe suí?,Marãmo ahẽ rekókatueté i xuí?,Marãmo ahẽ rekóû o mba'ekaturamo xe suí?
Por que não seriam muito fortes?,Marãmo satãngatue'ymamo?,Marãpe nd'onherane'ymi?,Marãmo satãngatue'ymamo?
lutar,marãmonhang,marãtekó,marãmonhang
ir para a guerra,marãmonhangápe só,marana kûara,marãmonhangápe só
Por que razão eu o levaria?,Marãmope xe serasóû?,Marãmope xe serasóû?,Marãmope xe serasóû?
furioso,marãmotar (v marãmotara) furo,mari,marãmotar (v marãmotara) furo
fúria,marãmotara,angekoam,marãmotara
combate,marana,marãtekó,marana
Quando a guerra for aquilo que é justo,Marana supikatundûaramo sekóreme é,Marana tekokatu resé oîkóbo,Marana supikatundûaramo sekóreme é
"a vanguarda da guerra, o que vai à frente dos outros na guerra (para obter informações do campo inimigo)",marana tĩapyra,"marana rekobîápe, marãmotarûera amõ resé i xóû",marana tĩapyra
guerra,marana; giiarini # ir à guerra: giiarini,marãtekó,marana; giiarini # ir à guerra: giiarini
"Por que, quando os inimigos cercam tua terra, o dia todo e a noite toda, estás preocupandote com eles, não dormindo?","Marãnamopakó tobaîara nde retama pîareme ko'arapukuî pysaré ereîkó sesé enhemosako'îabo, ekere'yma?","Marãpe nd'oîeîái, nd'oîkotebẽî, nde anama nde ri oîogûerekóbo ko'arapukuî pysaré?","Marãnamopakó tobaîara nde retama pîareme ko'arapukuî pysaré ereîkó sesé enhemosako'îabo, ekere'yma?"
Por que a gente se persignará muitas e muitas vezes?,Marãnamope asé îobasabetáetáûne?,Marãnamope asé îemongaraíbi?,Marãnamope asé îobasabetáetáûne?
"Por que a gente em sua boca a assinala também (isto é, a cruz)?",Marãnamope asé o îurupe sa'angino?,Marãnamope asé îurupe sa'angino?,Marãnamope asé o îurupe sa'angino?
Por que a gente a põe em seu próprio peito?,Marãnamope asé o poti'ape i moíni?,Marãnamope asé o poti'ape i moíni?,Marãnamope asé o poti'ape i moíni?
Por que a gente põe a cruz na testa?,Marãnamope asé o sybápe îoasaba moíni?,Marãnamope asé o sybápe îoasaba moíni?,Marãnamope asé o sybápe îoasaba moíni?
Por que a gente reconhece o dia dos santos?,Marãnamope asé santos 'ara kuabi?,Mba'erama resépe asé santos valentinos momba'etéû?,Marãnamope asé santos 'ara kuabi?
"Por que tu me abandonaste, ó meu senhor?","Marãnamopiã xe pe'a îepé, pa'i gûé?","Marãnamopiã xe raûsub, xe îar?","Marãnamopiã xe pe'a îepé, pa'i gûé?"
"Ele, de costume, agiria de outra maneira (isto é, se ele agiu assim é porque deves ter feito alguma coisa)",Marandé ipó ahẽ rekóû nhandu,Marandé ipó ahẽ rekóû nhandu,Marandé ipó ahẽ rekóû nhandu
"Agiste como não devias, certamente",Marandé ipó ereîkó,Nde îatisuká îepé,Marandé ipó ereîkó
Mas quando a gente se benzerá?,Marãnemetepe asé îobasabine?,Marãnemetepe asé îobasabine?,Marãnemetepe asé îobasabine?
saúde,marane'yma,tesãîa,marane'yma
Pensando falsamente que ele é o que tem a saúde,Marane'ymyîaramo sekó mo'anga'upa,I pûera o'amyîea'uba,Marane'ymyîaramo sekó mo'anga'upa
rarissimamente,marangatuabé é,(de h e m): ee; (de b): pá,marangatuabé é
Os beatos e os santos que Deus faz ir consigo para o céu são muitos,Marangatuba'e santos ybakype Tupã remieroîeoîa setá,Marangatuba'e santos ybakype Tupã remieroîeoîaetá,Marangatuba'e santos ybakype Tupã remieroîeoîa setá
"Os bemaventurados e os santos no céu, que vêem a Deus, ultrapassam o número dos dias que o ano tem",Marangatuba'e santos ybakype Tupã repîakaretá osasá 'ara ro'y remierekó papasaba,"I Tupã sy, santos ybakype, Tupã repîakaretá, osasá 'ara repîakûera","Marangatuba'e santos ybakype, Tupã repîakaretá, osasá 'ara ro'y remierekó papasaba"
"Os bemaventurados e os santos no céu, que vêem a Deus, ultrapassam o número dos dias que o ano tem","Marangatuba'e santos ybakype, Tupã repîakaretá, osasá 'ara ro'y remierekó papasaba","I Tupã sy, santos ybakype, Tupã repîakaretá, osasá 'ara repîakûera","Marangatuba'e santos ybakype, Tupã repîakaretá, osasá 'ara ro'y remierekó papasaba"
"Os bemaventurados e os santos no céu, que vêem a Deus, ultrapassam o número dos dias que o ano tem","Marangatuba'e, santos ybakype, Tupã repîakaretá, osasá 'ara ro'y remierekó papasaba","I Tupã sy, santos ybakype, Tupã repîakaretá, osasá 'ara repîakûera","Marangatuba'e santos ybakype, Tupã repîakaretá, osasá 'ara ro'y remierekó papasaba"
"Os bemaventurados e os santos no céu, que vêem a Deus, ultrapassam o número dos dias que o ano tem","Marangatuba'e, Santos, ybakype Tupã repîakaretá, osasá 'ara ro'y remierekó papasaba","I Tupã sy, santos ybakype, Tupã repîakaretá, osasá 'ara repîakûera","Marangatuba'e santos ybakype, Tupã repîakaretá, osasá 'ara ro'y remierekó papasaba"
largamente,marangatueté,ka'apílanama,marangatueté
Como será que estão minhas amantes?,Marãngatupakó xe agûasá rekóû ri?,Marãngatupakó xe agûasá rekóû ri?,Marãngatupakó xe agûasá rekóû ri?
Como a gente procederá para obedecer a Deus?,Marãngatupe asé rekóû Tupã o apîaraûama rine?,Marãngatupe asé rekóû Tupã o apîaraûama rine?,Marãngatupe asé rekóû Tupã o apîaraûama rine?
"Como a gente se porta, entrando na igreja?",Marangatupe asé rekóû Tupãokype oîkŷabo?,Marãpe asé rekóû Tupãokype oîkŷabo?,Marangatupe asé rekóû Tupãokype oîkŷabo?
de que parte? de que lado? (mais específico que mamõ suí?  donde?),marãngoty suí?,Abápe aîpó?,marãngoty suí?
"Em que direção eram, pois, meus atos passados?",Marangotypakó xe rekopûera é?,Marãngotype xe rekopûera é?,Marangotypakó xe rekopûera é?
Em que lado porá os que são bons?,Marangotype i angaturamba'e nongine?,Abápe i angaturamba'e nongine?,Marangotype i angaturamba'e nongine?
"Para onde meus amigos foram, sem mais?",Marãngotype xe îekotyasaba sóû'ĩ,Marãngotype xe îekotyasaba sóû'ĩ,Marãngotype xe îekotyasaba sóû'ĩ
Ajo mal,Marani aîkó,Aîapẽmbeba,Marani aîkó
"Embora não agisse ela velhacamente, bateste com o pau na tua esposa","Marani n'oîkóî îepé, ereropûar ybyrá nde remirekó resé!","Na xe ymûan be'ĩ, ereîapi nde remirekó supé","Marani n'oîkóî îepé, ereropûar ybyrá nde remirekó resé!"
Por que minha mãe me deu à luz outrora?,Marãpakó xe sy xe mbo'ari erimba'e?,Marãpakó xe sy xe ra'ari erimba'e?,Marãpakó xe sy xe mbo'ari erimba'e?
Que faziam aí os que ele faria sair consigo?,Marãpe a'e semienosegûama rekóû a'epe?,Marãpe a'epe semienosegûama rekóû a'epe?,Marãpe a'e semienosegûama rekóû a'epe?
Qual é o outro meio de curar nossa alma?,Marãpe amoaé îandé 'anga posanongaba?,Marãpe amoaé asé rekóû asé 'anga moasŷabo?,Marãpe amoaé îandé 'anga posanongaba?
Como ele nos fez?,Marãpe asé monhangi?,Marãpe asé monhangi?,Marãpe asé monhangi?
"Como a gente faz à tarde, antes de dormir?","Marãpe asé rekóû karukeme, o kery îanondé?","Marãpe asé rekóû karukeme, îanondé?","Marãpe asé rekóû karukeme, o kery îanondé?"
Como a gente procede para o cumprimento da vontade de Deus?,Marãpe asé rekóû Tupã remimotara moporagûama resé,Marãpe asé rekóû Tupã remimotara moporagûama resé,Marãpe asé rekóû Tupã remimotara moporagûama resé
Que fazem conosco os que nos batizam?,Marãpe asé rerokara asé rerekóû?,Marãpe asé rerekoara asé rerekóû?,Marãpe asé rerokara asé rerekóû?
"Como ages embriagandote de cauim? Fazes o que não deves, então?",Marãpe ereîkó kaûĩ suí esabeypó? Ereîkomemûãpe a'ereme?,Marã e'ipe kaûĩ resé o nhe'enga moîarupa?,Marãpe ereîkó kaûĩ suí esabeypó? Ereîkomemûãpe a'ereme?
Que fazes?,Marãpe ereîkó?,Marãpe ereîkó?,Marãpe ereîkó?
Por que libertas aquele por quem nos cansamos?,Marãpe ereîpysyrõ oré kane'õagûera?,Marãpe ereîpysyrõ oré kane'õagûera?,Marãpe ereîpysyrõ oré kane'õagûera?
Por que bates em mim?,Marãpe erepûar xe resé?,Marãmope xe ri opûá?,Marãpe xe ri erepûá?
"Que fez antes de morrer, estando pronto?",Marãpe erimba'e sekóû o e'õ îanondé o ekoaûîéramo?,Marãpe erimba'e sekóû o e'õ îanondé o angaturamo?,Marãpe erimba'e sekóû o e'õ îanondé o ekoaûîéramo?
Que fez Deus outrora com nosso pai primeiro por causa de seu proceder assim?,Marãpe erimba'e Tupã îandé rubypy rerekóû emonã sekoagûera ri?,Marãpe erimba'e Tupã îandé rubypy rerekóû emonã sekoagûera ri?,Marãpe erimba'e Tupã îandé rubypy rerekóû emonã sekoagûera ri?
"Como os soldados que o agarravam trataramno, então?",Marãpe gûarinĩetá i pysykara serekóû a'ereme?,Marãpe i xupé morangygûara serekóû semiaûsuîa?,Marãpe gûarinĩetá i pysykara serekóû a'ereme?
Como Herodes mandou tratálo então?,Marãpe Herodes serekóukari a'epe?,Marãpe Herodes serekóukari a'epe?,Marãpe Herodes serekóukari a'epe?
"Como seus discípulos procederam, vendo tratar assim a seu senhor?",Marãpe i boîá rekóû emonã o îara rerekó repîaka?,Marãpe i boîá rekóû o îara rerekó repîaka?,Marãpe i boîá rekóû emonã o îara rerekó repîaka?
Como seus discípulos procederam vendo tratar assim a seu senhor?,Marãpe i boîá rekóû emonã o îara rerekó repîaka?,Marãpe i boîá rekóû o îara rerekó repîaka?,Marãpe i boîá rekóû emonã o îara rerekó repîaka?
Como o saberão?,Marãpe i kugûabine?,Marãpe i kugûabine?,Marãpe i kugûabine?
Qual é o modo verdadeiro de chamar os batizados?,Marãpe i mongaraibypyramo renõîndabeté?,Marãpe nhemongaraibypyramo renõîndabeté?,Marãpe i mongaraibypyramo renõîndabeté?
Como Nosso Senhor a cura?,Marãpe Îandé îara i mombûerabi?,Marãpe Îandé îara i mombûerabi?,Marãpe Îandé îara i mombûerabi?
Qual é o nome do chefe dos anjos que confiam em Deus?,Marãpe karaibebé Tupã resé îerobîasara rubixaba rera?,Marãpe karaibebé Tupã resé îerobîasara rubixaba rera?,Marãpe karaibebé Tupã resé îerobîasara rubixaba rera?
Quais as novidades? Quais as novas?,Marãpe moranduba?,Marãpe moranduba rekóû?,Marãpe moranduba?
Qual é teu nome?,Marãpe nde rera?,Marãpe nde rera?,Marãpe nde rera?
Qual o teu nome de batismo que o padre pôs?,Marãpe nde rerokaba abaré reminongûera?,Marãpe nde rerokaba abaré nde me'engi?,Marãpe nde rerokaba abaré reminongûera?
"E quanto a ti, Boiuçu?","Marãpe nde, Mboîusu?","Marãpe nde, Mboîusu?","Marãpe nde, Mboîusu?"
Por que não queres chorar nem mesmo um pouquinho?,Marãpe nd'ereîase'omirĩngatutenhẽmotari?,Marãpe nd'ereîase'omirĩngatutenhẽmotari?,Marãpe nd'ereîase'omirĩngatutenhẽmotari?
Por que não te escondes?,Marãpe nd'erenhemimi?,Marãpe nd'ereîeapysáî?,Marãpe nd'erenhemimi?
Como o confitente procede?,Marãpe nhemombegûara rekóû?,Marãpe tuîba'e rekóû?,Marãpe nhemombegûara rekóû?
Como seus atos passados serão a causa de vós o derrubardes?,Marãpe sekoagûera peẽ i mbo'aragûama?,Marãpe sekoagûera repyrama resé peîekosubyne?,Marãpe sekoagûera peẽ i mbo'aragûama?
Que fez neste mundo depois que cresceu?,Marãpe sekóû ikó 'ara pupé o kakuab'iré?,Marãpe sekóû ikó 'ara pupé o kakuab'iré?,Marãpe sekóû ikó 'ara pupé o kakuab'iré?
Que farão no céu?,Marãpe sekóû ybakypene?,Marãpe sekóû ybakypene?,Marãpe sekóû ybakypene?
Como estava orando a seu pai?,Marãpe seni og uba mongetábo?,Marãpe i îara nhe'enga?,Marãpe seni og uba mongetábo?
Como o viu se ele é o que não tem corpo?,"Marãpe sepîaki, setee'ymba'eramo sekó e'ymeté?","Marãpe sepîaki, setee'ymba'eramo sekó e'ymeté?","Marãpe sepîaki, setee'ymba'eramo sekó e'ymeté?"
Como o viu se ele não tem corpo?,"Marãpe sepîaki, setee'ymba'eramo sekó e'ymeté?","Marãpe sepîaki, setee'ymba'eramo sekó e'ymeté?","Marãpe sepîaki, setee'ymba'eramo sekó e'ymeté?"
Que fizeram com ele antes de o enterrarem?,Marãpe serekóû i tymy îanondé?,Marãpe serekóû i tymy îanondé?,Marãpe serekóû i tymy îanondé?
"Como os inimigos e os soldados, apanhandoo, trataramno, então?","Marãpe tobaîaretá, maranaritekoara, i pysyka, serekóû a'ereme?","Marãpe tobaîaretá, maranaritekoara, i pysyka ré, i moerapûanaí?","Marãpe tobaîaretá, maranaritekoara, i pysyka, serekóû a'ereme?"
Como Deus fará com os que os cumprem?,Marãpe Tupã i moposara rerekóûne?,Marãpe Tupã i îerobîasara rerekóûne?,Marãpe Tupã i moposara rerekóûne?
Que faz o comungante para fazer Deus ficar consigo?,Marãpe Tupã rasara rekóû o îoesé Tupã mombytábo?,Marãpe Tupã remime'engagûera rekóû i îekûabamo?,Marãpe Tupã rasara rekóû o îoesé Tupã mombytábo?
Por que bates em mim?,Marãpe xe ri erepûá?,Marãmope xe ri opûá?,Marãpe xe ri erepûá?
Como o trataram ao dizer ele isso?,Marãpe ybŷá serekóû aîpó i 'ereme?,Marãeté'ĩpe aîpó i 'ereme?,Marãpe ybŷá serekóû aîpó i 'ereme?
"Que fizeram, querendo aproximálos?",Marãpe ybŷá serekóû i mondyka potá?,Marãpe ybŷá serekóû i mondyka?,Marãpe ybŷá serekóû i mondyka potá?
qual?,marãpe?; mba'epe?; umãba'epe?; (quais?): marã,nãbo?; nãmo?; mobype?,marãpe?; mba'epe?; umãba'epe?; (quais?): marã
por que seria que? por que razão haveria de?,marãpemo?,marãpemo?,marãpemo?
"Como sois vós, por acaso?",Marãpiang peẽ?,Mobype peẽ?,Marãpiang peẽ?
"Quais as novidades, por acaso?",Marãpipó moranduba?,Marãpe peẽ mba'ekatu?,Marãpipó moranduba?
1) quê? que dizes? (como o que não entendeu bem o que outrem disse ou respondendo ao que chamou),marãpipó?,Marãpipó?,marãpipó?
"Qual era, mesmo, o nome dele?",Marãtakó ahẽ rera?,Marãpe nde rera?,Marãtakó ahẽ rera?
Qual era mesmo o nome dele?,Marãtakó ahẽ rera?,Marãpe nde rera?,Marãtakó ahẽ rera?
Os que moram em Maratauá acreditam em minhas palavras,Marataûãme tekoara ogûerobîá xe nhe'enga,Marataûãme tekoara ogûerobîá xe nhe'enga,Marataûãme tekoara ogûerobîá xe nhe'enga
"Os que estão em Maratauá acreditam em minhas palavras, entregando suas almas em minhas mãos","Marataûãme tekoara ogûerobîá xe nhe'enga, xe pópe o 'anga me'enga","Marataûãme tekoara ogûerobîá xe nhe'enga, xe pópe o py'a me'enga","Marataûãme tekoara ogûerobîá xe nhe'enga, xe pópe o 'anga me'enga"
luta,marãtekó,marãtekó,marãtekó
trabalho,marãtekó; marãtekoaba; pora byky2 (m),temimotara,marãtekó; marãtekoaba; pora byky2 (m)
trabalhador (s),marãtekoara,marãtekoara,marãtekoara
Qual outro é guerreiro senão ele?,Maratekoara aéamẽ ahẽ?,Abápe maranirũ taté?,Maratekoara aéamẽ ahẽ?
inocente (s),marãtekoarfiere'yma insistir,(intr): nhemongyrá; (tr): mongyrá engrandecer (= tornar grande),marãtekoarfiere'yma insistir
O que pede ao pajé por trabalhos,Marãtekorama resé paîé mongetasara,Marãtekorama resé aporombo'eboara,Marãtekorama resé paîé mongetasara
Mas que faremos com estas muitíssimas riquezas?,Marãtepe ang mba'ekatupabẽ orogûerekóne?,Marãtepe angá ké îepotaramo asé rekóû?,Marãtepe ang mba'ekatupabẽ orogûerekóne?
"E pois, como há de ser?",marãtepene?,Marã îasûaramo é?,marãtepene?
"E, pois, como há isto de ser?",marãtep'iãne?,marãtep'iãne?,marãtep'iãne?
zangado,mari,mari,mari
Que alegremos a Maria,Maria t'îambory,Maria t'îambory,Maria t'îambory
"Que a Maria alegremos, a lei do diabo repelindo","Maria t'îambory, Anhanga rekó reîyîa","Eîá Maria, Anhanga rekó momburûara","Maria t'îambory, Anhanga rekó reîyîa"
"Maria, mulher bondosa, engravidando, conforme dizem, o vício amaldiçoa","Maria, kunhãngatu, o puru'aramo, ra'e, tekopoxy oîmomburu","Maria, kunhãngatu, o puru'aramo, ra'e, tekopoxy mondarõsara","Maria, kunhãngatu, o puru'aramo, ra'e, tekopoxy oîmomburu"
navalha,marupá,nhü,marupá
ótimo,matueté,katu,matueté
vistoso,matueté; aysó,a'ang (s),matueté; aysó
alhurcs,mba’e ambapyr ,aîpi 'y,mbae ambapyr 
mortandade de gente,mbaba,morapitîara,mbaba
"o que porta pestes, coisa pestilencial",mbabyîara,mboîasy porarábo,mbabyîara
algo,mba'e,erekó,mba'e
bens,mba'e,mba'e,mba'e
riqueza,mba'e,se,mba'e
Qual é também o alimento de nossa alma?,Mba'e abépe asé 'anga remi'u?,Mba'e abépe asé 'anga remi'u?,Mba'e abépe asé 'anga remi'u?
Semelhante a que coisa era o suor dele?,Mba'e abyare'ymape syaîa?,Mba'epe Îipiré pitĩnamo?,Mba'e abyare'ymape syaîa?
É coisa que falta,Mba'e angaba'eamẽ,I abaeté,Mba'e angaba'eamẽ
Que índios são esses?,Mba'e apŷabap'aîpó?,Abáabápe kó apŷaba?,Mba'e apŷabap'aîpó?
Tornando possíveis coisas que são difíceis,Mba'e i abaiba'e moabaibe'yma,Mba'e i abaiba'e moabaibe'yma,Mba'e i abaiba'e moabaibe'yma
A gente pede a Deus somente pelas coisas que deve comer?,Mba'e i 'upyra resé nhõpe asé îeruréû Tupã supé?,Oîeruré îandé îoesé Tupã supé o mba'e gûabo nhõ?,Mba'e i 'upyra resé nhõpe asé îeruréû Tupã supé?
o ocultamento das coisas,mba'e kuakubagûera,mba'e sekónhemima,mba'e kuakubagûera
"Semelhante a que é essa graça, o meio de fazêlos bons?",Mba'e nungarape aîpó graça i moangaturãsaba?,Mba'e nungarape aîpó i angaturãsaba?,Mba'e nungarape aîpó graça i moangaturãsaba?
coisas que costuma sofrer,mba'e o emimboraratyba,mba'easybora remimborará,mba'e o emimboraratyba
Para as coisas que costuma sofrer não tendo paciência,Mba'e o emimborarátyba supé og osange'ymamo,Mba'easy resé o akangaóîe'yma,Mba'e o emimborarátyba supé og osange'ymamo
dor (em sentido genérico),mba'e rasy,mba'e rasy,mba'e rasy
"o que anuncia as coisas, o pregador",mba'e reronhe'engara,mba'e rerosapukaîtara,mba'e rerosapukaîtara
"o que anuncia as coisas, o pregador",mba'e rerosapukaîtara,mba'e rerosapukaîtara,mba'e rerosapukaîtara
lembrança das coisas,mba'e resé ma'enduasaba,mba'e resé ma'enduasaba,mba'e resé ma'enduasaba
Sentir o toque nas coisas,Mba'e resé mokoka anduba,Aîkuabe'ube'u,Mba'e resé mokoka anduba
Suas antigas lembranças das coisas aí se retirarão,Mba'e resé o nhemoma'enduaragûera a'epe onhenosẽne,Mba'e resé o nhemoma'enduaragûera a'epe o emimborarátyba,Mba'e resé o nhemoma'enduaragûera a'epe onhenosẽne
por quê?,mba'e resé?,mba'e resé?,mba'e resé?
Que coisa buscas?,Mba'e resépe ereîkó?,Ma'epe ereîekûá?,Mba'e resépe ereîkó?
"Por que vieste, ó meu muito amado?",Mba'e resépe ereîur xe remiaûsukatu gûi?,Mba'e resépe ereîur xe remiaûsukatu gûi?,Mba'e resépe ereîur xe remiaûsukatu gûi?
Por que põe sal bento na boca da gente?,Mba'e resépe îukykaraíba mondebi asé îurupe?,Mba'erama ripe îatyki îytepe asé îuru resé?,Mba'e resépe îukykaraíba mondebi asé îurupe?
cheirando as coisas,mba'e retuna,mba'e andub,mba'e retuna
"Se uma coisa que é muito saborosa enjoa, comendoa muito, eis que tanto mais tu expelirás o que não é coisa boa","Mba'e sekatuba'e abiã oîmoting i 'uetébo, memetiã nde nda mba'ekatu ruã euĩ ereîmo'ẽ","Mba'eeté o 'anga moapysykápe, o 'uetébo tenhẽ, o 'anga moapysykamo, o 'anga moapysykamo, o 'anga moberapysykamo","Mba'e sekatuba'e abiã oîmoting i 'uetébo, memetiã nde nda mba'ekatu ruã euĩ ereîmo'ẽ"
para quê? para que coisa? a quê?,mba'e supé?,mba'e supé?,mba'e supé?
A que coisa chamamos graça?,Mba'e supépe asé graça i 'éû?,Mba'e supépe asé graça i 'éû?,Mba'e supépe asé graça i 'éû?
O oposto do comer demais é comer somente o suficiente,Mba'e 'uetéeté robaîara oîá nhote mba'e 'u,I 'uetébo nhẽ o mba'e'ĩamo,Mba'e 'uetéeté robaîara oîá nhote mba'e 'u
outra coisa,mba'eaé,mba'eaé,mba'eaé
Reprimir o desejo de coisas más,Mba'eaípotara renonhena,Mba'eaípotara renonhena,Mba'eaípotara renonhena
"coisa quente, quentura",mba'eakuba,mba'eakuba,mba'eakuba
"Estando a destilar coisa quente, coisa muito amarga","Mba'eakuba, mba'erobeté tukutuku okûapa",Mba'e i agûababa'e retuna,"Mba'eakuba, mba'erobeté tukutuku okûapa"
coisa rapada,mba'eapina,iî aoba'e,mba'eapina
Suportando as coisas dolorosas por causa de Deus,Mba'easy porarábo Tupana resé,Îarekóangaîpaba Tupã resé,Mba'easy porarábo Tupana resé
"doença superficial, indisposição, doença fraca",mba'easyaíba,mba'e rasy,mba'easyaíba
Fazendo o doente ter esperança,Mba'easybora moîerobîaruká,Mba'easybora porarábo o îerobîasabamo,Mba'easybora moîerobîaruká
o doente que está ao teu lado,mba'easybora nde kotypendûara,mba'easybora nde kotypendûara,mba'easybora nde kotypendûara
Não chamando o padre para o doente que está consigo,Mba'easybora o îoesendûara supé abaré renõîe'yma,Na abaré ruã nde pyri mba'easybora rekóû,Mba'easybora o îoesendûara supé abaré renõîe'yma
"Ao se aproximar o doente de sua agonia, que mande chamar o padre, o que põe o óleo bento","Mba'easybora o mara'ara kakareme t'osenõîukar abaré, îandykaraíba nongara","Mba'easybora o mara'ara rerobyka t'osenõîukar abaré, îandykaraíba nongara","Mba'easybora o mara'ara kakareme t'osenõîukar abaré, îandykaraíba nongara"
"Ao se aproximar o doente da agonia, que mandem chamar o padre","Mba'easybora o mara'ara kakareme, t'osenõîukar abaré",Mba'easybora o mara'ara pupé t'osenõîukar abaré,"Mba'easybora o mara'ara kakareme, t'osenõîukar abaré"
A água benta é o que faz abrandar também o que os doentes sofrem,Mba'easybora remimborará moarybéukasara bé 'ykaraíba,Mba'easybora rerekoara bé 'ykaraíba,Mba'easybora remimborará moarybéukasara bé 'ykaraíba
Ver os doentes,Mba'easybora repîaka,Mba'easybora repîaka,Mba'easybora repîaka
"Mas os doentes a comem, bem certamente",Mba'easyborate aîekatu i 'uû,Mba'easyborate aûîeramanhẽ i 'uû,Mba'easyborate aîekatu i 'uû
Coisa beiçuda!,Mba'eembegûasu!,Mba'eembegûasu!,Xe rembegûasu Eu tenho beiço grande Mba'eembegûasu!
Que coisa é que fica batendo no rosto de seu próprio chefe?,Mba'eembiarĩpakó og ubixaba robá resé opûáopûar?,Mba'epe tuîba'e tobasy xe îara robá resé?,Mba'eembiarĩpakó og ubixaba robá resé opûáopûar?
"Coisa muito boa é a confissão, como modo de impedir, também, tua ida para o inferno",Mba'eeté anhẽ nhemombe'u Anhanga ratápe nde sorambûera morambûesabamono,"Mba'eeté anhẽ nhe'enga anhẽ, te'õpe nde só abé t'ereîekosub umẽ",Mba'eeté anhẽ nhemombe'u Anhanga ratápe nde sorambûera morambûesabamono
"Coisa muito boa é a confissão, que Deus fez como modo de aplacálo neste mundo",Mba'eeté anhẽ nhemombe'u Tupã remimonhangûera ikó 'ara pupé o monhyrõsabamo,Mba'eeté anhẽ rakó marãtekoagûera Tupã remimonhangûera ikó 'ara pupé i monhyrõsabamo,Mba'eeté anhẽ nhemombe'u Tupã remimonhangûera ikó 'ara pupé o monhyrõsabamo
Coisa muito boa é uma grande bebedeira,Mba'eeté ka'ugûasu,Mba'eeté ka'ugûasu,Mba'eeté ka'ugûasu
"Coisa muito boa é uma grande bebedeira, ficar vomitando cauim","Mba'eeté ka'ugûasu, kaûĩ moîebyîebyra","Mba'eeté ka'ugûasu, i apysykyîe'yma","Mba'eeté ka'ugûasu, kaûĩ moîebyîebyra"
verdade,mba'eeté; supindftara,eté ,mba'eeté; supindftara
pobre,mba'ee'ym/a,mba'ee'ym/a,mba'ee'ym/a
pobreza,mba'ee'yma,mba'ee'ym/a,mba'ee'yma
"Como um pobre, tomou a casa dos animais de criação como sua pousada",Mba'eîare'yma îabé so'o mimbaba roka ogûâr og upabamo,Mba'ee'yma suí so'o roka ogûâr og upabamo,Mba'eîare'yma îabé so'o mimbaba roka ogûâr og upabamo
gordura de animal,mba'ekagûera,mboîa ku'a,mba'ekagûera
ossada (de animal),mba'ekangûera,so'o,mba'ekangûera
Não dando para seu dono a coisa sumida que ele achou,Mba'ekanhema o basemagûera i îara supé i me'enge'yma,Mba'ekanhema o basemagûera o îara supé onhemombe'ue'yma,Mba'ekanhema o basemagûera i îara supé i me'enge'yma
"sábio fingido, pseudosábio",mba'ekugûapara'uba,angaingaibora,mba'ekugûapara'uba
Que coisas quer o diabo?,Mba'emba'epe Anhanga oîpotar?,Mba'emba'epe Anhanga oîpotar?,Mba'emba'epe Anhanga oîpotar?
"Que deve ser ungido de nós (isto é, de nosso corpo)?",Mba'emba'epe asé suí i pitubypyra?,Mba'emba'epe asé suí i mosemymbyra?,Mba'emba'epe asé suí i pitubypyra?
Que é ungido de nós? Nossas ancas,Mba'emba'epe asé suí i pitubypyra? Asé rumby,Mba'emba'epe asé suí i mombegûabo? asé atukupé,Mba'emba'epe asé suí i pitubypyra? Asé rumby
"Quais são, por acaso, as ocasiões de se ter medo da morte?",Mba'emba'epiã te'õ suí nheangûaba?,Mba'epe abá re'õ suí onheangûabo?,Mba'emba'epiã te'õ suí nheangûaba?
Em que situações a gente reza para ele?,Mba'emba'eremepe asé îeruréû i xupé?,Mba'emba'eremepe asé îeruréû i xupé?,Mba'emba'eremepe asé îeruréû i xupé?
Constantemente,Mba'emba'eremepe asé îeruréû i xupé? Îepi nhẽ  Em que ocasiões a gente reza para eles?,Memẽ nhẽ,Mba'emba'eremepe asé îeruréû i xupé? Îepi nhẽ Em que ocasiões a gente reza para eles?
Em que ocasiões a gente se confessará?,Mba'emba'eremepe asé nhemombe'une?,Mba'emba'eremepe asé îeruréû Tupã supé?,Mba'emba'eremepe asé nhemombe'une?
Se eu tivesse ido,Mba'emeémo asó,Ixé gûixóbo,Mba'emeémo asó
Muitíssimas coisas más eles acharão,Mba'ememûãngatupabẽ resé i îekosubyne,Mba'ememûãngatupabẽ resé i îekosubyne,Mba'ememûãngatupabẽ resé i îekosubyne
Dizendo isso por pequenas coisas,Mba'emirĩ resé aîpó o'îabo,Mba'emirĩ suí aîpó o'îabo,Mba'emirĩ resé aîpó o'îabo
"Nem sequer uma pequena coisa, nem um só pequeno ato das pessoas omitirseá, então","Mba'emirĩ tiruã, abá rekoagûerĩ oîenosem a'epene","Mba'emirĩ tiruã, abá rekómirĩ tiruã i nhyrõ îepé, sesé oîerekûabamo","Mba'emirĩ tiruã, abá rekoagûerĩ oîenosem a'epene"
Da mesma forma que fulano matou alguém há tempos,Mba'enakó ahẽ amõ îukáû akûeîme,Mba'enakó ahẽ amõ îukáû akûeîme,Mba'enakó ahẽ amõ îukáû akûeîme
Ó coisa fedorenta!,Mba'enemy îu!,Aîpó tekoangaîpaba!,Mba'enemy îu!
Que mais?,Mba'epe amõ?,Mba'epe amõ?,Mba'epe amõ?
Qual é a causa da sujeira de nossa alma?,Mba'epe asé 'anga ky'asabamo?,Mba'epe asé 'anga moxy potá?,Mba'epe asé 'anga ky'asabamo?
"Qual é nosso consolo, então?",Mba'epe asé apysykabamo a'ereme?,Ma'e resépe asé îerobîá?,Mba'epe asé apysykabamo a'ereme?
"Qual é a causa de nossa alegria, então?",Mba'epe asé moesãîndaba a'ereme?,Marãpe oré roryba a'ereme?,Mba'epe asé moesãîndaba a'ereme?
Que será que a gente detestará?,Mba'epe asé ogûeroŷrõ ra'ene?,Mba'epe asé oîkuá seroŷrõmo?,Mba'epe asé ogûeroŷrõ ra'ene?
Que a gente honra ao erguer o padre o cálice da missa?,Mba'epe asé oîmoeté abaré itaîukamusi rupireme?,Mba'epe asé oîmoeté missa kupé abaré supé i mopu'ama?,Mba'epe asé oîmoeté abaré itaîukamusi rupireme?
Que a gente manda pôr em seu aposento como objeto de seu olhar?,Mba'epe asé oîmoinukar o kotype o ma'ẽsabamo?,Ogûatá serã i kotype o ma'ẽsabamo?,Mba'epe asé oîmoinukar o kotype o ma'ẽsabamo?
Que a gente evoca diante dele como sua esperança?,"Mba'epe asé osenõî i xupé, o îerobîasabamo?",Mba'epe asé o nhe'engabamo sekóû?,"Mba'epe asé osenõî i xupé, o îerobîasabamo?"
Qual é a comida de nosso corpo?,Mba'epe asé reté remi'u?,Mba'epe asé reté remi'u?,Mba'epe asé reté remi'u?
Que é o que será mantido para sempre neste mundo?,Mba'epe aûîeramanhẽ serekopyrama ikó 'ara pupé?,Mba'epe aûîeramanhẽ serekopyrama ikó 'ara pupé?,Mba'epe aûîeramanhẽ serekopyrama ikó 'ara pupé?
Nada,Mba'epe aûîeramanhẽ serekopyrama ikó 'ara pupé? Aani ã biã  Que é o que será conservado para sempre neste mundo?,na mba'e ruã; (na neg): mba'e nadar,Mba'epe aûîeramanhẽ serekopyrama ikó 'ara pupé? Aani ã biã Que é o que será conservado para sempre neste mundo?
Aoba Marãba'e? Pykasuaba Que trouxeste dentro de tua caixa? Roupas De que tipo? De pena de pomba,Mba'epe ereru nde karamemûã pupé?,Mba'epe ereru nde kópe?,Mba'epe ereru nde karamemûã pupé?
Que trouxeste dentro de tua caixa?,Mba'epe ererur nde karamemûã pupé?,Mba'epe ereru nde kópe?,Mba'epe ererur nde karamemûã pupé?
"Que transformou outrora em mundo? (isto é, de que fez o mundo?)",Mba'epe erimba'e oîmonhang 'aramo?,Marãpe erimba'e oîmonhang 'ara ko'yré?,Mba'epe erimba'e oîmonhang 'aramo?
Que há aqui semelhante a um canindé azul?,Mba'epe ké kanindeoby îasûara?,Mba'epe ké îagûaraoby îasûara?,Mba'epe ké kanindéoby îasûara?
Que há aqui semelhante a um canindé azul?,Mba'epe ké kanindéoby îasûara?,Mba'epe ké îagûaraoby îasûara?,Mba'epe ké kanindéoby îasûara?
"Que aqui está deitado, aquietandose?",Mba'epe ké tuî opyka?,Eresaírype erimba'e a'epe nde putupabamo?,Mba'epe ké tuî opyka?
Que está deitado aqui?,Mba'epe ké tuî?,Mba'epe i apé?,Mba'epe ké tuî?
Que deram à sua mão direita?,Mba'epe oîme'eng i 'ekatuápe?,Mba'epe oîme'eng i 'ekatuápe?,Mba'epe oîme'eng i 'ekatuápe?
Que puseram sobre sua cabeça?,Mba'epe onong i akanga 'arybo?,Mba'epe onong i akanga 'arybo?,Mba'epe onong i akanga 'arybo?
Uma coroa de espinhos enroscados,Mba'epe onong i akanga 'arybo? Îuatĩapapûara apynha  Que puseram sobre sua cabeça?,Aîkytyngok,Mba'epe onong i akanga 'arybo? Îuatĩapapûara apynha Que puseram sobre sua cabeça?
Qual é a causa de nos amar Santa Maria?,Mba'epe Santa Maria asé raûsupaba?,"Marãnamope asé raûsupa, Santa Maria?",Mba'epe Santa Maria asé raûsupaba?
Que pesa mais ao que está ali do que tudo o que sofre?,Mba'epe sasyeté a'epe tekoara supé opakatu semiporará sosé?,Mba'epe sasyeté a'epe tekoara supé o emimborarátyba sosé?,Mba'epe sasyeté a'epe tekoara supé opakatu semiporará sosé?
Que é mais penoso aos que estão ali?,Mba'epe sasyeté a'epe tekoara supé?,Mba'epe sasyeté a'epe tekoara supé?,Mba'epe sasyeté a'epe tekoara supé?
Qual é o preço delas?,Mba'epe sepyrama?,Mbobype i îeupotá?,Mba'epe sepyrama?
Que é a morte?,Mba'epe te'õ?,Mba'epe te'õ?,Mba'epe te'õ?
Que Deus dará para a gente no céu?,Mba'epe Tupã oîme'eng asébe ybakypene?,Mba'epe Tupã oîme'eng asébe ybakypene?,Mba'epe Tupã oîme'eng asébe ybakypene?
Que é isso? (respondendo ao que chamou),Mba'ep'ipó?,Mba'ep'ipó?,Mba'ep'ipó?
Quê? Que é? (respondendo ao que chamou),Mba'epipó?,Mba'epe?,Mba'epipó?
mexerico,mba'epOera,nhe'engybõ,mba'epOera
Comedor de carne humana!,Mba'eporu!,Abá remi'u!,Mba'eporu!
Dizendo palavras más acerca de coisas nojentas,Mba'epoxy koty onhe'engaíbamo,Mba'epoxy koty onhe'engaíbamo,Mba'epoxy koty onhe'engaíbamo
Dizendo palavras más acerca de coisas nojentas,Mba'epoxy koty onhe'engaíbamo,Mba'epoxy koty onhe'engaíbamo,Mba'epoxy koty onhe'engaíbamo
tua excitação pelas coisas más,Mba'epoxy resé nde ara'a,Mba'epoxy resé nde ara'a,Mba'epoxy resé nde ara'a
O que tolera as pessoas em coisas más,Mba'epoxy resé oporomboryba'e,Mba'epoxy resé oporomboryba'e,Mba'epoxy resé oporomboryba'e
Ó mesquinho repositório de muitíssimas coisas más!,Mba'epoxykatupabẽ rurua'uby gûé!,"Nde, mba'epoxykatu morerekoara!",Mba'epoxykatupabẽ rurua'uby gûé!
Dissestes tolices?,Mba'epûera peîépe?,Ereîmombe'upe marã e'ymeté resé?,Mba'epûera peîépe?
Uma coisa amarga com vinagre misturaram,Mba'epy'aûpîara kaûĩaîasy resé i monani,Mba'ekagûera îekuakuba îekuakuba,Mba'epy'aûpîara kaûĩaîasy resé i monani
Uma coisa amarga misturaram com vinagre,Mba'epy'aûpîara kaûĩaîasy resé i monani,Mba'epoxy resé onong kaûĩaîasy pupé,Mba'epy'aûpîara kaûĩaîasy resé i monani
Por que alguém se casa?,Mba'erama resépe abá mendari?,Mba'erama resépe abá mendari?,Mba'erama resépe abá mendari?
Por que o coloca nos nossos pés?,Mba'erama resépe i nongi asé pype?,Mba'erama resépe i nongi asé pype?,Mba'erama resépe i nongi asé pype?
Por que Deus os deu para a gente?,Mba'erama resépe Tupã i me'engi asébe?,Mba'erama resépe Tupã i me'engi asébe?,Mba'erama resépe Tupã i me'engi asébe?
Para que Deus criou a esposa dele? Para sua futura ajudante,Mba'erama resépe Tupã semirekorama monhangi? I pytybõsarama resé,Mba'erama resépe Tupã semirekorama monhangi? I pytybõsarama resé,Mba'erama resépe Tupã semirekorama monhangi? I pytybõsarama resé
Por que mais a gente reconhece o dia dos santos?,Mba'erama ri bépe asé santos 'ara kuabi?,Mba'epe São Lourenço rekokatueté?,Mba'erama ri bépe asé santos 'ara kuabi?
Por que põe sua saliva no nariz da gente?,Mba'erama ripe asé tĩme o endy moíni?,Marãpe eremombok asé robá resé nde îuru?,Mba'erama ripe asé tĩme o endy moíni?
por que seria que? por que razão haveria de?,mba'eresémo?,marãpemo?,marãpemo?
Estando a destilar coisa muito amarga,Mba'erobeté tukutuku okûapa,Marã i momburu meémo,Mba'erobeté tukutuku okûapa
"Que era, mesmo, aquilo? (como quem se esquece do que passou)",Mba'etakó?,Mba'etakó?,Mba'etakó?
Mas que é que procurais nesta minha terra?,Mba'etepe peseká kó xe retama pupé?,Mba'etepe peseká kó xe retama pupé?,Mba'etepe peseká kó xe retama pupé?
Mas que procurais nesta minha terra?,Mba'etepe peseká kó xe retama pupé?,Marãpe ereîpotar xe retama pupé?,Mba'etepe peseká kó xe retama pupé?
"não é mesmo? (isto é, verás que te digo a verdade)",mba'etepe?,Anhẽpe?,mba'etepe?
Coisa enlameada!,Mba'eu'uma!,Mba'eembegûasu!,Mba'eu'uma!
"Coisa enlameada, porco!","Mba'eu'uma, taîasu!","Mba'epoxy, mba'epoxy!","Mba'eu'uma, taîasu!"
lentamente,mbegfié,mbegüé,mbegfié
devagar,mbegiié # devagarinho: mbegfié,mbegüé,mbegiié # devagarinho: mbegfié
baixo (rei a som ou voz),mbegílé,mbegílé,mbegílé
lento,mbegüé,mbegüé,mbegüé
"Lentamente, enfim, o homem perde entendimento, sua tosse irrompendo","Mbegûé é ko'yté abá tekokuá kanhemi, iî u'u osororoka","Mbegûé é ko'yté abá o angaîpaba kanhemi, iî aŷpa, i apysykamo","Mbegûé é ko'yté abá tekokuá kanhemi, iî u'u osororoka"
"Lentamente, enfim, o homem perde entendimento, sua vista aguda de outrora desaparece, tentando inutilmente a fala","Mbegûé é ko'yté abá tekokuá kanhemi, sesapysopûera kanhemi, o nhe'engabûera ra'ang îepébo","Mbegûé é ko'yté abá o tekokuaba reká kanhemi, sesáporopotaryba'e kanhemi, o nhe'engabûera ra'ang îepébo","Mbegûé é ko'yté abá tekokuá kanhemi, sesapysopûera kanhemi, o nhe'engabûera ra'ang îepébo"
Baixo conversemos para que não o percebam os índios,Mbegûé îaîomongetá t'onhandu umẽ abá,Mbegûé îaîomongetá t'onhandu umẽ abá,Mbegûé îaîomongetá t'onhandu umẽ abá
"Conversemos baixo, para que não o percebam os índios","Mbegûé îaîomongetá, t'onhandu umẽ abá","Mbegûé îaîomongetá, t'onhandu umẽ abá","Mbegûé îaîomongetá, t'onhandu umẽ abá"
"brandamente, suavemente",mbegûékatu,mbegûékatu,mbegûékatu
Bem devagar o fiz,Mbegûékatu aîmonhang,Aanumẽ asó,Mbegûékatu aîmonhang
Aos poucos a ave se torna papuda,Mbegûémbegûé gûyrá nhemoaî,Mbegûémbegûé gûyrá nhemoaî,Mbegûémbegûé gûyrá nhemoaî
beiju,mbeiu,xe ybykfiarusu,mbeiu
"instrumento de enxotar moscas, abano de moscas",mberu mondoaba,eíra,mberu mondoaba
"O forro que se casou com uma escrava verdadeira, pensando falsamente ""eis que esta é forra"", não se casou","Mbiaûsube'yma mbiaûsubeté resé omendaryba'e ""miaûsube'yma kó"" o'îaba'upa, n'omendari","Mbiaûsube'yma mbiaûsubeté resé omendaryba'e ""miaûsube'yma kó"" o'îaba'upa, n'omendari","Mbiaûsube'yma mbiaûsubeté resé omendaryba'e ""miaûsube'yma kó"" o'îaba'upa, n'omendari"
comichão da pele,mbiremonã,aruru,mbiremonã
Por quantas coisas a gente pede?,Mboby mba'e resépe asé îeruréû?,Ma'e îabépe asé nhe'engûer?,Mboby mba'e resépe asé îeruréû?
Quantas vezes o homem transgride aquele (mandamento) após atrairse por uma mulher?,Mbobype abá aîpoba'e oîaby kunhã resé o nhemomotar'iré?,Mbobype abá aîpoba'e oîaby kunhã o nheangerekosápe?,Mbobype abá aîpoba'e oîaby kunhã resé o nhemomotar'iré?
Quantas vezes o homem transgride aquele (mandamento) após atrairse por uma mulher ou após conversar com ela enquanto não toca nela?,Mbobype abá aîpoba'e oîaby kunhã resé onhemomotar'iré koîpó i mongetá roîré sesé o byke'yma pukuî?,Mbobype abá aîpoba'e oîaby kunhã resé onhemomotar'iré koîpó i mongetá roîré sesé oporoîaba'epûera resé?,Mbobype abá aîpoba'e oîaby kunhã resé onhemomotar'iré koîpó i mongetá roîré sesé o byke'yma pukuî?
Quantas vezes disse isso?,Mbobype aîpó i 'éû?,Mbobype a'é umûã ndebe aîpó?,Mbobype aîpó i 'éû?
Quantas vezes a lua desapareceu ou o caju madurou?,Mbobype îasy kanhemi koîpó akaîu aîubamo?,Mbobype îasy kanhemi koîpó akaîu 'aîubamo?,Mbobype îasy kanhemi koîpó akaîu aîubamo?
Quantas vezes a lua desapareceu ou o caju madurou?,Mbobype îasy kanhemi koîpó akaîu 'aîubamo?,Mbobype îasy kanhemi koîpó akaîu 'aîubamo?,Mbobype îasy kanhemi koîpó akaîu aîubamo?
Quantos são os que recebem compaixão?,Mbobype saûsubarypyra?,Mbobype sapirõmbyramo?,Mbobype saûsubarypyra?
Quanto foi o pagamento?,Mbobype sepy?,Mba'epe asé îerobîá?,Mbobype sepy?
quantos (as)?,mbobype?; mobype? # quantas vezes?: mbobype?,Setápe kunhã?,mbobype?; mobype? # quantas vezes?: mbobype?
"Alguns somente, outrora, morreram meninos",Mbobyrîõ ipó erimba'e kunumĩ kanhemi,"Amõ amõme, erimba'e, kunumĩnhõte omanomõ",Mbobyrîõ ipó erimba'e kunumĩ kanhemi
ensinar,mbo'e,mbo'e,mbo'e
ensinamento,mbo'esaba,mbo'esaba,mbo'esaba
professor,mbo'esara; porombo'esara (m) prometer,mbo'esara; porombo'esara (m) prometer,mbo'esara; porombo'esara (m) prometer
cobra,"mboí:a, moia",fi,"mboí:a, moia"
rastro da cobra,mboîa kuapagûera,mboîa kuapagûera,mboîa kuapagûera
A cobra deixa sua própria vida ao pisarem sua cabeça,Mboîa o ekobé reîari o akanga patukasagûerype,Îusana re'õû o akanga kutuka,Mboîa o ekobé reîari o akanga patukasagûerype
"A cobra, antes de fazer destruir a vida daquele que morde, deixa sua própria vida, ao pisarem sua cabeça","Mboîa o emindu'u rekobé mokanhemukary îanondé, o ekobé reîari o akanga patukasagûerype","Mboîa o emimomoxyramo sekó mokanheme, o ekobé reîari o akanga patukasagûerype","Mboîa o emindu'u rekobé mokanhemukary îanondé, o ekobé reîari o akanga patukasagûerype"
A cobra mordeu a Pedro,Mboîa Pedro îaîxu'u,Mboîa aîuká Pedro,Mboîa Pedro îaîxu'u
"remédio contra dor de picada de cobra, antídoto contra veneno de cobra",mboîasyposanga,mosangaîura,mboîasyposanga
dividir,mbo'ir; moia'ok,mbo'ir; moia'ok,mbo'ir; moia'ok
retaJhar,mbo'ir; mondosok,Mba'emba'eremepe asé îeruréû i xupé? Îepi nhẽ Em que ocasiões a gente reza para eles?,mbo'ir; mondosok
cascavel,mboisininga,andub,mboisininga
aceitar,mboryb,aby,mboryb
"contas vermelhas, contas de coral",mbo'ypyranga,andyrá,mbo'ypyranga
cordão de contas,mbo'yrysy,amandaba,mbo'yrysy
calos dos pés,mby piru'a,ambéaîó,mby piru'a
Roubao aí por perto,Mbype emondarõ sesé,A'ang,Mbype emondarõ sesé
Achasteos por perto?,Mbype erebasẽ i xupé?,Mbype i nhemimi?,Mbype erebasẽ i xupé?
Achasteos por perto?,Mbype erebasẽ i xupé?,Mbype i nhemimi?,Mbype erebasẽ i xupé?
Chegaste perto junto a eles?,Mbype erebasẽ i xupé?,Mbype erebasẽ i xupé?,Mbype erebasẽ i xupé?
perto,mbype; (perto de): pyri; ypype perverter,apyri,mbype; (perto de): pyri; ypype perverter
Pertinho certamente ele está,Mbypeteĩ ipó ahẽ rekóû,Aîkó memẽ,Mbypeteĩ ipó ahẽ rekóû
calos já duros,mbyru'apûera,ka'aîatã,mbyru'apûera
dar,me'eng,me'eng,me'eng
doar,me'eng,me'eng,me'eng
entregar,me'eng,moiebyr; eroiebyr; me'engyieby devorar,se
cônjuge,me'engaba,temirekó koîpó mena,me'engaba
noivo (a),me'engaba,mena,me'engaba
doador,me'engara (v me'eng),me'engara (v me'eng),me'engara (v me'eng)
"filho em gestação, feto",membykyra,i puru'aba'e,membykyra
filho (a) (em relação à mãej,membyra filhote (macho em relação ao pai),I xy irũnamo,membyra filhote (macho em relação ao pai)
parir,membyrar (xe),kambu,membyrar (xe)
parto,membyrara; membyrasaba (v mem byrar),Aîeapyk,membyrara; membyrasaba (v mem byrar)
"parida, mulher que gerou filhos",membyrasara,kunhãmirĩ,membyrasara
"a semfilhos, a fêmea estéril",membyre'yma,membyre'yma kunhã resé,membyre'yma
"estéril (mulher, fêmea)",membyre'yma estimar,membyre'yma,membyre'yma estimar
Sempre atam as mãos dos diabos,Memẽ anhanga popûari,Memẽ anhanga popûari,Memẽ anhanga popûari
Sempre atam as mãos dos diabos quando querem em vós suas presas,Memẽ anhanga popûari pe ri sembiápotasápe,Memẽ peîmoîa'ok anhanga pé pe ri sembiápotasápe,Memẽ anhanga popûari pe ri sembiápotasápe
Ele sempre vai,Memẽ nhẽ i xóû îepi,Memẽ nhẽ i xóû îepi,Memẽ nhẽ i xóû îepi
"Sempre os malditos para nós dizem maldades, mui perversamente",Memẽ nhẽ moxy îandébo marã e'imemûãmemûã,"Memẽ îandé resé oîoepysyrõba'e, îandé moaûîéba'e nhe'enga reîtyka",Memẽ nhẽ moxy îandébo marã e'imemûãmemûã
"E, principalmente, eles são adversários de agressores",Memeté a'e morero'arupîara,A'e memẽ ã a'e morero'arupîara,Memeté a'e morero'arupîara
Tanto mais porque eles são adversários de agressores,Memeté a'e morero'arupîara,Ta setá sesé o apixara rerekoara,Memeté a'e morero'arupîara
"Mas sempre, com certeza, a vossas almas querem bem, aformoseandoas","Memẽte nipó pe 'anga amotá, i moaysóbo","Memẽte nipó, pe 'anga moingókatuetébo, i moingotebẽngatu","Memẽte nipó pe 'anga amotá, i moaysóbo"
"Mas sempre, com certeza, a vossas almas querem bem","Memẽte nipó, pe 'anga amotá","Memẽte nipó, pe 'anga moingókatûabo","Memẽte nipó, pe 'anga amotá"
"Quanto mais um caminhante se aflige por um caminho que não conhece, mais deseja logo ver o dia","Memeté rakó pé o eminguabe'yma rupi oguataba'e o angekotebẽnamo, korikorinhẽa'ub 'ara repîaki","Mba'easyboramo o eminguabe'yma rupi oguataba'e, korite'ĩ repîaka'upa","Memeté rakó pé o eminguabe'yma rupi oguataba'e o angekotebẽnamo, korikorinhẽa'ub 'ara repîaki"
"Quanto mais um caminhante por um caminho que não conhece se aflige, mais deseja logo ver o dia","Memeté rakó pé o eminguabe'yma rupi oguataba'e o angekotebẽnamo, korikorinhẽa'ub 'ara repîaki","Memeté rakó pé o angaîpaba rupi oguataba'e, korite'ĩaíbeté 'ara osepîaka'ub","Memeté rakó pé o eminguabe'yma rupi oguataba'e o angekotebẽnamo, korikorinhẽa'ub 'ara repîaki"
"Quanto mais um caminhante por um caminho que não conhece se aflige, mais deseja logo ver o dia","Memeté rakó pé o emingûabe'yma rupi oguataba'e o angekotebẽnamo, korikorinhẽa'ub 'ara repîaki","Memeté rakó pé o angaîpaba rupi oguataba'e, korite'ĩaíbeté 'ara osepîaka'ub","Memeté rakó pé o eminguabe'yma rupi oguataba'e o angekotebẽnamo, korikorinhẽa'ub 'ara repîaki"
"Mas sempre, com certeza, a vossas almas querem bem, guiandoas","Memẽte, nipó, pe 'anga amotá, i pokoka","Memẽte nipó pe 'anga moingókatûabo, i monhanga motá","Memẽte, nipó, pe 'anga amotá, i pokoka"
Quanto mais eu haveria de ir,Memetémo n'ixé ûixóbo,Asó mamõ,Memetémo n'ixé ûixóbo
"Ainda mais nosso corpo tem saudades de sua alma, sua verdadeira companheira, a que o faz viver",Memetipó îandé reté o irũeté o moingobesara o 'anga repîaka'upa,"Memetipó îandé reté o py'a o irũeté potá, i mombabamo",Memetipó îandé reté o irũeté o moingobesara o 'anga repîaka'upa
"E ainda mais um batizado, transgressor da boa lei, encontrando um padre, alegrarseá muito","Memetipó nhemongaraibypyra tekokatu abŷara abaré supé ogûasema, sorybetéûne","A'e îepémo amõ i mongaraibypyra tekokatu rapirõmo abaré supé ogûasema, sorybetéûne","Memetipó nhemongaraibypyra tekokatu abŷara abaré supé ogûasema, sorybetéûne"
zombeteiro,memfiã,a'ub; memüã; (nas palavras): nhe'en gyrygíian(a),memfiã
zombaria,memüã,a'ub; memüã; (nas palavras): nhe'en gyrygíian(a),memüã
esposo,mena,mendara koîpó temirekó,mena
marido,mena,mena,mena
futuro marido,menama,menama,menama
casamento,mendara,mendara,mendara
a satisfação dos cônjuges,mendara moîekosupaba,îoeséîxûara,mendara moîekosupaba
o que perverte uma casada,mendara momoxysara,mendara moabaipaba,mendara momoxysara
Impedem os casamentos,Mendara omoarûab,Mendara omoarûab,Mendara omoarûab
"Impedem os casamentos, mandando impossibilitálos",Mendara omoarûab i moabaibuká,"Mendara omoarûab, oîmoabaíb amõ",Mendara omoarûab i moabaibuká
solteiro,mendare'yma,"apŷaba, kunhã",mendare'yma
Olhando detidamente para alguma que foi casada,Mendarûera amõ resé enhemosapysóbo,Kunhãmendara resé oma'ẽmoxy,Mendarûera amõ resé enhemosapysóbo
"Hás de confessar primeiro tua atração por eles O que diz respeito aos casados, depois",mendasara resendûara tekori,Ereîekuá ranhẽ sesé nde nhe'enga,mendasara resendûara tekori
"Os exmaridos, esses, malditos, não se repreendem",Mendûera kó re'a nd'e'i oîeakakapa,"Kûepe kunhãmendarûera, rakó, onhemoŷrõmo, n'i marani",Mendûera kó re'a nd'e'i oîeakakapa
"Se o que tem relações sexuais com uma solteira ou por ela se atrai transgride muito a palavra de Deus, tanto mais o que perverte uma casada ou o que se atrai por ela","Mene'yma resé oîkoba'e abiã koîpó sesé onhemomotaryba'e oîabyeté Tupã nhe'enga, memetipó mendara momoxysara koîpó sesé nhemomotasara","Mene'yma koîpó mendara Tupã nhe'enga abŷare'yma bé, memetipó mendara moîekosupaba","Mene'yma resé oîkoba'e abiã koîpó sesé onhemomotaryba'e oîabyeté Tupã nhe'enga, memetipó mendara momoxysara koîpó sesé nhemomotasara"
"Se o que tem relações sexuais com uma solteira ou por ela se atrai transgride muito a palavra de Deus, tanto mais o que perverte uma casada ou o que se atrai por ela","Mene'yma resé oîkoba'e abiã koîpó sesé onhemomotaryba'e oîabyeté Tupã nhe'enga, memetipó mendara momoxysara koîpó sesé nhemomotasara","Mene'yma koîpó mendara Tupã nhe'enga abŷare'yma bé, memetipó mendara moîekosupaba","Mene'yma resé oîkoba'e abiã koîpó sesé onhemomotaryba'e oîabyeté Tupã nhe'enga, memetipó mendara momoxysara koîpó sesé nhemomotasara"
O que tem relações sexuais com uma solteira transgride muito a palavra de Deus,Mene'yma resé oîkoba'e oîabyeté Tupã nhe'enga,Kunhã resé oîkoba'e oîabyeté Tupã nhe'enga,Mene'yma resé oîkoba'e oîabyeté Tupã nhe'enga
osso de tembetá,metara kanga,Aîpepó,metara kanga
pedra de beiço pontuda,metarapûá,mangangá,metarapûá
biscoito (indígena),miapé,do,miapé
pão,miapé,miapé,miapé
o assar do pão,miapé îyba,miapé îaîmoîa'oka,miapé îyba
O pão que apanhou em suas mãos devolveuo como seu corpo e o vinho como seu sangue,"Miapé o pópe o emiîara i moîebyû o etéramo, kaûĩ og ugûyramo","Miapé o pópe o emiîara i moîebyû o etéramo, kaûĩ sugûy me'enga","Miapé o pópe o emiîara i moîebyû o etéramo, kaûĩ og ugûyramo"
tomou o pão em suas mãos,miapé rari o pópe,miapé rari o pópe,miapé rari o pópe
Pão que porta a vida para os amigos de Deus,Miapé tekobé îara Tupã raûsupara pé,Miapé resé Tupã raûsupara rerekóbo,Miapé tekobé îara Tupã raûsupara pé
bolinho de pão,miapémirĩ,miapé,miapémirĩ
o que foi pão,miapepûera,miapepûera,miapepûera
"Pão celestial, comida dos anjos","Miapéybakygûara, apŷabebé remi'u","Kûarasy îepe'amobokaba, apŷabebé remi'u","Miapéybakygûara, apŷabebé remi'u"
Tratalaá como uma escrava?,Miaûsuba îabépe serekóûne?,Miaûsuba îabépe serekóûne?,Miaûsuba îabépe serekóûne?
O que não é morto,Miîukae'yma,Nd'omanõî ahẽ,Miîukae'yma
o que foi morto,miîukapûera,abangab,miîukapûera
o que será morto,miîukarama,abangab,miîukarama
o que seria morto,miîukarambûera,abangab,miîukarambûera
cria,mimbaba,mo'ar; mo'ar; monhemü reconhecer,mimbaba
criado,mimbfiaia; boiá,araba (v 'ar1),mimbfiaia; boiá
lança,mimbuku; itamina,marãtekó,mimbuku; itamina
flauta,mimby,aka,mimby
cozido,mimõi [v (e)mimõia],moeraptlan,mimõi [v (e)mimõia]
enviado,mimondó; paresara; temimondó enviar,mimondó; paresara; temimondó enviar,mimondó; paresara; temimondó enviar
ensopado (s),mindypyrõ; temindypyrõ ensurdecer,moeraptlan,mindypyrõ; temindypyrõ ensurdecer
papa,minga'u; mindypyrõ; temindypyrõ papada,Aîpapa'i,minga'u; mindypyrõ; temindypyrõ papada
mingau grudento,minga'upomonga,îukyrapu'a,minga'upomonga
Com uma lança espetaram seu flanco,Minusu pupé iî yké kutuki,Muru i apyti'yba ri,Minusu pupé iî yké kutuki
"Com uma lança espetaram seu flanco, causa de verterem imediatamente dele água e seu sangue",Minusu pupé iî yké kutuki aûnhenhẽ 'y sugûy abé i xuí i 'ẽaûama,"Murupe i nambi mondoki, aûnhenhẽ 'y sugûy abé i xuí i 'ẽ",Minusu pupé iî yké kutuki aûnhenhẽ 'y sugûy abé i xuí i 'ẽaûama
pequeno,"miri; a'yri (r, t)","miri; a'yri (r, t)","miri; a'yri (r, t)"
muitas coisas miúdas,mirĩmirĩ,mirĩmirĩ,ta'yrĩrĩ
baixo (rei a pessoa),mirl,mbegfié,mirl
"mirra, poção de polpa","mirra, mosanga to'o suí",mirra,"mirra, mosanga to'o suí"
"É no final da missa que entras sempre, manifestamente consciente?","Missa mondykápe épe ereîké îepi, nde îesûere'yîpe","Missa mondykápe, ereîké îepi, nde apysykatu?","Missa mondykápe épe ereîké îepi, nde îesûere'yîpe?"
"É no final da missa que entras sempre, manifestamente consciente?","Missa mondykápe épe ereîké îepi, nde îesûere'yîpe?","Missa mondykápe, ereîké îepi, nde apysykatu?","Missa mondykápe épe ereîké îepi, nde îesûere'yîpe?"
É no final da missa que entras sempre?,Missa mondykápe épe ereîké îepi?,Eremombegûápe erimba'e Tupãokype eîké îepi?,Missa mondykápe épe ereîké îepi?
"Na missa toma o pão em suas mãos, benzendoo, sobre ele pronunciando as palavras de Nosso Senhor Jesus Cristo","Missa pupé miapé rari o pópe, sobasapa, i 'arybo Îandé Îara Îesu Cristo nhe'engûera ra'anga","Missa pupé miapé rari o pópe, sobasapa, i 'arybo Îandé Îara Îesu Cristo nhe'engûera ra'anga","Missa pupé miapé rari o pópe, sobasapa, i 'arybo Îandé Îara Îesu Cristo nhe'engûera ra'anga"
Celebrando a missa para a gente,Missa ra'anga asébe,Missa monhanga asébe,Missa ra'anga asébe
assado,mixyra,moeraptlan,mixyra
irar,mo}'rõ; moabaeté1,moabaité,mo}'rõ; moabaeté1
respeitar,moabaeté; motyb,moeté,moabaeté; motyb
dificultar,moabaib,moaiu,moabaib
enraivecer,moabaité,moabaité,se
atrasar,moabrub,mbegüé,moabrub
aperfeiçoar,moafilekatu,momorang; moporang,moafilekatu
derrotar,moaftié,moebykatã,moaftié
enfeiar,moaíb,moaiu,moaíb
importunar,moaiu,erekorekó; moapa1ugíiá; moapa tynã; monan; apamonan; mombe'uabaiõ; mbo'eatb,moaiu
incomodar,moaiu,moabaité,moaiu
esquentar,moakub; pé (,moepy,se
molhar,moakym,andub,se
arredondar,moamandab,Aîapapûar,moamandab
abrigar,mo'ang,ka'amondoar,mo'ang
imaginar,mo'ang,Aîmo'ang,mo'ang
pensar,mo'ang,mo'ang,mo'ang
fingir,mo'ang; mo'anga'ub; moran fio,mo'ema,mo'ang; mo'anga'ub; moran fio
arruinar,moangaipab,moaiu,moangaipab
estragar (tr),moangaipab; momoxy; moaiõ; erekomemilã; moaikatu,moangaipab; momoxy; moaiõ; erekomemilã; moaikatu,moangaipab; momoxy; moaiõ; erekomemilã; moaikatu
empurrar,moanhan,(intr): kopir; (tr): giiyrok,moanhan
apressar,moanhe,anhe,moanhe
vestir,moaob; mondeb,aobok,moaob; mondeb
encaroçar (tr),moapaiugiiá,moting,moapaiugiiá
aguçar,Moapõá,moepy,Moapõá
esgotar (bebida ou conteúdo de vasilha),moapy esmagar,Aîapûapyk,moapy esmagar
inclinar,moapy'am,(variedades): sebo'i; turuygíiera; ura; ybyrapeasoka; ybyrasoka; tasoka; iaruma'i; taburaá etc,se
dobrar,moapyr; moakaar; apapiiar doce,mbo'ir; moia'ok,moapyr; moakaar; apapiiar doce
agradar,moapysyk,I 'aragûera îandé moîekosupa,moapysyk
deleitar,moapysyk,morypaba (v mboryb),moapysyk
fartar,moapysyk,mundeoka,se
derrubar,mo'ar; ityk/ eityk(a) (t) desafiar,moebykatã,mo'ar; ityk/ eityk(a) (t) desafiar
aquietar,moarybé,Îandé moapysyk,se
arrependimento,moasy,angekoam,moasy
invejar (tr),moasy,xe ambyasy,moasy
alargar,moatã,momboreaúsub,moatã
endurecer,moatã,moatãhatã,moatã
estirar,moatã,mokong,moatã
amontoar,moatyr,monhopa'ümondoar; moioparab; mopa'ü,moatyr
Quantos são os mandamentos dele à gente?,Mobype a'e asé rekomonhangaba?,Mbobype asé rekomonhangaba?,Mobype a'e asé rekomonhangaba?
Quantos são esses deuses?,Mobype a'e Tupã?,Mbobype a'e tupã?,Mobype a'e Tupã?
"Quantas são, necessariamente, as verdadeiras esposas de um homem?",Mobype amẽ abá remirekóeté?,Mbobype kunhãeté abá rekóû?,Mobype amẽ abá remirekóeté?
Quantas vezes te confessaste ou comungaste?,Mobype erenhemombe'u koîpó eretupãar?,"Mbobype ereîeruré, oîeme'engano?",Mobype erenhemombe'u koîpó eretupãar?
Quantos são os chefes principais por aqui?,Mobype tubixákatu kybõ?,Mboby tubixákatu kybõ?,Mobype tubixákatu kybõ?
Quantos são os chefes principais por aqui?,Mobype tubixákatu kybõ?,Mboby tubixákatu kybõ?,Mobype tubixákatu kybõ?
empanturrar,moebykatã,andub,moebykatã
salgar,moe'e,(intr): nheapumi; nhepumi; (tr): pumi; 'apiramõ,moe'e
Mentiras levantam,Mo'ema kó omopu'ã,Îapu'ama,Mo'ema kó omopu'ã
levantadoras de mentiras,mo'ema mopu'ambara,Aîaîuká,mo'ema mopu'ambara
recompensar,moepy,(intr): iepyme'eng; (tr): poepyk reunir,moepy
afamar,moeraptlan,ambyasy,moeraptlan
alegrar,moesãi,"oryb (r, s) [ v oryba (t)]",se
adorar,moeté,i amotar,moeté
honrar,moeté; momba'eté; moangaturam horta,momiafisub,moeté; momba'eté; moangaturam horta
coar,mog1lab,kokaba,mog1lab
abaixar,mogiieiyb ,nhã; anhã2,mogiieiyb 
baixar (tr),mogíleiyb,nhã; anhã2,mogíleiyb
peneirar,mogtlab,koty,mogtlab
pregar (= fixar com pregos),moiar preguiça,apixab,moiar preguiça
zombar,moiaru; memiiã (xe); iai (,a'ub; memüã; (nas palavras): nhe'en gyrygíian(a),moiaru; memiiã (xe); iai (
pendurar,moiasekó,manhana,moiasekó
banhar,moiasuk,ekyi ,moiasuk
"tempo, lugar, modo, etc de se lavar, de se batizar",moîasukaba,ara,moîasukaba
balançar,moiatimung,moepy,moiatimung
devolver,moiebyr; eroiebyr; me'engyieby devorar,(intr): iepyme'eng; (tr): poepyk reunir,moiebyr; eroiebyr; me'engyieby devorar
ornar,moiegfiak,kutuk,se
enfeitar,moiegiiak,moiegfiak,moiegiiak
"o que faz regozijarse, o que agrada, o que consola, o ajudador (em coisa difícil)",moîekosupara,moarybéukar,moîekosupara
Passo raramente,Moîepenhombé akûab,Na xe sopeî,Moîepenhombé akûab
colar' (v),moiepotar,iekuakupaba,moiepotar
reconciliar,moierekftab; monhemü reconhecer,moatã,moierekftab; monhemü reconhecer
convencer,moiesuer,moiesuer,moiesuer
colocar,moín; mondeb; nong (,ma'enan,moín; mondeb; nong (
pôr (v),moín; mondeb; nong (,moíni,moín; mondeb; nong (
introduzir,moingé,ekyi,moingé
distinguir,moingoé,moaiu,moingoé
diferenciar (= tornar diferente),moingoé diferir (= ser diferente),moîegûaka,moingoé diferir (= ser diferente)
entristecer (tr),moingotebé,moingotebé,moingotebé
Quando virá?,Moîrãpe turine?,Moîrãpe turine?,Moîrãpe turine?
amarelar,moiub,"oby (r, s)",moiub
cozer,moiyb,(tr): mobok; (intr): pok,moiyb
cozinhar,moiyb,mo'ar; nhemonhangaba gerar,moiyb
escandalizar,mojrõ; erekomemilã escandalizar,moaiu,mojrõ; erekomemilã escandalizar
Trouxeram pólvora em vão,Mokaba ogûeru tenhẽ,Mokaba ogûeru anhanga pé,Mokaba ogûeru tenhẽ
"Sobre grelhas de moquear, de ferro, assaramno",Moka'ẽ itá îurá 'arybo sesyri,itá re'yîa,Moka'ẽ itá îurá 'arybo sesyri
"Sobre grelhas de moquear, de ferro, assaramno",Moka'ẽ itá îurá 'arybo sesyri,itá re'yîa,Moka'ẽ itá îurá 'arybo sesyri
moquear (= assar sobre uma grelha),moka'é moquém,moka'é moquém,moka'é moquém
recipientes de pólvora,mokaku'iuru,pokaku'i (m),mokaku'iuru
amamentar,mokambu,andub,mokambu
a que amamenta,mokambûara,i pitangĩ mokambûara,mokambûara
cansar,mokane'õ,púerai,mokane'õ
perder (= fazer sumir),mokanhem,mokanhem,mokanhem
dois (duas),mokõi,mokõi,mokõi
Diante de duas pessoas,Mokõî abá robaké,Mokõî abá robaké,Mokõî abá robaké
dois homens,mokõî apŷaba,mokõî apŷaba,mokõî apŷaba
"meios de contar das duas mãos da gente (isto é, os dedos)",mokõî asé pó papasaba,mokõî asé pó papasaba,mokõî asé pó papasaba
"por dois meses [lit, duas luas]",mokõî îasy,mokõî îasy pukuî,mokõî îasy
dois ladrões,mokõî mondabora,mokõî mondabora,mokõî mondabora
"Dois ladrões, um à sua direita e o outro à sua esquerda","Mokõî mondabora, i 'ekatûaba koty amõ, a'e amõ i asu koty","Mokõî mondabora, i 'ekatûaba koty amõ, a'e amõ i 'ekatûaba koty","Mokõî mondabora, i 'ekatûaba koty amõ, a'e amõ i asu koty"
"Ao chegar o oitavo dia, cortaram seu prepúcio",Mokõî oîoirundyk oito 'ara sykeme i 'apira mondoki,"Ara mokõîa sykeme, i akanga kutuka",Mokõî oîoirundyk oito 'ara sykeme i 'apira mondoki
"Ao chegar o dia oitavo (duas vezes quatro), cortaram seu prepúcio","Mokõî oîoirundyk oito 'ara sykeme, i 'apira mondoki","Mokõî oîoirundyk oito 'ara sykeme, i akanga patukasagûerype","Mokõî oîoirundyk oito 'ara sykeme, i 'apira mondoki"
Dois filhotes de pomba sua mãe levou como oferenda,Mokõî pykasu ra'yra i xy ogûerasó îetanongabamo,Mokõî tapi'ira i xy ogûerasó îetanongabamo,Mokõî pykasu ra'yra i xy ogûerasó îetanongabamo
ambos,mokõibé,mokõibé,mokõibé
Ambos tremerão hoje,Mokõîbé osyî kori,Mokõîbé îeí osyî,Mokõîbé osyî kori
"Ambos tremerão hoje, assim que me virem","Mokõîbé osyî kori, xe repîaka rupibéne","Mokõîbé osyî kori, xe repîaka rupibéne","Mokõîbé osyî kori, xe repîaka rupibéne"
Poucos moram nesta aldeia,Mokõînhõ kó taba pupé sekóû,Mbobype kó taba pora,Mokõînhõ kó taba pupé sekóû
"de dois em dois, dois a dois",mokõmokõî,mokõmokõî,mokõmokõî
"dois e dois no total (isto é, quatro)",mokõmokõî syk,mokõmokõî é,mokõmokõî syk
engolir,mokong,moasy,mokong
"Poucos nesta aldeia moram, estando a salvarse","Mokõnhõ kó taba pupé sekóû, oîepysyrõ okupa","Mbobype kó taba pupîara, oîepysyrõmo","Mokõnhõ kó taba pupé sekóû, oîepysyrõmo okupa"
"Poucos nesta aldeia moram, estando a salvarse","Mokõnhõ kó taba pupé sekóû, oîepysyrõmo okupa","Mbobype kó taba pupîara, oîepysyrõmo","Mokõnhõ kó taba pupé sekóû, oîepysyrõmo okupa"
poucos,mokonhõ; mboby,mokonhõ; mboby,mokonhõ; mboby
lêndeas de piolho (do corpo),mokyrana'yra,fi,mokyrana'yra
desobedecer,momarã,(intr): nheran; nhemobabak; (tr,momarã
acabar,mombab,koty,mombab
destruir,mombab; mondyk,moaiu,mombab; mondyk
gastar,mombab; mongôy,kutuk,mombab; mongôy
enaltecer,momba'eté; momorang encalhar (navio),moeté,momba'eté; momorang encalhar (navio)
achatar,mombeb,(tr): moakub; (intr): pindaeityk; (pes car com rede): ieporakar,mombeb
acusar,mombe'u,moiaru; memiiã (xe); iai (,mombe'u
anunciar,mombe'u,ekomonhang,mombe'u
confessar,mombe'u,nhe'eng,mombe'u
declarar,mombe'u,mopor,mombe'u
narrar,mombe'u,"nhomongetá, íomongetá conversar (com)",mombe'u
contar,mombe'u # contar número ou quanti dade: papar,nhe'eng,mombe'u # contar número ou quanti dade: papar
louvar,mombe'ukatu,i moaftié,mombe'ukatu
"o que ameaça, ameaçador",momboîtara,Eîekotyrungara,momboîtara
expulsar,mombor,mombor,mombor
humilhar,momboreaúsub,ioapiti; paba (mb); porapiti (m) matar,se
carregar (= pôr carga em),mombosyi carta,mombytá,mombosyi carta
amansar,mombub,anga,mombub
arrebentar (tr),mombuk,mombyk; moten,mombuk
retardar,mombuku,mbegüé,mombuku
amaldiçoar,momburu,moîoamotare'yma,momburu
ameaçar,momburu,ka'a,momburu
maldizer,momburu,nhe'engasy,momburu
cessar,mombyk,angaîpab amõ,mombyk
travar (tr),mombyk; moten,nhã; anhã2,mombyk; moten
agasalhar,mombytá,mokong,mombytá
hospedar,mombytá,kutuk,mombytá
"deter (= parar, retardar)",mombytá; mom buku,mokong,mombytá; mom buku
casar (tr),momendar,momendar,momendar
cativar,momiafisub,apPk ,momiafisub
escravizar,momiausub,kokaba,momiausub
informar,momorandub,momorandub,momorandub
avisar,momorandub ,momorandub ,momorandub 
"o que informa, o que avisa",momorandupara,momorandupara,momorandupara
apreciar,momorang,moapysyk,momorang
festejar,momorang,"toryba, torypaba",momorang
embelezar,momorang; moporang,momorang; moporang,momorang; moporang
terceiro,momosapysara,mosapyra,momosapysara
perseguir,momosem,apysáygugûá,momosem
atrair,momotar,kokaba,momotar
mover,momyi,Aîapŷuban,se
misturar,monan; moapatynã; moiese'ar; moioparab; momemílã; apamonan moça,Îandé îa'u,monan; moapatynã; moiese'ar; moioparab; momemílã; apamonan moça
roubo,mondá,mondá; mondarõ3,mondá
roubar,mondá (xe); mondarõ,mondá (xe); mondarõ,mondá (xe); mondarõ
furtar,mondá (xe); mondarõ2,mondá; mondarõ3,mondá (xe); mondarõ2
ladrão,mondá; abá,pu'ama,mondá; abá
furto,mondá; mondarõ3,mondá; mondarõ3,mondá; mondarõ3
embebedar,mondabeypor,moasy,mondabeypor
embriagar,mondabeypor,aembe'e,mondabeypor
trair (o cônjuge),mondarõ,mondyi,mondarõ
"Ladroeiras, palavras más sobejavamte, danças, diversões, vômitos, bebedeiras, guerras","Mondarõ, nhe'engaíba nde resemõ, moraseîa, nhemoryba, gûe'ena, ka'uaíba, marana","Kaûĩ, nhe'engaíba, moraseîa, nhemorybebuîa, îukábo, marana,","Mondarõ, nhe'engaíba nde resemõ, moraseîa, nhemoryba, gûe'ena, ka'uaíba, marana"
"Ladroeira, palavras ruins, mentiras sobejavamte","Mondarõ, nhe'engaíba, mo'ema nde resemõ","Mondarõ, nhe'engaíba, mo'ema nde reséne","Mondarõ, nhe'engaíba, mo'ema nde resemõ"
enfiar,mondeb,andub,mondeb
mandar2 (= fazer ir),mondó,mondarõ2,mondó
partir1 (= quebrar),mondok; pese'õ partir2 (= ir embora),mokanhem,mondok; pese'õ partir2 (= ir embora)
romper,mondorok; ká (,moaiu,mondorok; ká (
empobrecer,mondyabor,mba'ee'ym/a,mondyabor
espantar,mondyi,Aîangerasó,mondyi
acender,mondyk,moepy,mondyk
concluir,mondyk,mondyk,mondyk
conclusão,mondykaba; sykaba (v syk') concórdia,Aîapugûar,mondykaba; sykaba (v syk') concórdia
destilar,mondykyr,ara'a,mondykyr
lambuzar,mong,andub,mong
pegajoso,mong/a; pomong/a,ipó,mong/a; pomong/a
grude,monga,(intr): puk; (tr): mobok,monga
enxugar,monga'ê; mokang,andub,monga'ê; mokang
criar,mongakuab,mo'ar; nhemonhangaba gerar,mongakuab
batizar,mongaraíb,mongaraíb,se
santificar,mongaraíb,mongaraíb,mongaraíb
abençoar,mongarall,karaíba,mongarall
consertar,"mongaturõ, mongatyrõ consolar",Aîapengok,"mongaturõ, mongatyrõ consolar"
moer,mongu 'i,(intr): puk; (tr): mobok,mongu 'i
abalar,mongué,Îamopysasu,mongué
agitar,mongué,Îamopysasu,se
abater,mongui,nhã; anhã2,mongui
untar,mongy; pitub; pixyb; kytyk urina,andub,mongy; pitub; pixyb; kytyk urina
sujar,mongy'a; mong (,moaiu,mongy'a; mong (
ranger (tr),mongytji,mongytji,mongytji
fazedor,monhangara (v monhang) fazer,ku'i,monhangara (v monhang) fazer
provocar,monharõ; monheran,moabaité,monharõ; monheran
afugentar,monhegiiasem,Aîmoatã,monhegiiasem
intercalar,monhopa'ümondoar; moioparab; mopa'ü,apek (s),monhopa'ümondoar; moioparab; mopa'ü
acalmar,monhyrõ,Îandé moapysyk,monhyrõ
apaziguar,monhyrõ,Îandykaraíba,monhyrõ
juntar,mono'ong; ejlnhang (s); irumõ; moie potar,aman; apixab; apixab,se
agradavel ,mooryb,katu,mooryb
faltar,mopanem; güatar; por,n'i tybi,mopanem; güatar; por
interromper,mopa'ü,mombyk,mopa'ü
retorcer,mopokyriri; poká,moabaité,mopokyriri; poká
cumprir,mopor,mopor,mopor
reaU zar,mopor,(de h e m): ee; (de b): pá,mopor
encher,mopor; porakar; moynysem encobrir,esemõ (s); mopor,mopor; porakar; moynysem encobrir
completar,mopor; rnoaíiié,esemõ (s); mopor,mopor; rnoaíiié
"tempo, lugar, modo, etc de tocar, de bater",mopûaba,mopûaba,mopûaba
erguer,mopu'am; upir (s),ityk,mopu'am; upir (s)
levantar,mopu'am; upir (s),(tr): pepyr; poká; (torcer como corda): pomombyk; (torcer mão ou pé): mongaraú; (intr): iekundab; ie'ab; (mão ou pé): nhe mongaraú,mopu'am; upir (s)
engrossar,mopungá,kokaba,mopungá
aborrecer,mopytubar,xe akasang,mopytubar
bom trabalhador,morabukákatu,morabukákatu,morabukákatu
"Sem trabalho, comemoramos este dia",Morabykye'yma kó 'ara îaîmoeté,Morabykye'yma kó 'ara îaîmoeté,Morabykye'yma kó 'ara îaîmoeté
trucidador,morapitîara,apPk ,morapitîara
"Eu sou um assassino, causa de se ter medo dos pecados","Morapitîara ixé, angaîpaba sykyîéba","Morapitîara ixé, angaîpaba ri xe 'anga moburu meémo","Morapitîara ixé, angaîpaba sykyîéba"
A dança é que é boa,Moraseîa é i katu,Moraseîa é i katu,Moraseîa é i katu
"A dança é que é boa, enfeitarse, pintarse de vermelho","Moraseîa é i katu, îegûaka, îemopyranga","Moraseîa é i katu, i aob, i apyrangaíb","Moraseîa é i katu, îegûaka, îemopyranga"
"A dança é que é boa, enfeitarse, avermelharse, ficar fazendo feitiços","Moraseîa é i katu, îegûaka, îemopyranga, karaimonhãmonhanga","Moraseîa é i katu, sesé omondarõ, i moindabamo","Moraseîa é i katu, îegûaka, îemopyranga, karaimonhãmonhanga"
"A dança é que é boa, enfeitarse, pintarse de preto","Moraseîa é i katu, îegûaka, îemoúna","Moraseîa é i katu, i aob, i apyranga","Moraseîa é i katu, îegûaka, îemoúna"
"A dança é que é boa, enfeitarse, tingirse as pernas com urucu","Moraseîa é i katu, îegûaka, îetymãgûanga","Moraseîa é i katu, onhemomopiring, îagûara resé opûápûá","Moraseîa é i katu, îegûaka, îetymãgûanga"
"A dança é que é boa, enfeitarse, fumar","Moraseîa é i katu, îegûaka, petymbu","Moraseîa, nhemosaraîa, moroapŷabo","Moraseîa é i katu, îegûaka, petymbu"
"A dança é que é boa, enfeitarse, untar suas penas","Moraseîa é i katu, îegûaka, samongy","Moraseîa é i katu, i aob, i popyra moapysykamo","Moraseîa é i katu, îegûaka, samongy"
A crença na dança enche os corações deles,Moraseîa rerobîara i py'a îaîporaká,Moraseîa rerobîara i py'a îaîporaká,Moraseîa rerobîara i py'a îaîporaká
A crença na dança enche os corações deles,Moraseîa rerobîara i py'a îaîporaká,Moraseîa rerobîara i py'a îaîporaká,Moraseîa rerobîara i py'a îaîporaká
"Por teres misericórdia, nossa alma visitas","Moraûsuberekosápe, asé 'anga ereîosub","Moraûsuberekosápe, îandé 'anga our","Moraûsuberekosápe, asé 'anga ereîosub"
protetora dos aflitos,moreaûsuba rerekoara,moasy rerekoara,moreaûsuba rerekoara
A de protetora dos aflitos é tua fama sempre,Moreaûsuba rerekoara nde rerapûana îepi,Mba'epoxy rerekóbo é nde rekokatu,Moreaûsuba rerekoara nde rerapûana îepi
o que socorre gente,morepenhandara,Aporomoebykatã,morepenhandara
"o que entrega os reféns, o redentor",morepy me'engara,Nde remime'eng'iré nde remimotarybo é,morepy me'engara
guarda,morerekoara,morerekoara,morerekoara
O grãosacerdote de nome Caifás,Morerekoara Caifás seryba'e,Morerekoara Caifás seryba'e,Morerekoara Caifás seryba'e
Princípio da compaixão,Moroaûsubara 'yba,îurunhyng,Moroaûsubara 'yba
princípio da compaixão,moroaûsubara 'yba,îurunhyng,moroaûsubara 'yba
Sou inimigo das pessoas,Morobaîaramo aîkó,Morobaîaramo aîkó,Morobaîaramo aîkó
vencedora,moroîtykara,monharõ; monheran,moroîtykara
amarelidão,moroîuba,"oby (r, s)",moroîuba
o que enforcou gente,moroîubykarûera,morepenhandara,moroîubykarûera
Eu sou mestre,Morombo'esara ixé,Morombo'esara ixé,Morombo'esara ixé
Santificandose na pia batismal,Moromoîasukaba pupé onhemongaraípa,Îakypûera pupé i moîarypyrûeramo sekóû,Moromoîasukaba pupé onhemongaraípa
O desejo sensual aumentou teus olhos?,Moropotara nde resá moîo'arype?,Nde resá moîo'arype sa'anga resé?,Moropotara nde resá moîo'arype?
O oposto do desejo sensual é a pureza,Moropotara robaîara moropotare'yma,nhe'engaíba robaîara tekokatueté,Moropotara robaîara moropotare'yma
o desejo sensual que ele não torna costumeiro,moropotara semipokuabe'yma,i îukapyrûere'yma,moropotara semipokuabe'yma
"O desejo sensual tornado costumeiro, a janotice, o vício, isso Nosso Senhor, após o recebermos nós em nossa alma, impede de se querer","Moropotara semipokuabe'yma, arũaíba, tekópoxy anga Îandé Îara îandé 'angyme îandé ogûar'iré ybŷá potara oîmoaruab","Moropotara aûîeramanhẽ, arõana, tekoaba, anga Îandé Îara îandé 'anga pupé îandé ogûar'iré, oîmoapysakamo","Moropotara semipokuabe'yma, arũaíba, tekópoxy anga Îandé Îara îandé 'angyme îandé ogûar'iré ybŷá potara oîmoaruab"
remédio de nossos antigos desejos sensuais,moropotaragûera posanga,asé rekopotaragûera posanongaba,moropotaragûera posanga
salvador da gente,moropysyrõana,moropysyrõana,moropysyrõana
saída de gente,morosema,morosema,morosema
"O inimigo da gente, o diabo","Morosumarã, Anhanga","Îandé raûsupaba, Anhanga","Morosumarã, Anhanga"
brancura,morotinga,ting,tinga
"Tua alma está muito branca, como roupa lavada","Morotĩngatu nde 'anga, aoba i potukapyra rame'ĩ ","I 'anga ting, aoba i moîasukypyra","Morotĩngatu nde 'anga, aoba i potukapyra rame'ĩ "
"Isto era muito preto, de fato",Moroũmbyry nakó,Moroũmbyry nakó,Moroũmbyry nakó
Estando de cor preta,Moroún oîkóbo,Aîmorotinga,Moroún oîkóbo
"Eis que estava de cor um tanto preta, certamente",Moroúnmbyry nakó,I 'apira rakó,Moroúnmbyry nakó
esfriar,moro'y,ereb (s),moro'y
flechar gente,moroybõ,anama,moroybõ
Que estejam os chefes e os moçacaras junto a mim,"Morubixá, mosakara, t'e'i ixébo!","Eîkó xe pyri morubixaba, kunumĩgûasu","Morubixá, mosakara, t'e'i ixébo!"
cacique,morubixaba,aka,morubixaba
Para um príncipe que tinha nome Anás,Morubixaba Anás seryba'e supé,Morubixaba Anás seryba'e supé,Morubixaba Anás seryba'e supé
Um servo do príncipe esbofeteou sua cara,Morubixaba boîá amõ osobápetek,Morubixaba boîá oîeîobok,Morubixaba boîá amõ osobápetek
O juiz mandou desorelhar o ladrão,Morubixaba mondá îaînambi'okukar,Morubixaba mondá îaîpysykáû,Morubixaba mondá îaînambi'okukar
É por causa do chefe que a aldeia é ótima,Morubixaba ri é taba matuetéramo,Morubixaba ri é taba matuetéramo,Morubixaba ri é taba matuetéramo
Os chefes velhos falam sempre a eles,Morubixaba tuîba'e onhe'eng memẽ i xupé,Morubixaba tuîba'e onhe'eng memẽ i xupé,Morubixaba tuîba'e onhe'eng memẽ i xupé
"Os chefes velhos falam sempre a eles, repreendendoos, censurandoos","Morubixaba tuîba'e onhe'eng memẽ i xupé, senonhena, i akakapa","Morubixaba tuîba'e onhe'eng memẽ i xupé, senonhena, i momarana","Morubixaba tuîba'e onhe'eng memẽ i xupé, senonhena, i akakapa"
Para a coutada do rei ele foi para cortar madeira,Morubixaba ybyragûype ahẽ sóû ybyrá 'apa,Reîá îepe'aká ybyrá 'arybo i xóû,Morubixaba ybyragûype ahẽ sóû ybyrá'apa
Para a coutada do rei ele foi para cortar madeira,Morubixaba ybyragûype ahẽ sóû ybyrá'apa,Reîá îepe'aká ybyrá 'arybo i xóû,Morubixaba ybyragûype ahẽ sóû ybyrá'apa
"Quando era ele rei, foi maltratado",Morubixabamo sekóreme serekomemûãmbyramo sekóû,Morubixabamo sekóreme onhemopaîépaîébo,Morubixabamo sekóreme serekomemûãmbyramo sekóû
chefes valentes,morubixámosakara,morubixámosykatu,morubixámosakara
empapar,moruru,andub,moruru
consentir,"moryb, mboryb",me'eng,"moryb, mboryb"
gozo,morypaba (v mboryb),(de h): memfiã; (de m): nhe'en gyrygíian(a),morypaba (v mboryb)
espalhar,mosãi; mosasãi,mosãi; mosasãi,mosãi; mosasãi
remédio que é a causa da cura de nossa alma,mosanga asé 'anga mombûerasaba,mosanga asé 'anga moîegûaba,mosanga asé 'anga mombûerasaba
remédio portador de cura,mosanga moeîrabyîara,mosanga mûeîrabyîara,mosanga mûeîrabyîara
remédio portador de cura,mosanga mûeîrabyîara,mosanga mûeîrabyîara,mosanga mûeîrabyîara
remédio portador de cura,mosanga mûeîrabyîara,mosanga mûeîrabyîara,mosanga mûeîrabyîara
remédio portador de cura,mosanga mûeîrabyîara,mosanga mûeîrabyîara,mosanga mûeîrabyîara
Ficando a experimentar poções,Mosanga ra'ãra'anga,Mosanga ra'ãra'anga,Mosanga ra'ãra'anga
Fizeste poções?,Mosangape ereîapó?,Ereîmoîebype nde poropûaîa?,Mosangape ereîapó?
Usaste feitiço para que não viessem?,Mosangape ereîpuru ture'ymagûama ri?,Mosangape ereîpuru i xuí?,Mosangape ereîpuru ture'ymagûama ri?
Usaste feitiço?,Mosangape ereîpuru?,Mosangape ereîpuru?,Mosangape ereîpuru?
remédio bom,mosãngatu,ptierab,mosãngatu
a que ingere veneno,mosangygûaba gûara,mosangygûaba gûara,mosangygûaba gûara
"Na verdade, três vezes negarás ser meu discípulo",Mosapy ipó xe boîáramo nde rekó ereîkuakub,Mosapy ipó xe boîáramo nde rekó ereîkuakub,Mosapy ipó xe boîáramo nde rekó ereîkuakub
"Na verdade, três vezes negarás ser meu discípulo antes de o galo cantar duas vezes",Mosapy ipó xe boîáramo nde rekó ereîkuakub mokõî gûyrá sapukaî' e'ymebéne,Mosapy ipó xe boîáramo nde rekó ereîkuakub mokõî gûyrá sapukaî'e'ymebéne,Mosapy ipó xe boîáramo nde rekó ereîkuakub mokõî gûyrá sapukaî'e'ymebéne
"Na verdade, três vezes negarás ser meu discípulo antes de o galo cantar duas vezes",Mosapy ipó xe boîáramo nde rekó ereîkuakub mokõî gûyrá sapukaî'e'ymebéne,Mosapy ipó xe boîáramo nde rekó ereîkuakub mokõî gûyrá sapukaî'e'ymebéne,Mosapy ipó xe boîáramo nde rekó ereîkuakub mokõî gûyrá sapukaî'e'ymebéne
"Na verdade, três vezes negarás ser meu discípulo antes de o galo cantar duas vezes",Mosapy ipó xe boîáramo nde rekó ereîkuakub mokõî gûyrá sapukaî'e'ymebéne,Mosapy ipó xe boîáramo nde rekó ereîkuakub mokõî gûyrá sapukaî'e'ymebéne,Mosapy ipó xe boîáramo nde rekó ereîkuakub mokõî gûyrá sapukaî'e'ymebéne
Vindo com os três reis pela estrela,Mosapy reîá reru îasytatá rupi é,Mosapyr morubixaba pyri i xupé ruri,Mosapy reîá reru îasytatá rupi é
três,mosapyr,mosapyr,mosapyr
Três pessoas vieram,Mosapyr abá our,Mosapyr abá our,Mosapyr abá our
três ou quatro anos após os enterrarem,mosapyr koîpó oîoirundyk seîxu ybŷá o tym'iré,mosapyr koîpó oîoirundyk seîxu ybŷá o tym'iré,mosapyr koîpó oîoirundyk seîxu ybŷá o tym'iré
Três são as potências de nossa alma a respeito das coisas,Mosapyr ma'e resé asé 'anga 'ekatuaba,Mosapyr ma'e resé asé 'anga 'ekatuaba,Mosapyr ma'e resé asé 'anga 'ekatuaba
três chefes,mosapyr morubixaba,mosapyr morubixaba,mosapyr morubixaba
"Três chefes chamados ""reis"" que vêm da direção do Oriente","Mosapyr morubixaba ""reis"" 'îaba kûarasysembaba koty suí ouryba'e","Mosapyr morubixaba ""reis"" 'îaba reru îasytatá suí","Mosapyr morubixaba ""reis"" 'îaba kûarasysembaba koty suí ouryba'e"
três dedos dos pés,mosapyr mysã,mosapyr mosapyr,mosapyr mysã
Três de seus discípulos,Mosapyr o boîá,Mosapyr o boîá,Mosapyr o boîá
terceiro,mosapyra,mosapyra,momosapysara
"de três em três, três cada um",mosapysapyr,mosapysapyr,mosapysapyr
dispersar,mosasãi,ekyi ,mosasãi
Os que acreditam em sonhos,Mosaûsuba rerobîasara,I kerype îerobîasara,Mosaûsuba rerobîasara
querendo ir tu para o lado de gente,mosé esópotá,t'ereîu oré koty,mosé esópotá
despedir,mosem,mimondó; paresara; temimondó enviar,mosem
soltar,mosem; erab,(intr): nheapumi; nhepumi; (tr): pumi; 'apiramõ,mosem; erab
apavorar,mosyk}ié,Asykyîé,mosyk}ié
assustar,mosykyié,mo'ang,mosykyié
alisar,mosym,moepy,mosym
firmar,moten,mopungá,moten
fixar,moten,moingé,moten
desonrar,motibyk,momburu,motibyk
defumar,motimbor,(intr): puk; (tr): mobok,motimbor
branquear,moting,mongaraíb,moting
embranquecer (tr),moting,mongaraíb,moting
enjoar (tr),moting,mara'ara; mba'easy,moting
"Castiga o maldito, fazendoo correr","Moxy oînupã, i monhana","I abaeté koba'e moxy oîmomaran, oîeporaká","Moxy oînupã, i monhana"
fritar,moxyryryk,andub,moxyryryk
derreter,moyku,ka'a,moyku
turvar (a água de),mo'ypiting,yty,mo'ypiting
colares azuis,mo'yrobyeté,mo'yrobyeté,mo'yrobyeté
Colares azuis não vistos (ainda),Mo'yrobyeté sepîakypyre'yma,Mo'yrobyeté sepîakypyre'yma,Mo'yrobyeté sepîakypyre'yma
enfileirar,moysyrung,kokaba,moysyrung
parente,mü,se,mü
cadeia,mundeoka,kokaba,mundeoka
o que foi encarcerado na prisão,mundeokype i mondebypyrûera,mundeokype i moarûapaba,mundeokype i mondebypyrûera
Para as armadilhas eles levam gente,Mundépe i porerasóû,Îuîpi'a pupé i porerasóû,Mundépe i porerasóû
Para as armadilhas eles levam gente,Mundépe i porerasóû,Îuîpi'a pupé i porerasóû,Mundépe i porerasóû
Um prisioneiro fazeisme sempre libertar,Mundepora amõ îepé peîmosemukar ixébe îepi,Mundepora amõ xe apypyka,Mundepora amõ îepé peîmosemukar ixébe îepi
Fica pisando o maldito,Muru ri opurũpurung,A'eĩ turi,Muru ri opurũpurung
Cercando os miseráveis para encher nosso fogo,Muru rokysyma îandé ratá poraká,Îasó mba'eîare'yma îandé ratá poraká,Muru rokysyma îandé ratá poraká
maldito,muru; moxy,Aîmonhang serãserã,muru; moxy
maracujá,murukuiá,aîpi 'y,murukuiá
Deus parece obter o descanso,Mutu'u resé Tupã îekosuberame'ĩ,Tupã oîemoîoîá,Mutu'u resé Tupã îekosuberame'ĩ
"Deus parece obter descanso, como se fazer quaisquer coisas fosse cansaço de Deus",Mutu'u resé Tupã îekosuberame'ĩ Tupã kane'õ mba'e tetiruã monhanga îaramẽ,Tupã oîerobîá o kane'õ mba'e tetiruã Tupã kane'õ mba'e tetiruã monhanga îaramẽ,Mutu'u resé Tupã îekosuberame'ĩ Tupã kane'õ mba'e tetiruã monhanga îaramẽ
Trouxe a coragem,Myatã ogûeru,Aîepysykatã,Myatã ogûeru
bulir,mYi,(intr): puk; (tr): mobok,mYi
andorinha,myiu'i,aka,myiu'i
topo de escada,mytamytáypy,apé koty,mytamytáypy
topo da escada,mytamytáypy,asura,mytamytáypy
assim,nã,nã,nã
"Não que alguém se compadecerá deles, não que alguém vá libertálos","Na abá o aûsubary îanondé ruã, na abá o pysyrõ îanondé ruãne","Na abá o aûsubary îanondé ruã, na abá o îepysyrõ îanondé ruãne","Na abá o aûsubary îanondé ruã, na abá o pysyrõ îanondé ruãne"
ninguém,na abá ruã; (na neg): abá ninho,Na abá ruã; (na neg): abá ninho,na abá ruã; (na neg): abá ninho
Eu não sou padre,Na abaré ruã ixé,Na abaré ruã ixé,Na abaré ruã ixé
Assim dizem sempre,Nã e'i memẽ îepi,Nã e'i memẽ îepi,Nã e'i memẽ îepi
Os que assim dizem,Nã e'iba'e,Nã e'iba'e,Nã e'iba'e
não já assim,na emonani,na emonani,na emonani
"Não são modos de o honrar a bebedeira, o maltratar seu próximo, atacandoo","Na i moetesaba ruã ka'u, o apixara rerekoaíba, sopenhana","Nd'e'i te'e amõ rapépe oîmoeté, oîe'u, o apixara moŷrõmo, sesé i momarana","Na i moetesaba ruã ka'u, o apixara rerekoaíba, sopenhana"
Eu não,Na ixé ruã,Na ixé ruã,Na ixé ruã
Não sou eu que vou,Na ixé ruã asó,Na ixé ruã asó,Na ixé ruã asó
Não porque eu fui veio ele,Na ixé sóreme ruã turi,Na xe sopeî turi,Na ixé sóreme ruã turi
Não porque eu fizesse algum mal,Na marã xe rekóreme ruã,Na marã xe rekóreme ruã,Na marã xe rekóreme ruã
Não doutro modo eles me combaterão,Na marandé ruã i pokoki xe rine,Na emonani i pokoki xe rine,Na marandé ruã i pokoki xe rine
nada,na mba'e ruã; (na neg): mba'e nadar,tebira,na mba'e ruã; (na neg): mba'e nadar
"Não querendo comer, venho",Na mba'e 'u potá ruã aîur,"I gûabe'yma ri, xe ruri",Na mba'e 'u potá ruã aîur
"Não serão somente poucos anos, mas para sempre",Na mboby nhõ ruã akaîu'aîubane aûîeramanhẽte,Na mboby nhõ ruã akaîu'aîubane aûîeramanhẽte,Na mboby nhõ ruã akaîu'aîubane aûîeramanhẽte
Não são poucos,Na mboby ruã,Na mboby ruã,Na mboby ruã
"Tu não sossegas, não sabendo as ações dos inimigos","Na nde apysyki, tobaîara rekorama kuabe'yma","Na nde apysykatuî, tobaîara rekorama kuabe'yma","Na nde apysyki, tobaîara rekorama kuabe'yma"
"Não te convém o riso, não te fica bem o riso",Na nde arõî nde puká,Aan nde ratãngatu,Na nde arõî nde puká
"Não foste tu, certamente, que te atraíste pelas mulheres?",Na nde ruãte p'akó kunhã ri ereîemomotá?,Akó nde kunhã resé epûábo é?,Na nde ruãte p'akó kunhã ri ereîemomotá?
Mas não foste tu?,Na nde ruãte?,Na nde ruãte?,Na nde ruãte?
"Mas não foste tu, porventura, que te atraíste pelas mulheres?",Na nde ruãtepakó kunhã ri ereîemomotá?,Na nde ruãte p'akó kunhã ri ereîemomotá?,Na nde ruãtepakó kunhã ri ereîemomotá?
"Não fomos nós, mas nossos subordinados","Na oré ruã, oré kyra é","Na oré ruã, oré kyra é","Na oré ruã, oré kyra é"
Não vos perceberam,Na pe andubi,Na pe apysáî,Na pe andubi
Não vos perceberam Abaixaivos,Na pe andubi Peîaŷbyk,"Nd'ereîkuabipe xe, xe ra'yrĩ gûé?",Na pe andubi Peîaŷbyk
"Não tendes ouvidos, como de costume","Na pe apysáî, îandu",N'îaîopîari îandu,"Na pe apysáî, îandu"
"Não tendes ouvidos, como de costume, confundindo esta aldeia","Na pe apysáî, îandu, ikó taba apamonana",Na pe îandubi ikó taba apamonana,"Na pe apysáî, îandu, ikó taba apamonana"
"Não era Pedro, mas, sim, seu irmão","Na Pero ruã, tybyra a'e","Na Pero ruã, tybyra a'e","Na Pero ruã, tybyra a'e"
"Não faz mal, não há problema",Na sasyî,N'asé ruãtepe o emi'urama oîmonhang? Aani Mas não é a gente que faz sua comida?,Na sasyî
Não é muito forte o homem branco,Na satãngatuî maíra!,Na satãngatuî maíra!,Na satãngatuî maíra!
Ele não foi mesquinho antes de tua vinda aqui diante de mim,Na sa'ubi iké xe robaké nde rur'e'ymebé,Na mba'ee'ymangáî xedebo nde rur'e'ymebé,Na sa'ubi iké xe robaké nde rur'e'ymebé
Não são sem consequências os teus pecados,Na sa'ubi nde rekopoxy,Na nde angaîpabamo ruã nde rekoangaîpabe'ymamo?,Na sa'ubi nde rekopoxy
Não que não soubesse o que buscava,Na sekasaba kuabe'yma ruã,Na xe rekasara kuabe'yma ruã,Na sekasaba kuabe'yma ruã
Não são muitos meus pecados,Na setáî xe angaîpaba,Na setáî xe angaîpaba,Na setáî xe angaîpaba
Não são muitos meus pecados,Na setáî xe angaîpaba,Na setáî xe angaîpaba,Na setáî xe angaîpaba
Assim havemos de nos acariciar!,Nã takó îomomoranga re'a!,Nã takó îomomoranga re'a!,Nã takó îomomoranga re'a!
Assim havemos de nos acariciar?,Nã takó îomomoranga re'a?,Marãpe asé rekóû a'epe?,Nã takó îomomoranga re'a?
Quem me dera eu o fizesse estar deitado comigo assim!,Nã temõ ixé serubi mã!,Aîuká me'ĩmo mã!,Nã temõ ixé serubi mã!
Não foi à toa,Na tenhẽ ruã,Na mba'eeté ruã,Na tenhẽ ruã
Não foi à toa que os feriados surgiram para nós como um intercalação no trabalho,Na tenhẽ ruã 'areté marãtekoaba ri oîoparabamo 'ari îandébo,Na tenhẽ ruã areté oîoparabamo 'ari îandébo,Na tenhẽ ruã 'areté marãtekoaba ri oîoparabamo 'ari îandébo
Mas ele não era Deus?,Na Tupã ruãtepe a'e?,Na Tupã ruãtepe a'e?,Na Tupã ruãtepe a'e?
"Ele (isto é, o mar, o rio) não é fundo",Na typyî,Na sa'ĩ,Na typyî
Eu não levanto a cabeça,Na xe 'aîubyri,N'aî'abiúî,Na xe 'aîubyri
Eu não me altero,Na xe amarani,Na xe aîub,Na xe amarani
"Eu não tenho prepúcio (isto é, eu sou circuncidado)",Na xe 'amopiri,Na xe 'amopiri,Na xe 'amopiri
"Não desisto (teimo, sou importuno)",Na xe apori,N'aîepyki,Na xe apori
Insisti,Na xe apysáî,(tr): pukui; (intr): ygapukui remédio,Na xe apysáî
"Não dou ouvidos, não me importo",Na xe apysáî,Nd'asendube'yma'ubi,Na xe apysáî
"Não está em conformidade comigo, não é igual a mim",Na xe îáî,Na xe ruãî,Na xe îáî
Não me dá vontade de comer,Na xe îuruéî,N'aîpotari xe remi'u,Na xe îuruéî
"Eu não tenho boca cuidadosa (isto é, sou destemido em falar)",Na xe îuruposykyîéî,Na xe apysáî,Na xe îuruposykyîéî
"Eu não tenho boca sossegada (isto é, eu sou comilão)",Na xe îurupyki,Na xe îáî,Na xe îurupyki
Eu não estou doente,Na xe marani,Na xe marani,Na xe marani
Não me dá possibilidade,Na xe mo'ekatuî,Nd'ereîar umẽ xe reî,Na xe mo'ekatuî
"Não me faz palpitar o coração o diabo, visitandome",Na xe mopy'atytyki Anhanga xe rapekóbo,N'aîepymopyki xe py'a Anhanga xe rapekóbo,Na xe mopy'atytyki Anhanga xe rapekóbo
Eu não tenho anzol,Na xe pindáî,Na xe pindáî,Na xe pindáî
"Eu não sou resistente, eu não sou firme",Na xe popyatãî,Na xe pyatãî,Na xe popyatãî
Eu não estou sendo fantasioso,Na xe poranguî gûitekóbo,Na xe potari,Na xe poranguî gûitekóbo
Eu não sou medroso,Na xe poropoûsubi,Na xe poropoûsubi,Na xe poropoûsubi
Eu não sou afável,Na xe posykyîéî,Na xe posykyîéî,Na xe posykyîéî
Eu não tenho com que bater,Na xe pûasabi,Îepémo asó,Na xe pûasabi
Eu não tenho sapatos,Na xe pyapasabi,Na xe pyapasabi,Na xe pyapasabi
"Eu não estou forte (isto é, estou debilitado pela doença, pela fome, etc)",Na xe pyatãî,Na xe pyatãî,Na xe pyatãî
Eu não tenho dentes,Na xe rãî,Na xe rygûabi,Na xe rãî
Não porque não me ama,Na xe raûsube'ỹmbeî,Na xe raûsubi,Na xe raûsube'ỹmbeî
Não por me amar,Na xe raûsupeî,Na xe raûsupeî,Na xe raûsupeî
Eu não sou grave nos meus atos,Na xe rekoposyî,Na xe rekopoxyî,Na xe rekoposyî
Eu não sou constante,Na xe rekoposyî,Na xe rekoposyî,Na xe rekoposyî
Não serei pecador doravante,Na xe rekopoxyî xûé angiréne,Na xe rekopoxyî xûéne,Na xe rekopoxyî xûé angiréne
Eu não duro muito,Na xe rekosûeri,N'aîpysyketéî,Na xe rekosûeri
"Não é minha escrava, mas, sim, minha esposa","Na xe remiaûsuba ruã, xe remirekó a'e","Na xe remiaûsuba ruã, xe remirekó a'e","Na xe remiaûsuba ruã, xe remirekó a'e"
Eu não tenho preço alto,Na xe repymarangatuî,Na xe repymotyî,Na xe repymarangatuî
Tu não me detestas,Na xe reroŷrõî îepé,Na xe arõî,Na xe reroŷrõî îepé
Tu não me detestas,Na xe reroŷrõî îepé,Na xe arõî,Na xe reroŷrõî îepé
Não me detestam as prostitutas,Na xe reroŷrõî sygûaraîybora,Nd'aroŷrõî sygûaraîybora,Na xe reroŷrõî sygûaraîybora
"Eu não tenho visão, eu sou cego",Na xe resapysóî,Na xe resapysóî,Na xe resapysóî
Não por minha causa sua morte ocorrerá,Na xe resé ruã i îukasaba 'arine,Na ixé sero'aro'aî,Na xe resé ruã i îukasaba 'arine
Eu não estou feliz,Na xe rorybi,Na xe rorybi,Na xe rorybi
Eu não tenho resistência,Na xe rosangi,N'asasabi,Na xe rosangi
Oxalá não fosse eu,Na xe ruãeté ikó mã,Na xe reroîebypotari,Na xe ruãeté ikó mã
Não foi a meu pai que o dei,Na xe ruba supé ruã aîme'eng,Na xe ruba supé ruã aîme'eng,Na xe ruba supé ruã aîme'eng
Não por sair eu,Na xe sẽmbeî,Na xe sopeî,Na xe sẽmbeî
Não por ir eu,Na xe sopeî,Na xe sopeî,Na xe sopeî
Eu não sei (sou ignorante),Na xe tekokuabi,Na xe tekokuabi,Na xe tekokuabi
"Não encontro nem um pouco, absolutamente, algum ato passado deste homem no mal",N'abasẽmirĩangáî marãbirĩ ikó abá rekopûera amõ supé,N'abasẽmirĩangáî marãbirĩ ikó abá rekopûera amõ supé,N'abasẽmirĩangáî marãbirĩ ikó abá rekopûera amõ supé
"Não encontrei nem um pouquinho, absolutamente, algum ato deste homem no mal",N'abasẽmirĩangáî marãbirĩ ikó abá rekopûera amõ supé,N'abasẽmirĩangáî marãbirĩ ikó abá rekopûera amõ supé,N'abasẽmirĩangáî marãbirĩ ikó abá rekopûera amõ supé
Não estou acostumado,N'abîari,Nd'oroîaî xóne,N'abîari
quanto?,nãbo?; nãmo?; mobype?,oí:oirundyka,nãbo?; nãmo?; mobype?
Não sei (ignoro),N'a'ekatuî,Na xe tekokuabi,N'a'ekatuî
grandemente,nãetenhe,ka'apílanama,nãetenhe
Grandemente a aflição oprime minh'alma,Naetenhẽ ã tekotebẽ xe 'anga apypyki,Sugûékatu,Naetenhẽ ã tekotebẽ xe 'anga apypyki
Eis que grandemente a aflição oprime minha alma,Naetenhẽ ã tekotebẽ xe 'anga apypyki,Aîmoasy xe rekó,Naetenhẽ ã tekotebẽ xe 'anga apypyki
"Não sou diferente dele, pareçome com ele",N'aîabyî,"Aîmomoxy umẽ sesé, aîmomoxy",N'aîabyî
"Ah, quem me dera não ter transgredido outrora tuas palavras!",N'aîabŷî xûé temõ erimba'e nde nhe'enga mã!,Akûeîme temõ erimba'e nde nhe'enga n'aîabŷî xûétemo,N'aîabŷî xûé temõ erimba'e nde nhe'enga mã!
Não acato essa sua boa lei,N'aîari kó sekóangaturama,Aîpoxype aîpó tekókatu,N'aîari kó sekóangaturama
Nem me cruzei as palmas das mãos,N'aîasabi pópytera,N'aîpo'iririk,N'aîasabi pópytera
diminuto como isto,nãîbe'ĩnhot'a'ub,kybõngotypyryb,nãîbe'ĩnhot'a'ub
Não me acostumei,N'aîepokuabi,N'abîari,N'aîepokuabi
Tomara não seja eu o que jazerá primeiro,N'aîkóî ipó irã tuîba'eramo ranhẽne re'a,Na ixé ruã iîypy tenhẽ aîkó,N'aîkóî ipó irã tuîba'eramo ranhẽne re'a
"Não tenho a ver com ele, enfim (isto é, desisti dele)",N'aîkóî sesé ko'yté,N'aîkuabi i xupé mba'e amõ,N'aîkóî sesé ko'yté
Já não quero viver neste mundo falso,N'aîkópotari ymã ikó 'ara'uba pupé,N'aîkópotari ikó 'ara'uba pupé,N'aîkópotari ymã ikó 'ara'uba pupé
Não conheço esse homem,N'aîkuabi a'e abá,N'aîkuabi a'e abá,N'aîkuabi a'e abá
Não conheço esse homem,N'aîkuabi a'e abá,N'aîkuabi a'e abá,N'aîkuabi a'e abá
Não sei se morrerei nesta noite que surgirá,N'aîkuabi ikó pytuna o'aba'erama pupé xe re'õnama,N'aîkuabi ikó pytuna xe re'õnama,N'aîkuabi ikó pytuna o'aba'erama pupé xe re'õnama
Não sabia do perdão de Deus a mim,N'aîkuabi ixébo Tupã nhyrõagûera,N'aîkuabi ixébo Tupã nhyrõagûera,N'aîkuabi ixébo Tupã nhyrõagûera
Não omiti nada,N'aîkuakubi mba'e,N'aîme'engyî mba'e,N'aîkuakubi mba'e
Fiz que não o conhecia,N'aîkugûabe'yma'ubi,N'aîkugûabe'yma'ubi,N'aîkugûabe'yma'ubi
"Não entendo tua ida, não entendo que tu vás",N'aîmo'angi nde só,N'aîmo'angi nde só,N'aîmo'angi nde só
Não falto à igreja,N'aîmopanemi tupãoka,N'aîpe'aî Tupã suí,N'aîmopanemi tupãoka
De modo nenhum os temiminós tiram seus nomes antigos,Nainanĩ temiminõ o erumûana mombó,Nd'e'ikatuî temiminõ o erumûana mombó,Nainanĩ temiminõ o erumûana mombó
De modo algum os temiminós tiram seus nomes antigos,Nainanĩ temiminõ o erumûana mombó,Nd'e'ikatuî timbora o erumûana mombó,Nainanĩ temiminõ o erumûana mombó
De modo nenhum os temiminós tiram seus nomes antigos,Naînanĩ temiminõ o erumûana mombó,Nd'e'ikatuî temiminõ o erumûana mombó,Nainanĩ temiminõ o erumûana mombó
Finjo que não o quero,N'aîpotare'yma'ubi,N'aîpotare'yma'ubi,N'aîpotare'yma'ubi
Não o deixo de querer,N'aîpotare'ymi,N'aîme'engîari xe remimotara,N'aîpotare'ymi
Não deixarei de o querer,N'aîpotare'ymi xûéne,N'aîkóî ixé remimotara rupi,N'aîpotare'ymi xûéne
Não quero que os índios deixem isso,N'aîpotari abá seîara,N'aîpotari abá seîara,N'aîpotari abá seîara
Não quero que ele se achegue a vós,N'aîpotari pe ri i xyka,N'aîpotari pe ri i xyka,N'aîpotari pe ri i xyka
"Não tenho vida direita (isto é, sou uma prostituta)",N'akakuabi,N'a'ekatuî,N'akakuabi
"Não dormi, absolutamente, para procurálos",N'akerangáî sekasápe,Na xe posykyîéî nakó i xuí,N'akerangáî sekasápe
Não dormi absolutamente para procurálos,N'akerangáî sekasápe,Na xe rekyî i xupé sepîaka,N'akerangáî sekasápe
"Eu não enxergo (isto é, eu sou cego)",N'ama'ẽî,N'ama'ẽî,N'ama'ẽî
Do nada fez nossa alma,Nama'eruã oîmonhang asé 'angamo,Nama'eruã oîmonhang asé 'angamo,Nama'eruã oîmonhang asé 'angamo
"Do nada fez nossa alma, com sua palavra é que ele a fez","Nama'eruã oîmonhang asé 'angamo, o nhe'enga pupé é i monhangi","Nama'eruã oîmonhang asé 'angamo, o nhe'enga pupé é i monhangi","Nama'eruã oîmonhang asé 'angamo, o nhe'enga pupé é i monhangi"
o aleijado de orelhas,nambiasyka,apysyk (v apysyka),nambiasyka
"o semorelhas, coisa mocha",nambie'yma,timbora,nambie'yma
"peso de orelha, orelheira",nambipaîa,Oreîaó,nambipaîa
orelhas caídas,nambixoré,apysá,nambixoré
Rapamos nesta medida,Nãmo oroapin,Nãmo oroîekûab,Nãmo oroapin
pequeno como isto,nãmonhõta'ub,kybõngotypyryb,nãmonhõta'ub
Não me mexo,N'amyĩ,aan; aani; na ,N'amyĩ
abacaxi,naná,(variedades): ka'i; tu'i; tu'ityryka etc,naná
"NANAÚ, NANAUÍ, licor de ananás, bebida fermentada que os índios faziam com tal fruta",naná'y,naná'y,naná'y
"Assim, desta maneira, na verdade, a gente subirá para o céu, após lançar fora seu grande peso","Nandé rakó asé îeupiri ybakypene, o posyîusu reîtyk'iré","Nandé rakó asé îeupiri ybakypene, i pupé îandé moîegûaka roîré","Nandé rakó asé îeupiri ybakypene, o posyîusu reîtyk'iré"
"Sendo assim, de costume, o diabo fica muito insistente pela gente",Nãneme amẽ Anhanga îeîukaibetéû moroesé,Nãneme amẽ Anhanga îandé ra'anga,Nãneme amẽ Anhanga îeîukaibetéû moroesé
Não é longe,N'apûéî,N'apûéî,N'apûéî
Nem por isso eu vou para longe,Naroîaî mamõ xe sóû,Naroîaî mamõ xe sóû,Naroîaî mamõ xe sóû
Nem por isso vou para longe,Naroîaî mamõ xe sóû,Aîpó resé n'asóî mamõ,Naroîaî mamõ xe sóû
Eis que não obedeço a meu pai verdadeiro,N'asapîari kó xe rubeté,N'asapîari xe rubeté,N'asapîari kó xe rubeté
Não cruzei suas palmas das mãos,N'asasabi i popytera,Nd'aîpotari nde pópe oroîepyka,N'asasabi i popytera
Não mais amarei o diabo,N'asaûsu benhẽî xûé Anhangane,N'asaûsu benhẽî xûé Anhangane,N'asaûsu benhẽî xûé Anhangane
"Não tenho pena das coisas (isto é, sou pródigo)",N'asaûsubari mba'e,N'aîmoasyî mba'e,N'asaûsubari mba'e
Não nos batizam também outras pessoas junto do padre?,N'asé reroki bépe amõ abá abaré pyri?,N'asé abé ruãpe abaré robaké oîasukapyka?,N'asé reroki bépe amõ abá abaré pyri?
Mas não é nossa pátria esta terra em que moramos?,N'asé retama ruãtepe ikó yby asé rekoaba?,N'asé retama ruãtepe ikó yby asé rekoaba?,N'asé retama ruãtepe ikó yby asé rekoaba?
De modo algum,N'asé ruãtepe o emi'urama oîmonhang?  Aani  Mas não é a gente que faz sua comida?,aan ipó re'a,N'asé ruãtepe o emi'urama oîmonhang? Aani Mas não é a gente que faz sua comida?
Mas não foi nosso pai que fez nosso corpo?,N'asé ruba ruãtepe asé reté oîmonhang?,N'asé ruba ruãtepe asé reté oîmonhang?,N'asé ruba ruãtepe asé reté oîmonhang?
Fiz que não o vi,N'asendube'yma'ubi  Fiz que não o ouvi N'asepîake'yma'ubi,N'asepîake'yma'ubi,N'asendube'yma'ubi Fiz que não o ouvi N'asepîake'yma'ubi
Não ouço tuas palavras,N'asendubi nde nhe'enga,N'asendubi nde nhe'enga,N'asendubi nde nhe'enga
Faço que não o vejo,N'asepîake'yma'ubi,N'asepîaki,N'asepîake'yma'ubi
Não vi os de cá,N'asepîaki kybõygûara,N'asepîaki îandé rapixara,N'asepîaki kybõygûara
Não fui de modo algum,N'asóangáî,N'asóangáî,N'asóangáî
Não quero ir para longe,N'asópotari mamõ,N'asópotari mamõ...,N'asópotari mamõ...
Não quero ir para longe,N'asópotari mamõ…,N'asópotari mamõ...,N'asópotari mamõ...
"Não digas por aí, falsamente, a respeito de ninguém",Nd' eré mõ tenhẽ umẽ abá resé,Nd' eré mõ tenhẽ umẽ abá resé,Nd' eré mõ tenhẽ umẽ abá resé
Por isso mesmo em tua grande força apóiome,Nd'a'é te'e nde ratãngatu resé gûiîekoka,Nd'a'é te'e nde 'ekatuetébo xe pysyrõmo,Nd'a'é te'e nde ratãngatu resé gûiîekoka
Ainda não estou cozido,Nd'a'éî gûiîypa ranhẽ,Nd'a'éî gûiîypa ranhẽ,Nd'a'éî gûiîypa ranhẽ
Não o amo ainda,Nd'a'éî saûsupa ranhẽ,Nd'a'éî saûsupa ranhẽ,Nd'a'éî saûsupa ranhẽ
Nem por isso se importa com o resgate de seus antigos pecados,Ndaeroîaî o ekoangaîpagûera repyme'engagûama resé o putupabamo,Na pe rekopoxyî pe rekopoxypûera repyme'engagûama resé,Ndaeroîaî o ekoangaîpagûera repyme'engagûama resé o putupabamo
Embelezoute grandemente,Ndaeté nde momorangi,Nde mombe'ugûasu,Ndaeté nde momorangi
Não durei,Nd'aîkopukuî,N'asapîari,Nd'aîkopukuî
Não confio em Macaxeras,Nd'arobîari Makaxera,Nd'arobîari Makaxera,Nd'arobîari Makaxera
Nem por isso eu vou para longe,Ndaroîaî mamõ xe sóû,Naroîaî mamõ xe sóû,Naroîaî mamõ xe sóû
Não trouxe nenhum parati,Nd'aruri amõ parati,Na xe parati,Nd'aruri amõ parati
"teu (s, tua, s)",nde,nde,nde
Que tu também venhas com Jesus,Nde abé Îesu irũmo t'ereîu,Nde abé Îesu irũmo t'ereîu,Nde abé Îesu irũmo t'ereîu
Tu mesmo assim procedeste,Nde aé ipó emonã ereîkó,Emonã ûĩ ereîkó,Nde aé ipó emonã ereîkó
Tu terás a alma limpa,Nde 'ãkytyngokyne,I porarábo nde rekó,Nde 'ãkytyngokyne
"Tua alma entregando para o diabo, ele se compraz muito","Nde 'anga me'enga anhanga pé, oangabókatu","Anhanga pé nde 'anga me'enga, sorybeté","Nde 'anga me'enga anhanga pé, oangabókatu"
"Para confortar tua alma, nós o ficamos abraçando","Nde 'anga moapysykápe, oroîaîubãîubã","Nde 'anga porakari, oroîese'a","Nde 'anga moapysykápe, oroîaîubãîubã"
"Para confortar a tua alma, nós o ficamos abraçando","Nde 'anga moapysykápe, oroîaîubãîubã","Nde 'anga porakari, oroîese'a","Nde 'anga moapysykápe, oroîaîubãîubã"
Abrasou tua alma o fogo dele,Nde 'anga osapy satá,Nde 'anga tatá oîmondyk,Nde 'anga osapy satá
Queimou tua alma o fogo dele,Nde 'anga osapy satá,Anhanga ratá t'okaî,Nde 'anga osapy satá
"Queimou tua alma o fogo dele, descendo",Nde 'anga osapy satá ogûeîypa,"Îaseîá nde rekó tatá suí, i gûeîypa",Nde 'anga osapy satá ogûeîypa
Não querendo que se apague a luz de tua alma,Nde 'anga resapesaba gûeba potare'yma,N'aîpotari nde 'anga resapesaba kanhemi,Nde 'anga resapesaba gûeba potare'yma
Tua alma é o que tem muito preço,Nde 'anga sepyetéba'e,Nde 'anga seba'e,Nde 'anga sepyetéba'e
"Entregando tua alma, que Deus dignifica, para o diabo",Nde 'anga Tupã remimomba'eté me'enga anhanga pé,Anhanga pé Tupã remimomba'eté me'enga anhanga pé,Nde 'anga Tupã remimomba'eté me'enga anhanga pé
"Tua alma elimina a posse do céu com coisas fétidas e más, borrandoa por causa delas","Nde 'anga ybaka rerekoarambûera mba'enẽmemûã pupé oîmomemûã, sesé i monana","Nde 'anga ybaka oîmotebẽmemûã mba'enẽmemûã suí i moîasuka, sesé i monana","Nde 'anga ybaka rerekoarambûera mba'enẽmemûã pupé oîmomemûã, sesé i monana"
Tua bondade não cessa,Nde angaturama n'opyki,Nde angaturama n'opyki,Nde angaturama n'opyki
Maravilhoute a vista de homens belos?,Nde angerasópe abáporangepîaka?,Ereîpysyrõpe abáporangepîaka?,Nde angerasópe abáporangepîaka?
Que somente a ti eu ame,Nde anhõ t'oroaûsu,Nde anhõ t'oroaûsu,Nde anhõ t'oroaûsu
"Apressate, corre, vem!","Nde apûan, enhan, eîu!","Eresepûá, îori!","Nde apûan, enhan, eîu!"
"Consolate muito, enfim, após tua saída da escuridão, da aflição de tua alma",Nde apysykatu ko'yté pytunusu nde 'anga moingotebẽsagûera suí nde sem'iré,"Ereîmbory ko'yté pytunusu suí o îepe'a ré, nde rekó repymondyka suí",Nde apysykatu ko'yté pytunusu nde 'anga moingotebẽsagûera suí nde sem'iré
"Tu foste chocarreira, estando deitada sobre teu próximo?",Nde arũaípe nde rapixara 'arybo eîupa?,Nde arũaípe nde rapixara 'arybo nde ruba?,Nde arũaípe nde rapixara 'arybo eîupa?
Tu te entristeceste ao alguém tratar bem teu próximo?,Nde arurupe abá nde rapixara rerekókatureme?,Nde arurupe abá nde rapixara rerekókatuagûera resé?,Nde arurupe abá nde rapixara rerekókatureme?
Aquietate Verdadeiramente este é teu caminho,Nde arybé Anheté kó nde rapé,Eké apysykatu kó,Nde arybé Anheté kó nde rapé
estando tu por longo tempo preguiçoso,nde ate'ỹmukuramo,Kype nde rekóû marãtekoagûere'yma,nde ate'ỹmukuramo
"Tu voltas o rosto para trás, olhando com a ponta dos olhos, sorrindo, espreguiçandote","Nde atybak, nde resápopybo ema'ẽmo, epukamirĩamo, eîepokábo tenhẽ","Aîmoîoîá muru, oîopîakĩamo, oîoamotare'ỹ, oîeapirõ","Nde atybak, nde resápopybo ema'ẽmo, epukamirĩamo, eîepokábo tenhẽ"
Eis que tu mesma me denunciaste,Nde é ã xe kuauká îepé,Nde aé ereîpynekûá xe ri,Nde é ã xe kuauká îepé
Teu poder aquietou este mundo,Nde 'ekatu kó 'ara moapysyki,Nde 'ekatu kó 'ara moapysykamo,Nde 'ekatu kó 'ara moapysyki
"Tu te agitaste, querendo fazernos viver","Nde ereîemosusuni, oré moingobépotá","Nde rasẽrasem, oré moingobé îepé","Nde ereîemosusuni, oré moingobépotá"
Tu trouxeste tua esposa?,Nde ererupe nde remirekó?,Ereîar ybyrá nde remirekó resé?,Nde ererupe nde remirekó?
Tu outrora me salvaste,Nde erimba'e xe pysyrõ îepé,Erimba'e xe pysyrõ,Nde erimba'e xe pysyrõ îepé
"No caso de o desejares muito mesmo, que se faça (tua vontade)","Nde i potasábokatu é, t'onhemonhang","Nde i potasábokatu é, t'onhemonhang","Nde i potasábokatu é, t'onhemonhang"
Seio tão bem como tu,Nde îabé ixé i kugûabi,Nde îabé t'aîkó,Nde îabé ixé i kugûabi
Come moderadamente,Nde îanhõte mba'e e'u,Nde îanhõte mba'e e'u,Nde îanhõte mba'e e'u
Tu és sempre nosso remédio,Nde îepi oré posanga,Nde îepi oré posangygûaba,Nde îepi oré posanga
"Assim como tu não queres que alguém furte de ti tuas coisas, guardate de furtar as coisas de alguém","Nde îosuí nde mba'e resé abá mondarõ nde i potare'yma îabé, teumẽ abá mba'e resé é mondarõmo","Nde mba'e resé abá mondarõ nde i potare'yma îabé, teumẽ amõ mba'e resé é mondarõmo","Nde îosuí nde mba'e resé abá mondarõ nde i potare'yma îabé, teumẽ abá mba'e resé é mondarõmo"
Contigo quero estar,Nde irũnamo aîkópotá,Nde irũnamo aîkópotá,Nde irũnamo aîkópotá
Contigo Nosso Senhor está,Nde irũnamo Îandé Îara rekóû,Nde irũmo Îandé Îara rekóû,Nde irũnamo Îandé Îara rekóû
Meu senhor te mata,Nde îuká xe îara,Nde îuká xe îara,Nde îuká xe îara
Tu falaste mal de alguém?,Nde îuru'arype abá amõ resé?,Nde îuru'arype abá amõ resé?,Nde îuru'arype abá amõ resé?
Ele te chama particularmente,Nde katu nde renõî,A'é ipó nde îuré,Nde katu nde renõî
"Eia tu, avante!",Nde katunhẽ,Eîpytybõ!,Nde katunhẽ
Sendo tu bom,Nde katuramo,Nde marangatu meémo,Nde katuramo
"Tu és a manhã, causa verdadeira da alegria do dia","Nde ko'ema, 'ara rorypabeté","Nde ko'ema, 'ara rorypabeté","Nde ko'ema, 'ara rorypabeté"
"Tu és a manhã, verdadeira alegria do dia","Nde ko'ema, 'ara rorypabeté","Nde ko'ema, 'ara rorypabeté","Nde ko'ema, 'ara rorypabeté"
Em tua direção fazendome voltar,Nde koty xe rerobaka,Nde koty xe rerobaka,Nde koty xe rerobaka
Tu tens namorada?,Nde kunhã'ype?,Nd'ererupe nde kunhã'yba?,Nde kunhã'ype?
Lembrate de mim!,Nde ma'enduá xe ri!,Nde ma'enduá xe ri!,Nde ma'enduá xe ri!
Lembrate bem de que morreu por tua causa,Nde ma'enduákatu nde resé se'õagûera resé,Nde ma'enduar nde resé se'õagûera resé,Nde ma'enduákatu nde resé se'õagûera resé
Lembrate bem de DeusFilho terse feito menino por tua causa,Nde ma'enduákatu nde resé Tupã Ta'yra nhemokunumĩagûera resé,"Nde ma'enduá Tupã xe ra'yrĩ, nde ra'yramo sekó resé",Nde ma'enduákatu nde resé Tupã Ta'yra nhemokunumĩagûera resé
Lembrate já do término de tuas coisas,Nde ma'enduar nde rekó pabagûama resé rá,Nde ma'enduar nde rekopûera resé rá,Nde ma'enduar nde rekó pabagûama resé rá
"Lembrate já de teus destinos últimos, do fim de tuas coisas","Nde ma'enduar nde rekosykagûama, nde rekó pabagûama resé rá","Nde ma'enduar nde rekorama resé, nde rekópyrama resé rá","Nde ma'enduar nde rekosykagûama, nde rekó pabagûama resé rá"
Ele há de ser (ou há de estar na condição de) teu espião!,Nde manhanamo t'oîkóne!,A'e nhẽ pe pûapẽne!,Nde manhanamo t'oîkóne!
Tu te enfureceste por causa de alguém?,Nde marãmotarype abá resé?,Abá supépe nde marãmotary?,Nde marãmotarype abá resé?
Se tivesses sido bom,Nde marangatu meémo,Nde nhemosaînãngatûabo,Nde marangatu meémo
"Estando doente, de verdade, não a ouviste, ou sendo preguiçoso?",Nde mba'easyramo épe nd'eresendubi koîpó nde ate'ymamo nhẽ?,"Nde marãmotareme, nd'eresapîari xûé koîpó nde rapirõmo?",Nde mba'easyramo épe nd'eresendubi koîpó nde ate'ymamo nhẽ?
"Tu fizeste mexericos, contando as palavras de teu próximo?",Nde mba'epûerype nde rapixarĩ nhe'engûera mombegûabo?,Nde nhe'engyrõpe nde rapixara nhe'enga mombegûabo?,"Nde mba'epûerype, nde rapixarĩ nhe'engûera mombegûabo?"
"Tu fizeste mexericos, contando as palavras de teu próximo?","Nde mba'epûerype, nde rapixarĩ nhe'engûera mombegûabo?",Nde nhe'engyrõpe nde rapixara nhe'enga mombegûabo?,"Nde mba'epûerype, nde rapixarĩ nhe'engûera mombegûabo?"
lugar onde estará teu filho,nde membyra rendaûama,nde membyra rendaûama,nde membyra rendaûama
Como teus filhos estando nós,Nde membyramo orokupa,Nde ra'yra îabé,Nde membyramo orokupa
Tu deste à luz por tua vontade?,Nde membyrápe erimba'e nde remimotarybo?,Erenhemoatyrõpe nde îosuí?,Nde membyrápe erimba'e nde remimotarybo?
Tornoute muito bondosa o senhor Deus,Nde moangaturameté pa'i Tupã,Nde nhe'engatu Tupã supé,Nde moangaturameté pa'i Tupã
Tornoute mais formosa que ela,Nde moaysóeté i xuí,I xosé nde,Nde moaysóeté i xuí
"Deus te fez viver, guardandote, não somente por uma semana, não somente por um ano, mas por muitos anos","Nde moingobé Tupã, nde rerekóbo n'oîepé îasy nhõ ruã, n'oîepé seîxu nhõ ruã, setá nhẽ seîxute","Nde moingobé Tupã, nde moingoepé n'oîepé îasy nhõ ruã, n'oîepé seîxu nhõ ruã, setá nhẽ seîxute","Nde moingobé Tupã, nde rerekóbo n'oîepé îasy nhõ ruã, n'oîepé seîxu nhõ ruã, setá nhẽ seîxute"
fazendote viver no meu coração,nde moingóbo xe py'ape,Xe ybỹîa pupé nde moingobé,nde moingóbo xe py'ape
"Amaldiçoate, temendo ver tua face","Nde momburu, nde robá repîápoûsupa",Nde nhõ nde moetesabamo,"Nde momburu, nde robá repîápoûsupa"
Embebedavate o cauim,Nde mondabeypó kaûĩ,Eî'u nde îosuí,Nde mondabeypó kaûĩ
Apropriastete de alguma coisa?,Nde mondápe mba'e amõ resé?,Ereîar tenhẽpe mba'e amõ?,Nde mondápe mba'e amõ resé?
Meteute pelo pescoço,Nde mondeb o aîurybo,Aîputupyk,Nde mondeb o aîurybo
Querem afugentarte,Nde monhegûasẽmotá,Nde mombe'upotá,Nde monhegûasẽmotá
Tu és guardião de mim,Nde morerekoar xe ri,Nde morerekoar xe ri,Nde morerekoar xe ri
"Sê tu guardião de mim, sob tuas mãos colocandome","Nde morerekoar xe ri, nde pó gûyrype xe nonga","Nde nhemosaînany xe ri, nde pópe xe moîar","Nde morerekoar xe ri, nde pó gûyrype xe nonga"
"Sê tu guardião de mim, sob tuas mãos colocandome","Nde morerekoar xe ri, nde pó gûyrype xe nonga","Nde nhemosaînany xe ri, nde pópe xe moîar","Nde morerekoar xe ri, nde pó gûyrype xe nonga"
Ficando a aumentar teu temor também,Nde nheangûaba bé irumõrumõmo,Nde nheangûaba bé,Nde nheangûaba bé irumõrumõmo
Tu tiveste palavras muito resmungonas?,Nde nhe'ẽkurukurukype?,Nde nhe'engetekatupe?,Nde nhe'ẽkurukurukype?
tuas palavras,nde nhe'enga,nde nhe'enga,nde nhe'enga
"Tu foste gabola, lembrandote de coisas más?",Nde nhe'engapaparaípe mba'epoxy resé nde ma'enduaramo?,"Nde remo'emype, mba'epoxy resé nde ma'enduaramo?",Nde nhe'engapaparaípe mba'epoxy resé nde ma'enduaramo?
Tu fizeste agressão com palavras a alguém?,Nde nhe'ẽporoîukaípe abá supé?,Nde nhe'ẽporoîukaípe abá supé?,Nde nhe'ẽporoîukaípe abá supé?
Tu tiveste para alguém palavras que violentam?,Nde nhe'ẽporoîukaípe abá supé?,Ereîmombe'upe nde rapixara nhe'engaipaba?,Nde nhe'ẽporoîukaípe abá supé?
Fazendo sair de tua alma o que havia no teu paganismo,Nde nhemongaraibe'yma pupé oîkoba'e mosema nde 'anga suí,Nde 'anga suí aîpó nde nhe'enga mombó,Nde nhemongaraibe'yma pupé oîkoba'e mosema nde 'anga suí
A ti somente louvandote muito!,Nde nhõ nde moetekatûabo!,Nde nhõ nde momba'etéû!,Nde nhõ nde moetekatûabo!
Não o mates tu sozinho,Nde nhõ umẽ eîuká,Nde nhõ umẽ eîkóbo,Nde nhõ umẽ eîuká
Se tu não endureceres teu coração,Nde nhy'ã nde i moatãnhẽe'ỹme,Nde 'anga moapysyk'ỹme,Nde nhy'ã nde i moatãnhẽe'ỹme
"Perdoalhes, ó meu pai!","Nde nhyrõ i xupé, xe ruby gûy !","Xe ruba, nde nhyrõ i xupé","Nde nhyrõ i xupé, xe ruby gûy !"
Perdoa tu nossas maldades,Nde nhyrõ oré angaîpaba resé,îandé raûsubá,Nde nhyrõ oré angaîpaba resé
Perdoa tu nossas maldades a nós como nós perdoamos aos que nos tratam mal,Nde nhyrõ oré angaîpaba resé orébe oré rerekomemûãsara supé oré nhyrõ îabé,Nde nhyrõ oré angaîpaba resé orébe oré rerekomemûãsara supé oré nhyrõ îabé,Nde nhyrõ oré angaîpaba resé orébe oré rerekomemûãsara supé oré nhyrõ îabé
"Tu, finalmente, perdoa a mim",Nde nhyrõtene xébo,Mbegûékatu aîmonhyrõ,Nde nhyrõtene xébo
Veio o que está em tua busca,Nde piara our,Nde piara our,Nde piara our
Sob tuas mãos estamos,Nde pó gûyrype oroîkó,Nde pó gûyrype oroîkó,Nde pó gûyrype oroîkó
"Sob tuas mãos estamos, em ti apoiandonos","Nde pó gûyrype oroîkó, nde resé oroîekoka","Nde pó gûyrype oroîkó, nde resé oroîekoka","Nde pó gûyrype oroîkó, nde resé oroîekoka"
"Em tuas mãos sentandose, vai o menino","Nde pópe ogûapyka, osó kunumĩ","Nde pópe ogûapyka, osó kunumĩ","Nde pópe ogûapyka, osó kunumĩ"
"Em tuas mãos sentandose, vai o menino, consolandote","Nde pópe ogûapyka, osó kunumĩ nde moapysyka","Nde pópe ogûapyka, osó kunumĩ, nde rapopé","Nde pópe ogûapyka, osó kunumĩ nde moapysyka"
"Em tuas mãos sentandose, vai o menino, por DeusPai fazendote curvar a cabeça","Nde pópe ogûapyka, osó kunumĩ, Tupã Tuba ri nde reroîeaŷbyka","Nde pópe ogûapyka, osó kunumĩ, Tupã koty, nde akanga patukasagûerype","Nde pópe ogûapyka, osó kunumĩ, Tupã Tuba ri nde reroîeaŷbyka"
Em tuas mãos nossa alma está,Nde pópe oré 'anga ruî,Nde pópe oré 'anga ruî,Nde pópe oré 'anga ruî
Amando tua grande beleza,Nde porãngatu raûsupa,Nde porãngatu ra'anga,Nde porãngatu raûsupa
Amando tua grande beleza,Nde porãngatu raûsupa,Nde porãngatu ra'anga,Nde porãngatu raûsupa
Tua pureza seja igual em mim,Nde poropotare'yma t'oîakatu xe resé,Nde ratãngatu t'oîkó xe resé,Nde poropotare'yma t'oîakatu xe resé
Teu costumeiro desejo sensual não se separava verdadeiramente de ti,Nde poropotarixûera nd'o'iretéî nde suí,Nde poropotarixûera nd'o'iretéî nde suí,Nde poropotarixûera nd'o'iretéî nde suí
Como tu és mau!,Nde poxy ûĩ!,Nde poxy ûĩ!,Nde poxy ûĩ!
Tu foste torpe com alguma irmã de tua esposa ou com sua parente próxima?,Nde poxype nde remirekó asykûereté amõ resé koîpó i mũmbyryba?,Ereîanga'ope nde remirekó asykûereté amõ resé koîpó nde mũmbyryba?,Nde poxype nde remirekó asykûereté amõ resé koîpó i mũmbyryba?
Tu foste desonesto com alguma irmã verdadeira de tua esposa?,Nde poxype nde remirekó asykûereté amõ resé?,Nde poxype nde remirekó asykûereté amõ resé?,Nde poxype nde remirekó asykûereté amõ resé?
"Tu queres ser mau Hás de ir, pois, para teu fogo",Nde poxypotara'ub T'eresó rõ nde ratápe,"Nde arũaípe, t'eresó rõ nde ratápe",Nde poxypotara'ub T'eresó rõ nde ratápe
Tu costumas levantarte no lugar em que estás diante de teu pai?,Nde pu'amixûé nde îekûápe nde ruba pé?,Nde pu'amixûé nde ruba pé?,Nde pu'amixûé nde îekûápe nde ruba pé?
Tu costumas levantarte diante de teu pai?,Nde pu'amixûé nde ruba pé?,Nde nhe'engybõpe nde ruba pé?,Nde pu'amixûé nde ruba pé?
Tu tens polução?,Nde purepukype?,Nde mondype?,Nde purepukype?
Tu te importas com teu filho?,Nde putupápe nde ra'yra resé?,Nde putupápe nde ra'yra resé?,Nde putupápe nde ra'yra resé?
Pensaste nalguma mulher?,Nde py'anhemongetápe kunhã amõ resé?,Ereîpensápe kunhã amõ resé?,Nde py'anhemongetápe kunhã amõ resé?
Bem no teu coração disseste isso?,Nde py'apekatupe aîpó eré?,Nde py'ape eré aîpó eré?,Nde py'apekatupe aîpó eré?
Estando eu junto de ti,Nde pyri gûitekóbo nhẽ,Nde pyri gûitekóbo nhẽ,Nde pyri gûitekóbo nhẽ
Descansa Não é muito forte o maíra,Nde pytuẽ Na satãngatuî maíra!,Nde arybé Anheté!,Nde pytuẽ Na satãngatuî maíra!
o namorado de tua filha,nde raîyra aba'yba,nde membyrĩ kunhã'yba,nde raîyra aba'yba
Por tuas pegadas há de ir minh'alma sempre,Nde rakypûera rupi t'osó xe 'anga îepi,Nde rakypûera rupi t'osó xe 'anga îepi,Nde rakypûera rupi t'osó xe 'anga îepi
Hás de ser,Nde ram,Eresó nhẽ peũî,Nde ram
"Pergunta tu, primeiro",Nde ranhẽ eporandub,Nde ranhẽ eporandub,Nde ranhẽ eporandub
abraçando a cintura de teu parceiro,nde rapixara ku'a îubana,nde rapixara nheŷnhangápe,nde rapixara ku'a îubana
Abraçando a cintura de teu companheiro,Nde rapixara ku'a îubana,Aîmoîoakypûé nde rapixara resé,Nde rapixara ku'a îubana
"abraçando a cintura de teu companheiro, estimulando teu desejo sensual","nde rapixara ku'a îubana, nde poropotápokyramamo","Nde rapixara rerekóbo, nde poropotápokyramamo","nde rapixara ku'a îubana, nde poropotápokyramamo"
"És parecido com um chamusco, ó coisa fedorenta!","Nde rapixara pixé, mba'enemy îu!","Kûarasy sembaba îabé ereîetu'u, mba'enemy îu!","Nde rapixara pixé, mba'enemy îu!"
"És parecido com um chamusco, ó coisa fedorenta!","Nde rapixara pixé, mba'enemy îu!","Kûarasy sembaba îabé ereîetu'u, mba'enemy îu!","Nde rapixara pixé, mba'enemy îu!"
Grita tu!,Nde rasẽ!,Pe rembyr!,Nde rasẽ!
retribuindo o amor a ti,nde raûsuba poepyka,i aûsuba pupé,nde raûsuba poepyka
teu sêmen ejaculado,nde ra'ypupuka,nde rygéapypûera,nde ra'ypupuka
"Após seres grande, serás mãe de Deus","Nde reburusu riré, Tupã syramo ereîkóne","Nde reburusu riré, Tupã syramo ereîkóne","Nde reburusu riré, Tupã syramo ereîkóne"
Tu tiveste excitação com teu amante?,Nde regûyrõpe nde agûasá resé?,Nde syramongatupe nde rapixarĩ resé?,Nde regûyrõpe nde agûasá resé?
com tua realeza temível,nde reîabaîté pupé,nde rekokatu pupé,nde reîabaîté pupé
o grande número de dias de tua vida,nde rekobesaba 'ara retá,nde rekobesaba 'aré,nde rekobesaba 'ara retá
"Querendo tua virtude, detesto minha cultura antiga","Nde rekokatu potá, aroŷrõ xe rekopûera",Sekopoxy resé aîkotebẽ xe rekopûera,"Nde rekokatu potá, aroŷrõ xe rekopûera"
imitando tua virtude,nde rekokatu ra'anga,Aîmo'ypiting,nde rekokatu ra'anga
"Teus pecados estando a aumentar, com efeito",Nde rekomemûã rumõrumõmo nhẽ,"Nde rekomemûã rumõrumõmo, ereropûar ybyrá nde remimotara rupi",Nde rekomemûã rumõrumõmo nhẽ
"Após resgatares bem tuas maldades antigas, que te regozijes muito com a virtude","Nde rekomemûãagûera repyme'ẽngatu roîré, t'ereîekosubeté tekoporanga resé","Nde rekomemûãagûera repyme'ẽngatu roîré, tekokatu resé ereîekosubeté","Nde rekomemûãagûera repyme'ẽngatu roîré, t'ereîekosubeté tekoporanga resé"
arrependendote fracamente de teus atos passados,nde rekopûera moasybebuîa,îase'o ko'yté nde rekopûera,nde rekopûera moasybebuîa
teus atos recentes,nde rekópysasu,aîpó nde remimonhanga,nde rekópysasu
Os que tu apresarás são reis,Nde rembiarama é oîkobé morubixaba,Nde rembiarama é oîkobé morubixaba,Nde rembiarama é oîkobé morubixaba
"O que tu escondeste, na verdade, onde tu roubaste?","Nde remimimbûera, anhẽ, umãmepe nde mondá?","Nde remimimbûera, anhẽ, umãmepe nde mondá?","Nde remimimbûera, anhẽ, umãmepe nde mondá?"
"Batendo sem motivo na tua esposa, tratandoa sempre como objeto maldito de pancada","Nde remirekó resé epûá tenhẽmo, mûasámbururamo serekóbo îepi","Nde remirekó resé tenhẽ oîerokybo, i momoxŷabo o ekó","Nde remirekó resé epûá tenhẽmo, mûasámbururamo serekóbo îepi"
Não sejas mentiroso por causa de ninguém,Nde remo'em umẽ abá resé,Nde remo'em umẽ abá resé,Nde remo'em umẽ abá resé
"Tu mentiste ao te confessares, disfarçando teus pecados?","Nde remo'emype nde nhemombegûápe, nde angaîpaba mo'anga?","Nde remo'emype nde nhemombe'upotápe, nde angaîpaba repyme'engagûama resé?","Nde remo'emype nde nhemombegûápe, nde angaîpaba mo'anga?"
"Tu mentiste acerca de teu próximo, difamandoo?",Nde remo'emype nde rapixara resé i moerapûanaípa?,Nde remo'emype nde rapixara resé i moerapûanaípa?,Nde remo'emype nde rapixara resé i moerapûanaípa?
teu nome,nde rera,nde rera,nde rera
Em teu nome guardome,Nde rera pupé anhenong,Nde rera pupé aîeroky,Nde rera pupé anhenong
"Tão logo ouvindo o teu nome, o diabo está tremendo","Nde rera rendupa abé, anhanga ryryî okûapa","Nde rera rendupa abé, anhanga ryapûan","Nde rera rendupa abé, anhanga ryryî okûapa"
"Tão logo ao ouvir o teu nome, o diabo está tremendo","Nde rera rendupa abé, Anhanga ryryî okûapa","Nde rera rendupa abé, anhanga ryapûan","Nde rera rendupa abé, Anhanga ryryî okûapa"
Fazte subir consigo hoje,Nde reroîeupi kori,Epu'ã nde u'u turi kori,Nde reroîeupi kori
"Odeiamte, expulsarteão","Nde reroŷrõ, nde mombóne","Asaûsu, nde mbo'a umẽ","Nde reroŷrõ, nde mombóne"
Teus olhos misericordiosos volta em minha direção,Nde resá poraûsubara erobak ixé koty,Nde resáporaûsubara t'opîá xe resé,Nde resá poraûsubara erobak ixé koty
Olhando na ponta dos teus olhos,Nde resápopybo ema'ẽmo,Nde resápopybo ema'ẽmo,Nde resápopybo ema'ẽmo
Teus olhos misericordiosos volta em minha direção,Nde resáporaûsubara erobak ixé koty,Nde resáporaûsubara t'opîá xe resé,Nde resá poraûsubara erobak ixé koty
"Tu tens olhos concupiscentes, olhando para alguém?",Nde resáporopotápe amõ resé ema'ẽmo?,Nde resáporopotápe amõ resé ema'ẽmo?,Nde resáporopotápe amõ resé ema'ẽmo?
Surpreendeute Deus a deleitarte com nossas palavras,Nde resapy'ari Tupã oré nhe'enga morypa,Eîmoeté Tupã oré nhe'enga nde resé oîmoeté,Nde resapy'ari Tupã oré nhe'enga morypa
Destila tuas lágrimas,Nde resa'y eîmondyky,Asysó sobá,Nde resa'y eîmondyky
"Destila tuas lágrimas, por detestálos",Nde resa'y eîmondyky seroŷrõsápe,Aîpytápûar,Nde resa'y eîmondyky seroŷrõsápe
Arrependendose ele de ter batido em ti,Nde resé i pûaragûera moasŷabo,Nde moapysykaagûera moasŷabo,Nde resé i pûaragûera moasŷabo
Contigo sempre estamos,Nde resé memẽ oroîkó,Nde resé oroîkó îepi,Nde resé memẽ oroîkó 
Contigo sempre estou,Nde resé memẽ oroîkó,Nde resé memẽ aîkó,Nde resé memẽ oroîkó
Contigo sempre estamos,Nde resé memẽ oroîkó ,Nde resé oroîkó îepi,Nde resé memẽ oroîkó 
Os que estão achegados a ti,Nde resé serosypyra,Nde resé tekoara,Nde resé serosypyra
De ti a morte não se aproximou,Nde resé te'õ n'osyki,Nde suí n'aîkóî xóne,Nde resé te'õ n'osyki
Sobramte galinhas e porcos,"Nde resemõ arinhama, taîasu",apé'ama,"Nde resemõ arinhama, taîasu"
na tua terra,nde retãme,nde retama resé,nde retãme
Ocupandome de ti,Nde ri xe nhemboryryîa,Nde moma'enduaramo,Nde ri xe nhemboryryîa
Desejando ardentemente ver tua face,Nde robá repîaka'upa,Aîmoîoparab nde robá repîaka,Nde robá repîaka'upa
Tendo saudades de tua face,Nde robá repîaka'upa ,Nde ma'enduar,Nde robá repîaka'upa 
Diante de ti sentandome eu,Nde robaké ûigûapyka,Nde robaké ûigûapyka,Nde robaké ûigûapyka
Tua casa santa edificamos,Nde rokangaturamûama oroîmoĩ ,Nde rokangaturamûama oroîybõ,Nde rokangaturamûama oroîmoĩ 
"Tua casa santa edificamos, amandote, tua imagem fazendo estar conosco","Nde rokangaturamûama oroîmoĩ, nde raûsupa, nde ra'angaba rerokupa","Nde rokangaturamûama oroîmoĩ, nde raûsupa, nde ra'angaba rerokupa","Nde rokangaturamûama oroîmoĩ, nde raûsupa, nde ra'angaba rerokupa"
entrando em tua casa,nde rokype oîkébo,nde rokype eîkébo,nde rokype oîkébo
"Entrando em tua casa, visitandote imediatamente","Nde rokype oîkébo, nde supa aûnhenhẽ","Aîké nde rokype, sepîakĩamo","Nde rokype oîkébo, nde supa aûnhenhẽ"
Tu te alegras quando um homem te apalpa?,Nde rorype abá nde abykyreme?,Ereîmoîekosupe abá nde moŷrõmo?,Nde rorype abá nde abykyreme?
Tu te alegraste por alguém estragálas?,Nde rorype abá serekomemûãagûera resé?,Nde rorype abá mondarõagûera resé?,Nde rorype abá serekomemûãagûera resé?
Tu te comprazes quando um homem apalpa teus seios?,Nde rorype nde kama abá sungáreme?,Nde rorype nde kama abá petekápe?,Nde rorype nde kama abá sungáreme?
Tu te alegras quando um homem apalpa teus seios?,Nde rorype nde kama abá sungáreme?,Nde rorype nde kama abá petekápe?,Nde rorype nde kama abá sungáreme?
Tu te alegraste por alguém cometer furto delas?,Nde rorype sesé abá mondarõagûera resé?,Nde rorype abá mondarõagûera resé?,Nde rorype sesé abá mondarõagûera resé?
"Tu estás muito feliz, ilusoriamente, envergonhando meus súditos","Nde roryroryba'u, xe boîá momara'a","Nde roryroryba'u, nde poropotare'yma pupé xe anama moŷrõmo","Nde roryroryba'u, xe boîá momara'a"
Fezte subir por te honrar,Nde rupiri nde moetesápe,Nde irũnamo aîkópotá,Nde rupiri nde moetesápe
"Quando tu vieste, já o tinha matado",Nde rureme aîuká umûan,"Nde rureme, aîuká umûãmo",Nde rureme aîuká umûan
"Se tivesses vindo, já o teria matado","Nde rurememo, aîuká umûãmo",Nde rur'iré aîmoîar temõ,"Nde rurememo, aîuká umûãmo"
"Tu, talvez para retribuir, atiras nele sempre as carícias desonestas",Nde serã i poepyka îomomorangaíba ereîapi ko'arapukuî,Nde serã i poepyka îomomoranga reîtyka îepinhẽ,Nde serã i poepyka îomomorangaíba ereîapi ko'arapukuî
"Tu, talvez para retribuir, atiras nele, o dia todo, a prostituição",Nde serã i poepyka sugûaraîy ereîapi ko'arapukuî,Nde serã i îepyka sugûaraîy ereîapi ko'arapukuî,Nde serã i poepyka sugûaraîy ereîapi ko'arapukuî
"Tu, talvez, para retribuir, a vida má, o desejo sensual atiras nele o dia todo","Nde serã i poepyka tekomemûã, poropotara ereîapi ko'arapukuî","Nde serã i poepyka tekomemûã, nhe'engaíba nde 'anga moaysóbo","Nde serã i poepyka tekomemûã, poropotara ereîapi ko'arapukuî"
Eu sou mais que tu,Nde sosé ixé,Ixé nde sosé,Nde sosé ixé
Que tu dês para nós teu belo filho,Nde t'ereîme'eng orébo nde membyporanga,Nde membyporangeté me'enga orébe,Nde t'ereîme'eng orébo nde membyporanga
Dentro de tuas entranhas como criança estando (deitado),Nde ybỹîa pupé pitangamo oúpa,Nde ybỹîa pupé pitangamo ereîetu'u,Nde ybỹîa pupé pitangamo oúpa
A ti suspiramos,Ndebe oronheangerur,Ndebe orosapukápukaî,Ndebe oronheangerur
A ti ficamos bradando,Ndebe orosapukápukaî,Ndebe orosapukápukaî,Ndebe orosapukápukaî
Para fazerte festa minha família fezme vir,Ndebo toryba monhanga xe anama xe mbouri,Anhemombe'u ndebe xe anama xe mbouri,Ndebo toryba monhanga xe anama xe mbouri
Não está dia,Nd'e'i 'ara,Na kori ruã,Nd'e'i 'ara
Minha morte não há de ser ainda,Nd'e'i ipó xe re'õnama ranhẽ re'a,Nd'e'i ipó xe re'õnama ranhẽ re'a,Nd'e'i ipó xe re'õnama ranhẽ re'a
Por isso mesmo o ladrão é o que deve ser enforcado como pena de seus roubos passados,Nd'e'i te'e abá mondá iî aîubykypyramo oîkóbo o mondarõagûera repyramo nhẽ,Nd'e'i te'e abá mondá morapitîagûera repyramo o mondarõagûera repyramo nhẽ,Nd'e'i te'e abá mondá iî aîubykypyramo oîkóbo o mondarõagûera repyramo nhẽ
"Por isso mesmo alguém, antes de se casar, confessase de seus pecados",Nd'e'i te'e abá o mendá îanondé onhemombegûabo o angaîpagûera resé,Nd'e'i te'e omendaryba'e o mendá îanondé onhemombegûabo o angaîpagûera resé,Nd'e'i te'e abá o mendá îanondé onhemombegûabo o angaîpagûera resé
"Por isso mesmo o homem se confessa a seu substituto, o padre",Nd'e'i te'e abá soŷpyra abaré supé onhemombegûabo,Nd'e'i te'e abá o apixara abaré supé onhemombegûabo,Nd'e'i te'e abá soŷpyra abaré supé onhemombegûabo
"Por isso mesmo, a pessoa que deseja a virtude mirrase de corpo",Nd'e'i te'e abá tekokatu potasara gûo'opore'yma,Nd'e'i te'e tekokatu momburûara og o'o resé onhemomburûabo,Nd'e'i te'e abá tekokatu potasara gûo'opore'yma
"Por isso mesmo o homem que quer a virtude se esvazia de corpo, fazendoo jejuar","Nd'e'i te'e abá tekokatu potasara og o'opore'yma, i moîekuakupa","Nd'e'i te'e abá tekomemûã potara og o'opore'yma, i moîekuakupa","Nd'e'i te'e abá tekokatu potasara og o'opore'yma, i moîekuakupa"
"Por isso mesmo o homem, com a virtude, dá asas a si para voar",Nd'e'i te'e abá tekokatu pupé onhemopepóbo o beberama resé,Nd'e'i te'e abá tekopoxy pupé o ati'yba reîa,Nd'e'i te'e abá tekokatu pupé onhemopepóbo o beberama resé
Por isso mesmo é que constituiu os padres como seus apaziguadores,Nd'e'i te'e abaré moingóbo o monhyrõsaramo,Nd'e'i te'e abaré moapysykamo sekóû,Nd'e'i te'e abaré moingóbo o monhyrõsaramo
"Por isso mesmo, então, os judeus a puxaram fortemente, fazendo vir junto a pele dele também","Nd'e'i te'e a'ereme Îudeus sykyîatãmo, i pira abé reru","Nd'e'i te'e a'ereme Îudeus sykyîatãmo, i kûara porarábo bé","Nd'e'i te'e a'ereme Îudeus sykyîatãmo, i pira abé reru"
"Por isso mesmo a gente, então, o louva assim que o vê",Nd'e'i te'e asé a'ereme i moetébo sepîaka bé,Nd'e'i te'e asé a'ereme i moetébo sepîaka bé,Nd'e'i te'e asé a'ereme i moetébo sepîaka bé
Por isso mesmo os que conversam com eles transgridem a palavra de Deus,Nd'e'i te'e i mongetasara Tupã nhe'enga abŷabo,Nd'e'i te'e i mongetasara Tupã nhe'enga abŷabo,Nd'e'i te'e i mongetasara Tupã nhe'enga abŷabo
Por isso mesmo os que tiram seu chapéu para eles transgridem a palavra de Deus,Nd'e'i te'e i xupé o akangaó'okara Tupã nhe'enga abŷabo,Nd'e'i te'e i xupé o akangaó'okara Tupã nhe'enga abŷabo,Nd'e'i te'e i xupé o akangaó'okara Tupã nhe'enga abŷabo
Por isso mesmo fez nosso pai primeiro como nosso progenitor,Nd'e'i te'e îandé rubypyrama monhanga îandé nhemonhangabamo,Nd'e'i te'e îandé rubypy monhanga îandé rubypyramo,Nd'e'i te'e îandé rubypyrama monhanga îandé nhemonhangabamo
Por isso mesmo será só chorar sem parar,Nd'e'i te'e îase'o anhõ monhanga i mombyke'ymane,Nd'e'i te'e îase'o anhẽ monhanga i pupé,Nd'e'i te'e îase'o anhõ monhanga i mombyke'ymane
"Por isso, na verdade, é que a gente detesta o pecado mais que a morte?",Nd'e'i te'e ipó asé pecado moabaetébo te'õ sosé?,Nd'e'i te'e ipó asé pecado rapirõmo te'õ sosé?,Nd'e'i te'e ipó asé pecado moabaetébo te'õ sosé?
"Por isso mesmo agora, sendo dia santo, eles estão felizes","Nd'e'i te'e ko'yr, onhemo'aretébo, og orybamo","Nd'e'i te'e ko'yr, onhemo'aretébo, toryba ri","Nd'e'i te'e ko'yr, onhemo'aretébo, og orybamo"
Por isso mesmo os moços entram sempre no lugar de beber cauim,Nd'e'i te'e kunumĩgûasu oîkébo memẽ kagûápe,Nd'e'i te'e kunumĩgûasu oîkébo îepi kaûĩ 'îápe,Nd'e'i te'e kunumĩgûasu oîkébo memẽ kagûápe
"Por isso mesmo os moços entram sempre no lugar de beber cauim, ali atacando as moças","Nd'e'i te'e kunumĩgûasu oîkébo memẽ kagûápe, a'epe kunhãmuku repenhana","Nd'e'i te'e kunumĩgûasu oîkébo kaûĩ ybyri, a'epe kunhãmuku repenhana","Nd'e'i te'e kunumĩgûasu oîkébo memẽ kagûápe, a'epe kunhãmuku repenhana"
"Por isso mesmo os moços, por os convidarem os chefes, entram sempre no lugar de beber cauim","Nd'e'i te'e kunumĩgûasu, morubixaba o sogûápe, oîkébo memẽ kagûápe","Nd'e'i te'e kunumĩgûasu, paîé o akakapa, oîkébo memẽ kaûĩ mbo'iragûama resé","Nd'e'i te'e kunumĩgûasu, morubixaba o sogûápe, oîkébo memẽ kagûápe"
"Por isso mesmo, o que os agrada em alguma coisa transgride a palavra de Deus",Nd'e'i te'e mba'e amõ resé i moîekosupara Tupã nhe'enga abŷabo,Nd'e'i te'e mba'e amõ resé Tupã nhe'enga abŷabo,Nd'e'i te'e mba'e amõ resé i moîekosupara Tupã nhe'enga abŷabo
Por isso mesmo eles não se deleitam com as boas coisas,Nd'e'i te'e mba'ekatu resé oîekosube'yma,Nd'e'i te'e mba'ekatu resé og orybamo,Nd'e'i te'e mba'ekatu resé oîekosube'yma
Por isso mesmo os escravos festejam este dia,Nd'e'i te'e miasûbetá ikó 'ara momoranga,Nd'e'i te'e miasûbetá ikó 'ara oîmoeté,Nd'e'i te'e miasûbetá ikó 'ara momoranga
"Por isso mesmo o maldito ataca os homens, fazendo piorar muito a maldade das pessoas","Nd'e'i te'e moxy abá ropenhana, abá angaîpaba moîerekoaibetébo","Nd'e'i te'e Anhanga abá mondyîa 'ara pupé, abá angaîpaba moîerekoaibetébo","Nd'e'i te'e moxy abá ropenhana, abá angaîpaba moîerekoaibetébo"
"Olhe bem que, por isso mesmo, o maldito ataca o homem",Nd'e'i te'e moxy keteté abá ropenhana,"Ereîmonhang ipó, ã tekotebẽ abá resé mba'easy ruri",Nd'e'i te'e moxy keteté abá ropenhana
"Olhe bem que, por isso mesmo, o maldito ataca o homem, tornandose apresador dele","Nd'e'i te'e moxy keteté abá ropenhana, sesé oîemoembiaryîá","Nde resakûakatu, irõ, Anhanga abá remimomosẽ, i îuraragûaîaramo sekóû","Nd'e'i te'e moxy keteté abá ropenhana, sesé oîemoembiaryîá"
Por isso mesmo as malditas correm,Nd'e'i te'e moxy onhana,Nd'e'i te'e kunhãangaîpaba onhana,Nd'e'i te'e moxy onhana
"Por isso mesmo as malditas correm, insultandose muito umas às outras",Nd'e'i te'e moxy onhana oîoa'omarangatûabo,"Nd'e'i te'e kunhã Anhanga onhana, oîoamotare'ỹmo",Nd'e'i te'e moxy onhana oîoa'omarangatûabo
Por isso mesmo as malditas correm como faíscas de fogo,Nd'e'i te'e moxy onhana tatá piririka îá,Nd'e'i te'e moxy onhana tatáapykábo,Nd'e'i te'e moxy onhana tatá piririka îá
"Por isso mesmo os malditos se alegram por causa deles, fazendo disputa por eles","Nd'e'i te'e moxy sesé og orybamo, sesé oîomoaîuabo","A'ereme bé, i moxyryrykypyra morybagûera resé i moasybagûera resé i moasybagûera resé","Nd'e'i te'e moxy sesé og orybamo, sesé oîomoaîuabo"
Por isso mesmo tua grande sujeira estraga as almas dos índios,Nd'e'i te'e nde ru'umusu abá 'anga momoxŷabo,Nd'e'i te'e nde nhũgûasu abá 'anga momoxŷabo,Nd'e'i te'e nde ru'umusu abá 'anga momoxŷabo
Por isso mesmo repreendeu a seu companheiro,Nd'e'i te'e o apixara akakapa,Nd'e'i te'e o apixara mombuka,Nd'e'i te'e o apixara akakapa
"Por isso mesmo repreendeu a seu companheiro, desagravandoo","Nd'e'i te'e o apixara akakapa, sepyka",I 'aragûera tatá pupé oîepegûabo,"Nd'e'i te'e o apixara akakapa, sepyka"
Por isso mesmo não tinha maldade antes de se destinar para mãe de Deus Filho,Nd'e'i te'e o poxye'ymamo TupãTa'yra syramo o îe'o îanondé,Nd'e'i te'e Tupã ra'yramo oîkó îanondé oîkóbomo,Nd'e'i te'e o poxye'ymamo TupãTa'yra syramo o îe'o îanondé
"Por isso tão somente nasceu dela, não lhe fazendo rombo","Nd'e'i te'e oá nhote i xuí, nd'i pekábo ruã","Nd'e'i te'e oúpa i xuí, nd'i pekábo ruã","Nd'e'i te'e oá nhote i xuí, nd'i pekábo ruã"
"Por isso mesmo eles estão felizes, pela permanência dele junto à casa de Deus","Nd'e'i te'e og orybamo, Tupãópyri i pytasagûera resé","Nd'e'i te'e og orybamo, Tupãópyri i pytasagûera resé","Nd'e'i te'e og orybamo, Tupãópyri i pytasagûera resé"
"Por isso mesmo, tendo saudades um do outro, ficam tristes","Nd'e'i te'e oîoepîaka'upa, o karukasyramo",Nd'e'i te'e o îoesé onhemomotarybo o karûápe,"Nd'e'i te'e oîoepîaka'upa, o karukasyramo"
Por isso mesmo todos os homens emagrecerão,Nd'e'i te'e opá abá angaîbaramone,Nd'e'i te'e opá abá 'arybo opá oîupabamo,Nd'e'i te'e opá abá angaîbaramone
Por isso mesmo todos os homens ficarão pálidos de aflição,Nd'e'i te'e opá abá robaîubamo tekotebẽ suíne,"Nd'e'i te'e opá abá angaîpaba, i mara'ara",Nd'e'i te'e opá abá robaîubamo tekotebẽ suíne
Por isso mesmo todos os homens estarão secos,Nd'e'i te'e opá abá tiningamo,Nd'e'i te'e opá abá 'arybo opá oîupabamo,Nd'e'i te'e opá abá tiningamo
"Por isso mesmo veio como precursor de Nosso Senhor, anunciandoo","Nd'e'i te'e oú Îandé Îara renotaramo, i mombegûabo","Nd'e'i te'e oú Îandé Îara renondé, i xupé oîkotebẽmo","Nd'e'i te'e oú Îandé Îara renotaramo, i mombegûabo"
Por isso mesmo quiseram igualarse todos a seu criador?,Nd'e'i te'e serã oîemoîoîápápotá o monhangara resé?,Xe 'anga nde raûsupara erasó seroîeupi,Nd'e'i te'e serã oîemoîoîápápotá o monhangara resé?
Por isso mesmo ficava caindo com ela por causa do seu peso,Nd'e'i te'e sero'aro'a i posyîa suí,Nd'e'i te'e o ati'yba rupi o'ar,Nd'e'i te'e sero'aro'a i posyîa suí
"Por isso mesmo, amandoa, não a fez carecer de nenhuma virtude",Nd'e'i te'e tekokatu amõ resé i mopaneme'ymi saûsupa,"Angari, emonã, nde ma'enduar umẽ mba'e amõ supé",Nd'e'i te'e tekokatu amõ resé i mopaneme'ymi saûsupa
Por isso mesmo Deus aqueles lançou no fogo,Nd'e'i te'e Tupã a'eba'e reîtyka tatápe,Nd'e'i te'e Tupã a'eba'e reîtyka tatápe,Nd'e'i te'e Tupã a'eba'e reîtyka tatápe
"Não em vão Deus disse isso, não dizendo "" pode ser""","Nd'e'i te'e Tupã aîpó o'îabo ""re'ĩ"" o'eyma","Naetenhẽ ruã Tupã aîpó o'îabo ""îe'ikatu"" o'îabo","Nd'e'i te'e Tupã aîpó o'îabo ""re'ĩ"" o'eyma"
"Por isso mesmo Deus te repeliu, desde então o fogo para sempre queimandote","Nd'e'i te'e Tupã nde pe'abo, a'epûerype tatá aûîerama nde rapŷabo","Nd'e'i te'e Tupã nde îuká, a'epûerype tatá aûîerama nde rapŷabo","Nd'e'i te'e Tupã nde pe'abo, a'epûerype tatá aûîerama nde rapŷabo"
"Por isso mesmo, até a terra que a gente pisa detesta os cadáveres daqueles",Nd'e'i te'e yby asé purungaba tiruã aîpoba'e re'õmbûera reroŷrõmo,Nd'e'i te'e yby asé rekoápe tiruã aîpoba'e re'õmbûera reroŷrõmo,Nd'e'i te'e yby asé purungaba tiruã aîpoba'e re'õmbûera reroŷrõmo
"Não é à toa, certamente, que, agora, todos os que te amavam ele liberta de ti","Nd'e'i te'e, ipó, ko'y opá nde raûsuparûera pysyrõmo nde suí","Na tenhẽ ruã, ipó, ko'y opá nde raûsuparûera nde suí i mosemamo","Nd'e'i te'e, ipó, ko'y opá nde raûsuparûera pysyrõmo nde suí"
"Por isso mesmo é que, em seus corações ficando a refletir, desafiam muito a Deus","Nd'ei te'e, o py'a pupé oîemongetángetábo, Tupã momburukatûabo","Nd'ei te'e, o py'a pupé onhemondarõ Tupã momburûabo","Nd'ei te'e, o py'a pupé oîemongetángetábo, Tupã momburukatûabo"
"Ele nunca acaba de completar as roupas (lit, não se mostra ele, enfim, completando as roupas) Nd'e'i ymûanĩ osóbo  Nunca acaba ele de ir (lit, não se mostra finalmente indo)",Nd'e'i ymûanĩ ahẽ aoba moaûîébo,Nd'e'i ymûanĩ ahẽ aoba moaûîébo,Nd'e'i ymûanĩ ahẽ aoba moaûîébo
Ele nunca acaba de completar as roupas,Nd'e'i ymûanĩ ahẽ aoba moaûîébo,Nd'e'i ymûanĩ ahẽ aoba moaûîébo,Nd'e'i ymûanĩ ahẽ aoba moaûîébo
"Muito devagar ele o mata (lit, não se mostra ele finalmente matandoo)",Nd'e'i ymûanĩ ahẽ i îukábo,Nd'e'i ymûanĩ ahẽ i îukábo,Nd'e'i ymûanĩ ahẽ i îukábo
Ainda é muito cedo para isso,Nd'e'iangáî,E'i ymûan é,Nd'e'iangáî
"Mas não pode a gente, de modo nenhum, contar o procedimento oculto de alguém?",Nd'e'ikatu angáîtepe asé abá rekónhemima mombegûabo?,Nd'e'ikatu angáîtepe asé abá rekó sekónhemima mombegûabo?,Nd'e'ikatu angáîtepe asé abá rekónhemima mombegûabo?
Também não se mostra digno aquele excomungado mesquinho de ouvir a missa,Nd'e'ikatu béî aîpó i pe'apyra'uba missa renduba resé,Naîaby béî ikó i pe'apyra'uba missa renduba resé,Nd'e'ikatu béî aîpó i pe'apyra'uba missa renduba resé
Também não pode aquele excomungado miserável ouvir a missa,Nd'e'ikatu béî aîpó i pe'apyra'uba missa renduba resé,Nd'e'ikatu béî aîpó i pe'apyra'uba missa renduba resé,Nd'e'ikatu béî aîpó i pe'apyra'uba missa renduba resé
Não pode a boca de ninguém contar as coisas muito dolorosas no inferno,Nd'e'ikatuî abá îuru Anhanga ratápe tekóasyeté mombegûabo,Nd'e'ikatuî abá îurupe mba'easyeté mombegûabo,Nd'e'ikatuî abá îuru Anhanga ratápe tekóasyeté mombegûabo
Não pode sequer uma única vez contar para alguém a transgressão da palavra de Deus que foi contada para si,Nd'e'ikatuî oîepé'ĩ tiruã Tupã nhe'enga abŷagûera o îoupé i mombe'upyrûera mombegûabo abá supé,Nd'e'ikatuî abá supé Tupã nhe'enga abŷagûera mombegûabo,Nd'e'ikatuî oîepé'ĩ tiruã Tupã nhe'enga abŷagûera o îoupé i mombe'upyrûera mombegûabo abá supé
Não pode com ela casarse enquanto a mantiver em esconderijo,Nd'e'ikatuî sesé omendá mimbápe serekó pukuî,Nd'e'ikatuî sesé omendá sekónhemima resé,Nd'e'ikatuî sesé omendá mimbápe serekó pukuî
Não pode com ela casarse enquanto a mantiver em esconderijo,Nd'e'ikatuî sesé omendá mimbápe serekó pukuî,Nd'e'ikatuî sesé omendá sekónhemima resé,Nd'e'ikatuî sesé omendá mimbápe serekó pukuî
Não pode alguém casarse com seu parente verdadeiro?,Nd'e'ikatuîpe abá o anameté resé omendá?,Nd'e'ikatuîpe abá o mũeté resé omendá?,Nd'e'ikatuîpe abá o anameté resé omendá?
Não pode alguém casarse com seu parente verdadeiro?,Nd'e'ikatuîpe abá o mũeté resé omendá?,Nd'e'ikatuîpe abá o mũeté resé omendá?,Nd'e'ikatuîpe abá o anameté resé omendá?
Não pode uma pessoa casarse ocultamente?,Nd'e'ikatuîpe abá omendánhemima?,Nd'e'ikatuîpe abá omendánhemima?,Nd'e'ikatuîpe abá omendánhemima?
Não pode o que não é padre fazer as coisas assim?,Nd'e'ikatuîpe abaréramo oîkoe'ymba'e emonã tekó monhanga?,Nd'e'ikatuîpe abaréramo oîkoe'ymba'e emonã tekó monhanga?,Nd'e'ikatuîpe abaréramo oîkoe'ymba'e emonã tekó monhanga?
Não pode outra pessoa batizar em vez do padre?,Nd'e'ikatuîpe amoaé abá oporomongaraípa abaré suí?,Nd'e'ikatuîpe amoaé abá oporomongaraípa abaré suí?,Nd'e'ikatuîpe amoaé abá oporomongaraípa abaré suí?
Não pode outra pessoa batizar em vez do padre?,Nd'e'ikatupe amõaé abá oporomongaraípa abaré suí?,Nd'e'ikatuîpe amoaé abá oporomongaraípa abaré suí?,Nd'e'ikatuîpe amoaé abá oporomongaraípa abaré suí?
A ti é que matam?,Ndepe nde îuká?,Ndepe nde îuká?,Ndepe nde îuká?
Não morarás com tua gente?,Nd'ereîkóî xópe nde anama irũmo?,Nd'ereîkóî xópe nde anama irũmo?,Nd'ereîkóî xópe nde anama irũmo?
Não sabes que Deus expulsou nosso pai primeiro por causa de um só ato seu?,Nd'ereîkuabipe Tupã îandé rubypy oîepé nhõ sekoaba suí i mosemagûera?,N'oîkuabipe Tupã îandé rubypy oîepé nhõ sekoaba suí i mosemagûera?,Nd'ereîkuabipe Tupã îandé rubypy oîepé nhõ sekoaba suí i mosemagûera?
Não sabes que Deus lançou neste mundo também tudo o que a gente sofre costumeiramente?,Nd'ereîkuabype Tupã opakatu ikó 'ara pupé îandé remimborarátyba abé seîtykagûera?,Nd'ereîkuabype Tupã opakatu ikó 'ara pupé îandé porabykyba abé seîtykagûera?,Nd'ereîkuabype Tupã opakatu ikó 'ara pupé îandé remimborarátyba abé seîtykagûera?
Não vens para me vingar?,Nd'ereîuri xe repyka?,Nd'ereîuri xe momba'etébo?,Nd'ereîuri xe repyka?
Não poderás doravante juntarte a tua esposa por ser isso um procedimento muitíssimo inconveniente,"Nd'erékatuî xûé angiré nde remirekó rerobyka, ã tekóabaíbetékatureme",Nd'erékatuî xûé angiré nde remirekó resé koîpó tekóabaíbeté re'a,"Nd'erékatuî xûé angiré nde remirekó rerobyka, ã tekóabaíbetékatureme"
Não poderás doravante juntarte a tua esposa,Nd'erekatuî xûé angiré nde remirekó rerobykane,Nd'erekatuî xûé angiré nde remirekó resé,Nd'erekatuî xûé angiré nde remirekó rerobykane
Não irás futuramente à guerra?,Nd'eresóî xópe irã gûarinĩ?,Nd'eresóî xópe marana resé?,Nd'eresóî xópe irã gûarinĩ?
"Não te envergonhas, porventura, de ti mesmo, ao dominarte o desejo sensual da carne podre?",Nd'eretĩpiã nde îosuí so'oaíba poropotara apyrasápe?,"Nd'oîpotaripe nde îosuí, to'o potá?",Nd'eretĩpiã nde îosuí so'oaíba poropotara apyrasápe?
Não beberás hoje o que eu mastigo,Nd'ere'uî xó kori xe remindu'une!,N'a'uî xó kori xe remi'u,Nd'ere'uî xó kori xe remindu'une!
Não beberás hoje o que eu mastigo,Nd'ere'uî xó kori xe remindu'une!,N'a'uî xó kori xe remi'u,Nd'ere'uî xó kori xe remindu'une!
"Mas tu brilhas mais que ele, iluminandonos todos com tua virtude","Ndete ereberá i xosé, oré resapébo pá nde rekokatu pupé","Na i xuí ruãte ereberá, opá nde rekokatu pupé enhemoputun","Ndete ereberá i xosé, oré resapébo pá nde rekokatu pupé"
Não lhe quis fazer mal o neném compadecedor,Nd'îaîmomarãpotari pitangĩmoraûsubara,"N'aîpotari i angaîpaba, pitangĩporanga",Nd'îaîmomarãpotari pitangĩmoraûsubara
Mas não iríamos para o céu se ele não morresse?,Nd'îasóî xûétepemo ybakype se'õe'ỹmemo?,Nd'îasóî xûétepemo ybakype se'õe'ỹmemo?,Nd'îasóî xûétepemo ybakype se'õe'ỹmemo?
E os judeus a um homem não mandaram tomar aquela cruz?,Nd'ogûarukarype Îudeus a'e cruz abá supé?,Nd'ogûarukarype Îudeus a'e cruz?,Nd'ogûarukarype Îudeus a'e cruz abá supé?
O maldito não difere de uma arara,Nd'oîabyî muru arara,Anhangaba'e n'oîapi îomomoranga suí,Nd'oîabyî muru arara
Não há coisa alguma de que ele não conte os detalhes,Nd'oîkóî mba'e amõ semiasapypapare'yma re'a,Nd'oîkóî mba'e amõ n'omombe'uî xûé,Nd'oîkóî mba'e amõ semiasapypapare'yma re'a
Não é mais pão,Nd'oîkóî rakó miapéramo,Nd'oîkóî xóne rakó miapéramo,Nd'oîkóî rakó miapéramo
Não havia nenhuma pessoa que se compadecesse dele?,Nd'oîkóîpe abá amõ i poreaûsuberekosaramo?,Nd'oîkóîpe abá amõ i poreaûsuberekosaramo?,Nd'oîkóîpe abá amõ i poreaûsuberekosaramo?
Não havia nada antes de Deus fazer o mundo?,Nd'oîkóîpe mba'e amõ Tupã 'ara monhang'e'ymebé?,Nd'oîkóîpe mba'e amõ Tupã 'ara monhang'e'ymebé?,Nd'oîkóîpe mba'e amõ Tupã 'ara monhang'e'ymebé?
Não sabe o senhor que eu sou um beberrão?,Nd'oîkuabipe ta'a kagûaramo xe rekó?,Nd'oîkuabipe ta'yramo xe rekó?,Nd'oîkuabipe ta'a kagûaramo xe rekó?
Não se arrependeram alguns de seus vitupérios após o injuriarem?,Nd'oîmoasyîpe amõ o nhe'engaibagûera iî a'o ré?,N'oîmoasyîpe amõ o nhe'engaibagûera o îoesé o membyra ré?,Nd'oîmoasyîpe amõ o nhe'engaibagûera iî a'o ré?
Não se arrependeram alguns de seus vitupérios?,Nd'oîmoasyîpe amõ o nhe'engaibagûera?,N'oîmoasyîpe amõ o angaîpámirĩagûera?,Nd'oîmoasyîpe amõ o nhe'engaibagûera?
Não (sofreria),Nd'oîporaráî xûémop'asé mba'e amõ 'ara pupé oîkóbomo?  Aani xûémo  Não sofreria a gente coisa alguma vivendo no mundo?,Nd'oîkóî xóne,Nd'oîporaráî xûémop'asé mba'e amõ 'ara pupé oîkóbomo? Aani xûémo Não sofreria a gente coisa alguma vivendo no mundo?
Não se separa algumas vezes da alma da gente?,Nd'o'iripe amõnyme asé 'anga suí?,Nd'o'iripe amõnyme asé rekobé suí?,Nd'o'iripe amõnyme asé 'anga suí?
Mas não porá a gente a mão na boca para desgrudála?,Nd'opo'ẽî xûétepe asé o îuru pupé i mbo'iragûama reséne?,Nd'oîeîurupotáî xûétepe amõ aîpó gûeîurupotá?,Nd'opo'ẽî xûétepe asé o îuru pupé i mbo'iragûama reséne?
Mas não enfiará a gente a mão em sua boca para partilo?,Nd'opo'ẽî xûétepe asé o îuru pupé i mbo'iragûama reséne?,Nd'e'i te'e ipó asé o îuru pupé i moîáno?,Nd'opo'ẽî xûétepe asé o îuru pupé i mbo'iragûama reséne?
Não seremos miseráveis,Nd'oré poreaûsubi xûéne,Nd'oroîkóî xóne,Nd'oré poreaûsubi xûéne
Não temos a ver com isso,Nd'oroîkóî aîpó resé,Nd'oroîkóî,Nd'oroîkóî aîpó resé
Não estaremos mais aflitos,Nd'oroîkotebẽ béî xóne,Nd'oroîkotebẽ béî xóne,Nd'oroîkotebẽ béî xóne
Não somos diferentes,Nd'oroîoabyî,Nd'oré abangabi,Nd'oroîoabyî
Não te denunciarei,Nd'oromombe'uî xóne,N'aîpotari nde suí mba'e amõ resé,Nd'oromombe'uî xóne
Não nos queremos bem,Nd'oronhoamotari,Nd'oronhoamotari,Nd'oronhoamotari
Não foi algum discípulo seu atrás dele?,Nd'osóîpe i boîá amõ sakypûeri?,Nd'oîkóîpe i boîá amõ sakypûeri?,Nd'osóîpe i boîá amõ sakypûeri?
"Nunca acaba de comer, não come fulano completamente as coisas",Nd'o'uapyî ahẽ mba'e,Nd'o'uapyî ahẽ mba'e,Nd'o'uapyî ahẽ mba'e
A gente não come carne de caça no dia de jejum,Nd'o'uî asé so'o îekuakuba 'ara pupé,Nd'a'uî asé so'o 'ara mokanheme,Nd'o'uî asé so'o îekuakuba 'ara pupé
Não vieram alguns anjos do céu?,Nd'ouripe karaibebé amõ ybaka suí?,N'oúîpe karaibebé amõ ybaka suí?,Nd'ouripe karaibebé amõ ybaka suí?
tu,"ne, nde, endé; iepé # para ti, a ti: ndebe, endébe; ndebo",pe,"ne, nde, endé; iepé # para ti, a ti: ndebe, endébe; ndebo"
"A ti suspiramos, gemendo",Nebe oronheangerur oré poasemamo,Nebe oronheangerur oré poasemamo,Nebe oronheangerur oré poasemamo
Digo que está muito bem (aceitando como opinião própria ou concedendo algo),Ne'ĩ a'é,Anhemombe'u ymã sepîaka,Ne'ĩ a'é
Eia de novo!,Ne'ĩ bé!,Irõ bé!,Ne'ĩ bé!
eia! (incitando com ênfase),ne'ĩ ne'ĩ!,"(de h): gtié; gily; (de m): iu (r, s)",ne'ĩ ne'ĩ!
faze como te parece,ne'ĩ n'endé aé,ne'ĩ n'endé aé,ne'ĩ n'endé aé
"Eia, puxao enfim!",Ne'ĩ sekyîa ko'yté!,Ererasó nhẽ!,Ne'ĩ sekyîa ko'yté!
"Ora, já agora leveo",Ne'ĩ serasóbo ko'yté,I xupé peẽ îeapyká,Ne'ĩ serasóbo ko'yté
"Eia, hei de ir contigo!",Ne'ĩ t'asó nde irũmo!,Ne'ĩ t'asó nde irũmo!,Ne'ĩ t'asó nde irũmo!
"Eia, afastame depressa!",Ne'ĩ taûîé xe reîyîa!,Xe raûsub ra'a!,Ne'ĩ taûîé xe reîyîa!
"Vamos, conversemos com os que nos procuram",Ne'ĩ t'îamongetá îandé rekasara ri,"Îasó, îandé atá mysakanga",Ne'ĩ t'îamongetá îandé rekasara ri
"Sus, que ele vá!",Ne'ĩ t'osó!,Ne'ĩ t'osó!,Ne'ĩ t'osó!
"Eia, meu aliado!",Ne'ĩ xe atuasar,"Eîori, xe rapixarĩ!",Ne'ĩ xe atuasar
Eia! Que vás logo! Apressate!,Ne'ĩ! T'eresó taûîé! Nde apûan!,"Eîmoîoîá, t'e'ianhẽ, t'e'ianhẽ",Ne'ĩ! T'eresó taûîé! Nde apûan!
"Eia, hei de ir contigo","Ne'ĩ, t'asó nde irũmo","Ne'ĩ, t'asó nde irũmo","Ne'ĩ, t'asó nde irũmo"
"Eia, enforcaos logo!","Ne'ĩ, taûîé i aîubyka!",Eîpytápûá!,"Ne'ĩ, taûîé i aîubyka!"
"Eia, depressa desviandome","Ne'ĩ, taûîé, xe reîyîa",Aîusãmoín xe rapupa'ũ,"Ne'ĩ, taûîé, xe reîyîa"
"Eia, que mores com o senhor Nicolau","Ne'ĩ, t'ereîkó pa'i Nikorá irũ","Tó, t'ereîkó pa'i Nikorá irũ","Ne'ĩ, t'ereîkó pa'i Nikorá irũ"
fedorento,nem (v nema); rem (v rema); ka ting (v katinga),a'o; erekoaiõ,nem (v nema); rem (v rema); ka ting (v katinga)
fedor,nema; katinga,apara; banga; apena tosar,nema; katinga
Não trouxeste foices?,N'ererupe îyapara?,N'ererupe anhanga mondyîa?,N'ererupe îyapara?
entalhe,nhã; anhã2,apek (s),nhã; anhã2
bacia,nha'e,ykua,nha'e
prato raso,nha'ẽmbeba,"(e)nha'e (r, s)",nha'ẽmbeba
"cinzas do alguidar, da bacia, feitas pelas chamas",nha'ẽpesẽuba,"Yby suí, ybytinga suí, tatá monhangymbyra",nha'ẽpesẽuba
"cinzas do alguidar, cinzas da bacia (feitas pelas chamas)",nha'ẽpesẽuba,algidãro,nha'ẽpesẽuba
"prato côncavo, prato fundo",nha'ẽpyko'ẽ,nha'ẽpyko'ẽ,nha'ẽpyko'ẽ
fonte,nhãia,nhãia,nhãia
os que põem armadilhas bem nos caminhos das fontes,nhãîmbiara pupékatu oîekotyrungyba'e,Mbype nhãîmbiara mo'ama,nhãîmbiara pupékatu oîekotyrungyba'e
correr,nhan,kokaba,nhan
corrida,nhana,kokaba,nhana
aranha,nhandu'i,akaiá,nhandu'i
teia de aranha,nhandu'ikesaba,îabebyrasyka,nhandu'ikesaba
Ungir o padre com óleo bento o que supõe morrer,Nhandykaraíba pupé abaré omanõmo'angyba'e pytuba,Abaré oîmoîasukaba 'arybo morosema,Nhandykaraíba pupé abaré omanõmo'angyba'e pytuba
bravo,nharõ,angaturama,nharõ
raiva,"nharõ; iemoY""rõ",se,"nharõ; iemoY""rõ"
rodar (intr),nhatiman; pararang; (rodar como pião): pyryrym,Aîmoamandab,nhatiman; pararang; (rodar como pião): pyryrym
volta,nhatimana; nhemoiereba,iebyr # voltar com; fazer voltar consigo: eroiebyr,nhatimana; nhemoiereba
pernilongo,nhati'üasu,îukyrapu'a,nhati'üasu
"A gente adora, com efeito, o que é feito de barro?",Nha'uma i monhangymbyra nhẽpe asé oîmoeté?,Nha'uma suí i monhangymbyra,Nha'uma i monhangymbyra nhẽpe asé oîmoeté?
o que é feito de barro,nha'uma suí i monhangymbyra,itá suí i monhangymbyra,nha'uma suí i monhangymbyra
barro,nhau'uma,ybyku'i,nhau'uma
casa de barro,nhau'umoka,ãme,nhau'umoka
efetivamente,nhe,nhe,nhe
"palavras grosseiras, de zombaria",nhe'ẽmemûã,nhe'engasy,nhe'ẽmemûã
cacarejar,nhe'eng,(intr): puk; (tr): mondyi; mopuk,nhe'eng
falar,nhe'eng,nhe'enga,nhe'eng
latir,nhe'eng,(intr): puk; (tr): mobok,nhe'eng
miar,nhe'eng,de,nhe'eng
mugir,nhe'eng,(intr): puk; (tr): mondyi; mopuk,nhe'eng
piar,nhe'eng,(intr): puk; (tr): mobok,nhe'eng
uivar,nhe'eng,nhe'eng,nhe'eng
urrar,nhe'eng,andub,nhe'eng
zurrar,nhe'eng,moabaité,nhe'eng
fala,nhe'enga,nhe'eng,nhe'enga
idioma,nhe'enga,nhe'enga,nhe'enga
palavra,nhe'enga,nhe'enga,nhe'enga
urro,nhe'enga,xe karukasy,nhe'enga
voz,nhe'enga,nhe'enga,nhe'enga
murmurar,nhe'engafb (xe); iuru'ar (xe) música,nhe'erueru (xe),nhe'engafb (xe); iuru'ar (xe) música
cantar,nhe'engar,nhe'engar,nhe'engar
músico,nhe'engasara,mimby ojapóva,nhe'engasara
palavra ruim,nhe'engasy,nhe'engasy,nhe'engasy
falador,nhe'engixilera,nhe'engixûera,nhe'engixilera
tagarela (s),nhe'engixílera,nhe'erueru; nhe'engafba,nhe'engixílera
xingar,nhe'engybõ,(intr): puk; (tr): mobok,nhe'engybõ
"Atiras nele, o dia todo, as palavras mentirosas",Nhe'ẽporangu ereîapi ko'arapukuî,"Eresẽmo, ko'arapukuî, nhe'engaporoîa",Nhe'ẽporangu ereîapi ko'arapukuî
gaguejar,nhe'erueru (xe),nhe'engybõ,nhe'erueru (xe)
gago,nhe'erueru; nhe'engafba,i nambimondokypyra,nhe'erueru; nhe'engafba
palavras desatinadas,nhe'ẽtekokugûabe'yma,nhe'engasy,nhe'ẽtekokugûabe'yma
palavras vãs,nhe'ẽtenhẽa,nhe'erueru (xe),nhe'ẽtenhẽa
aprender,nhembo'e,mbo'e,nhembo'e
aprendiz ,nhembo'e,posanga (m),nhembo'e
"companheiro de aprendizagem, condiscípulo",nhembo'eirũ,temimbo'e,nhembo'eirũ
escola,nhembo'esaba,mbo'esaba,nhembo'esaba
ponteiro da escola,nhembo'esaba kuabe'engaba,nhembo'esaba kuabe'engaba,nhembo'esaba kuabe'engaba
escondido,nhemim # às escondidas: nhemim escorar,nhe'eng,nhemim # às escondidas: nhemim escorar
antes de te esconderes,nhemimy îanondé,nde mbo'ir' e'ymebé,nhemimy îanondé
emagrecer,nhemoangaibar,(intr): nheapumi; nhepumi; (tr): pumi; 'apiramõ,nhemoangaibar
piscar,"nhemoesabyk (r, s) (xe); sapumim pitanga (= var de planta mi rtácea)",moepy,"nhemoesabyk (r, s) (xe); sapumim pitanga (= var de planta mi rtácea)"
ira,nhemojrõ,angekoam,nhemojrõ
Dificultando a primeira menstruação,Nhemondîara mo'ybatatãmo,nhemondy'ara rapirõmo,Nhemondîara mo'ybatatãmo
dificultando a primeira menstruação,nhemondy'ara mo'ybatatãmo,menstruación moabaib,nhemondy'ara mo'ybatatãmo
concepção,nhemonhangaba (v nhemo nhang),mondykaba; sykaba (v syk') concórdia,nhemonhangaba (v nhemo nhang)
brincar,nhemosarai,kutuk,nhemosarai
brincadeira,nhemosaraia,memfiã,nhemosaraia
"Faço a brincadeira, o jogo",Nhemosaraîa aîmonhang,Aîmoangaîbar,Nhemosaraîa aîmonhang
"gozador, brincalhão, zombeteiro",nhemosaraîxûera,"memüã, nhe'engasara",nhemosaraîxûera
ira que te impregna,nhemoŷrõ nde momungasara,nhemoŷrõ nde kama pupé,nhemoŷrõ nde momungasara
O oposto da ira é a paciência,Nhemoŷrõ robaîara tosanga,"ambyasy, marãmotar",Nhemoŷrõ robaîara tosanga
escarrar,nhenomun; u'u (xe),andub,nhenomun; u'u (xe)
humilde,nherane'ym/a,kunusãia,nherane'ym/a
briga,nhoepenhana,marãtekó,nhoepenhana
Ele passou diante de Ilhéus,Nhoesembé robabo i kûáî,Nhoesembé robabo i kûáî,Nhoesembé robabo i kûáî
carícia (sensual),nhomomoranga,moapysyk,nhomomoranga
conversa,"nhomongetá, íomongetá conversar (com)","nhomongetá, íomongetá conversar (com)","nhomongetá, íomongetá conversar (com)"
campo,nhü,itatyba (v itá),nhü
campo limpo,nhũasyma,Aîsupara,nhũasyma
campo limpo (sem árvores),nhũasyma,N'i ybyráî,nhũasyma
pelos campos,nhũbo,nhũ,nhũbo
em meio de campo repartindoos,nhũmyterype i mbo'îabo,nhũ me'enga,nhũmyterype i mbo'îabo
Em meio de campo repartindoos,Nhũmyterype i mbo'îabo,Îasytatá gûi'îabo,Nhũmyterype i mbo'îabo
cria dos campos (animal ou planta),nhũygûana,aembékorõîa,nhũygûana
coração,nhy'ã; py'a,tygé,nhy'ã; py'a
pulmão,nhy'ãbebuia,tygé,nhy'ãbebuia
murcho,nhynhyng/a,ambyasy,nhynhyng/a
ruga,nhynhynga,apPk ,nhynhynga
perdão,nhyrõ,Abebuî,nhyrõ
perdoar,nhyrõ (xe),nhyrõ,nhyrõ (xe)
Não parece bem fazer ele a defesa da morte fora de Jesus Cristo,N'i aîarõî Îesu Cristo taté é te'õ suí i îepirapûana,Na tenhẽ ruã Îesu Cristo re'õ suí i îepirapûana,N'i aîarõî Îesu Cristo taté é te'õ suí i îepirapûana
Não faz sentido ele fazer a defesa da morte fora de Jesus Cristo,N'i aîarõî Îesu Cristo taté é te'õ suí i îepirapûana,N'i aîarõî Îesu Cristo re'õ suí i îepirapûana,N'i aîarõî Îesu Cristo taté é te'õ suí i îepirapûana
"Não parece bem fazer ele a defesa da morte fora de Jesus Cristo, mas faz sentido que sua morte fosse a finalidade com que seu Pai o fez viver","N'i aîarõî Îesu Cristo taté é te'õ suí i îepirapûana, tuba i moingoaba se'õ a'e i aîarõ","Na katuî te'õ suí Îesu Cristo îepirapûana, tuba i moingoaba se'õ a'e i aîarõ","N'i aîarõî Îesu Cristo taté é te'õ suí i îepirapûana, tuba i moingoaba se'õ a'e i aîarõ"
Não desiste nosso inimigo de sempre nos tentar,N'i apori oré sumarã îepi nhẽ oré ra'anga,Eîpotare'ymumẽ oré raûsubagûera îepi nhẽ oré mo'ema,N'i apori oré sumarã îepinhẽ oré ra'anga
Não desiste nosso inimigo de sempre nos tentar,N'i apori oré sumarã îepinhẽ oré ra'anga,Eîpotare'ymumẽ oré raûsubagûera îepi nhẽ oré mo'ema,N'i apori oré sumarã îepinhẽ oré ra'anga
Não tem modo de o comer,N'i gûabi,N'a'uîe'uî,N'i gûabi
"Não são segundo a quantidade deles os peixes que ele apanha (isto é, o que ele pesca é muito aquém dos peixes que há)",N'i îáî pirá sembiara,Na pirá îagûara ruã,N'i îáî pirá sembiara
Oxalá ele não tivesse coisas boas!,N'i mba'ekatuî xûétemo ahẽ mã!,I mba'ekatu temõ mosanga mã!,N'i mba'ekatuî xûétemo ahẽ mã!
Não perdoa,N'i nhyrõî,Nd'ixapyrõî,N'i nhyrõî
"Não perdoam, não são afáveis","N'i nhyrõî, n'i îerekûabi","Na i nhyrõî, na saûsubari","N'i nhyrõî, n'i îerekûabi"
Não há modo de contálos,N'i papasabi,N'i papasabi,N'i papasabi
Não contém mais nada minha bolsa,N'i pori be'ĩ xe aîó,Na xe kagûápe mba'e ruã,N'i pori be'ĩ xe aîó
Não porque não queira,N'i potare'ỹme ruã,Na xe potare'ỹmbeî,N'i potare'ỹme ruã
Não se hão de esvanecer nem um pouco minhas palavras acerca daqueles futuros fatos,N'i rambûémirĩî xûé aîpó tekorama resé xe nhe'engane,N'asendubi xûé aîpó tekorama resé xe nhe'enga,N'i rambûémirĩî xûé aîpó tekorama resé xe nhe'engane
"Não tem limite, não tem fim","N'i sykabi, n'i papabi","N'i sykabi, n'i papabi","N'i sykabi, n'i papabi"
"Não tem limite, não tem fim","N'i sykabi, n'i papabi","N'i sykabi, n'i papabi","N'i sykabi, n'i papabi"
"Não existem mais as suas antigas terras Todas, desde então, não contêm muita coisa",N'i tybangáî setãmbûera Opá akûeîme n'i poretáî,N'i tybangáî setãmbûera Opá akûeîme n'i tybangáî,N'i tybangáî setãmbûera Opá akûeîme n'i poretáî
"Não existem mais absolutamente suas antigas terras Todas, há tempos, não contêm muita coisa",N'i tybangáî setãmbûera Opá akûeîme n'i poretáî,N'i tybangáî setãmbûera Opá akûeîme n'i tybangáî,N'i tybangáî setãmbûera Opá akûeîme n'i poretáî
Não há absolutamente servos meus,N'i tybangáî xe boîá,Naîkóî xe boîá,N'i tybangáî xe boîá
Não há muitos restos deles,N'i tybetáî semyrûera,N'i tybetáî semyrûera,N'i tybetáî semyrûera
"Não há ali choro, não há doença, não há fome, sede também não há","N'i tybi a'epe îase'o, mba'easy n'i tybi, n'i tybi ambyasy, 'useîa bé n'i tybi","Nd'e'ipe resé îase'o, nd'i pubakéî, nd'i ambyasyî, n'i 'useî","N'i tybi a'epe îase'o, mba'easy n'i tybi, n'i tybi ambyasy, 'useîa bé n'i tybi"
Não há nada errado,N'i tybi mba'ememûã,Nd'oîkóî mba'ememûã,N'i tybi mba'ememûã
Não houve sangue em teu parto,N'i tybi tugûy nde membyrasápe,N'i tybi tugûy nde me'engaápe,N'i tybi tugûy nde membyrasápe
Não há como passar por mim para os que caminham,N'i tybi xe rasapaba ogûataba'e supé,Naîkóî ipó xe rapekó mombegûaba,N'i tybi xe rasapaba ogûataba'e supé
Não haverá outra comida?,N'i tybi xûépe amõ mi'u?,N'i tybi xûépe amõ mi'u?,N'i tybi xûépe amõ mi'u?
Não se separam na guerra,N'i xandoki marana ri,N'aîkoéî marana,N'i xandoki marana ri
"Não teve mãe, não tem corpo, não teve começo","N'i xyî, na setéî, n'i ypyî","I xyî e'ymba'e, seté îare'yma, ypy'imbeba'e","N'i xyî, na setéî, n'i ypyî"
"Mas não teve mãe, sendo Deus verdadeiro?",N'i xyîtepe Tupãetéramo oîkóbo?,N'i xyîtepe Tupãetéramo oîkóbo?,N'i xyîtepe Tupãetéramo oîkóbo?
Não sentimos cansaço,N'îaîandubi kane'õ,Nd'oroîmoasyî,N'îaîandubi kane'õ
Não trabalhamos neste dia,N'îaporabykyî kó 'ara pupé,Nd'îasóî kori,N'îaporabykyî kó 'ara pupé
porventura,nipó; (na interr): iã? ipó?,ipó re'a; serã; ruã prover,nipó; (na interr): iã? ipó?
talvez,nipó; serã; (na interr): ipó? tamanduá,nipó; serã; (na interr): ipó? tamanduá,nipó; serã; (na interr): ipó? tamanduá
Não se cansam de rezar a Deus,N'oîerurépytubari Tupã supé,Nd'o'arûáî Tupã mongetá resé,N'oîerurépytubari Tupã supé
Não se cansam de pedir a Deus pelos que os resgataram,N'oîerurépytubari Tupã supé ogûenosemarûera resé,N'osykyîéî Tupã supé ogûenosemarûera resé oîerurébo,N'oîerurépytubari Tupã supé ogûenosemarûera resé
Não diferem uns dos outros,N'oîkoéî o îosuí,N'i îosuî o îosuî,N'oîkoéî o îosuí
Não se afligem os outros?,N'oîkotebẽî amõba'e,N'oîkotebẽî amõaé?,N'oîkotebẽî amõba'e
Não ficam receosos os outros de não serem objetos do perdão de Deus?,N'oîkotebẽî amõba'e Tupã nhyrõsabe'yma?,N'oîkotebẽî amõba'e Tupã nhyrõsabe'yma?,N'oîkotebẽî amõba'e Tupã nhyrõsabe'yma?
Não se afligem por nada,N'oîkotebẽî ma'e amõ resé,N'oîkotebẽî ma'e amõ resé,N'oîkotebẽî ma'e amõ resé
"Não abrandam sua raiva, não perdoam","N'oîmogûabi o nhemoŷrõ, n'i nhyrõî","N'aîkotebẽî nhemoŷrõ, n'i nhyrõî","N'oîmogûabi o nhemoŷrõ, n'i nhyrõî"
Não desobedecem nem um pouco os que moram no céu à vontade de Deus?,N'oîmomarãmirĩangáîpe ybakygûara Tupã remimotara?,N'oîmomarãmirĩangáîpe ybakygûara Tupã remimotara?,N'oîmomarãmirĩangáîpe ybakygûara Tupã remimotara?
Não desobedecem nem sequer um pouco os habitantes do céu à vontade de Deus?,N'oîmomarãmirĩangáîpe ybakygûara Tupã remimotara?,"N'oîmomarãmirĩangáîpe ybakygûara Tupã nhe'enga, o a'oîré?",N'oîmomarãmirĩangáîpe ybakygûara Tupã remimotara?
Mas não castigará o homem seu filho e seu escravo?,N'oînupãî xûétepe abá o a'yra o embiaûsubane?,Nd'ouripe ra'e abá o a'yra o embiaûsubane?,N'oînupãî xûétepe abá o a'yra o embiaûsubane?
Não quis em nós o assalto de nosso inimigo,N'oîpotari îandé ri îandé sumarã pu'ama,N'i potari îandé ri îandé sumarã îandé moaûîébo,N'oîpotari îandé ri îandé sumarã pu'ama
Somente até aqui hei de nomear coisas para ti,Nõmo nhõ ma'e t'asenõî ndebe,Kó é anhõ t'asenõî ndebe,Nõmo nhõ ma'e t'asenõî ndebe
Não honram seu criador,N'omoetéî o monhangara,I îara moabaetee'yma,N'omoetéî o monhangara
Não oporão resistência um ao outro,N'onherani xûéne o îoupéne,N'oîoabyî,N'onherani xûéne o îoupéne
"Não acabam os desejos sensuais, a lascívia, as maledicências","N'opabi moropotara, tesãînana, marã'é","Nd'oîkóî nhe'engasy, tekopoxy, nhe'engaipaba","N'opabi moropotara, tesãînana, marã'é"
Não cessam suas palavras duras,N'opyki i nhe'engatã,N'i nhe'engatãî i nhe'enga abŷápe,N'opyki i nhe'engatã
Não deixam de ser presas de nossas mãos os que se confessam,N'opyki nhemombegûara îandé pó suí sembiara,Nd'i rambûer i pó suí nhe'enga retyma,N'opyki nhemombegûara îandé pó suí sembiara
Não ficou ninguém no lugar da batalha,N'opytáî amõ abá maranápe,Nd'oîkóî amõ abá a'e maranápe,N'opytáî amõ abá maranápe
Não ficou ninguém no campo de batalha,N'opytáî amõ abá maranápe,N'opytáî amõ abá maranápe,N'opytáî amõ abá maranápe
Não o teríamos trazido a ti se ele não tivesse pecado,N'orogûeruri xûémo ndebe i angaîpabe'ỹmemo,"Îandé rekopoxy'ỹme é, nd'îaîpotari mba'e amõ kuapa",N'orogûeruri xûémo ndebe i angaîpabe'ỹmemo
Mas não se esforçam esses por aprender sempre?,N'osa'angitep'akó nhembo'e ko'arapukuî?,Nd'osa'angitep'akó nhembo'e?,N'osa'angitep'akó nhembo'e ko'arapukuî?
Mas não tentam esses aprender sempre?,N'osa'angitep'akó nhembo'e ko'arapukuî?,N'osa'angitep'akó nhembo'e ko'arapukuî?,N'osa'angitep'akó nhembo'e ko'arapukuî?
Mas não tentam esses aprender sempre?,N'osa'angitep'akó nhembo'e ko'arapukuî?,N'osa'angitep'akó nhembo'e ko'arapukuî?,N'osa'angitep'akó nhembo'e ko'arapukuî?
Não obedecerá a ela,N'osapîari,"Aan, nd'ereîkóî xóne",N'osapîari
Não se compadeceu Deus de alguém por causa dos que descenderiam (dele)?,N'osaûsubaripe Tupã amõ abá îeapykaba'erama resé?,N'oîabyîpe Tupã o a'yra resé o angaturamba'e?,N'osaûsubaripe Tupã amõ abá îeapykaba'erama resé?
igual (a; igualha),nungara,abyare'ymja,nungara
açoitar,nupã,manhana,nupã
Estou a latejar,Nynnyng a'é,Anhagûãnhagûãî,Nynnyng a'é
entupir (tr),o (,moting,o (
remendar,o (,moepy,o (
Tendoos no pescoço,O aîuri serekóbo,Aîe'amogûab,O aîuri serekóbo
Com sua própria filha ninguém se casa,O aîyra resé abá n'omendari,I aîyra resé abá n'omendari,O aîyra resé abá n'omendari
Estando com seus cocares brilhantes que são mais brancos que a geada,O akanetáberaba ro'yrypy'aka sosé morotingyba'e reroína,I py'a i pokangeté morotingyba'e sosé morotingyba'e,O akanetáberaba ro'yrypy'aka sosé morotingyba'e reroína
Antes de fazer embelezar sua alma,O 'anga moporangukar e'ymebé,I mokanhẽe'ymebé,O 'anga moporangukar e'ymebé
a vida de sua alma,o 'anga rekobesaba,ikó 'ara,o 'anga rekobesaba
"E mentindo também aquele que invoca sua alma, que acontece?","O 'anga renõîndara abé o îuraragûaîamo nhẽ, marãpe?","O ekobé resé îeruresaba abé o îuraragûaîamo nhẽ, marãpe?","O 'anga renõîndara abé o îuraragûaîamo nhẽ, marãpe?"
Receando por suas almas,O 'anga resé oîeangûabo,O ekobé resé oîeangûabo,O 'anga resé oîeangûabo
Por confundir o inimigo sua alma,O 'anga sumarã o mbo'eaíme,O sumarã moesãîa,O 'anga sumarã o mbo'eaíme
o que fica aumentando seus pecados,o angaîpaba irumõrumõsara,Aîpó i angaîpaba moîo'arybé,o angaîpaba irumõrumõsara
"Arrependendose de seus pecados, deplorandoos","O angaîpaba moasŷabo, seroîasegûabo","O angaîpaba moasŷabo, o karukasymo","O angaîpaba moasŷabo, seroîasegûabo"
Não sentindo o peso de suas maldades,O angaîpaba posyîûera andube'yma,I angaîpaba repîaki'ĩmo,O angaîpaba posyîûera andube'yma
"Detestando seu pecado, a transgressão da palavra de Deus","O angaîpaba, Tupã nhe'enga abŷagûera reroŷrõmo",O angaîpaba Tupã nhe'enga raûsupa,"O angaîpaba, Tupã nhe'enga abŷagûera reroŷrõmo"
Sendo mau,O angaîpabamo,I angaîpaba resé,O angaîpabamo
Não querendo repetir seu pecado que ele detestava,O angaîpagûera o emieroŷrõagûera reroîebypotare'yma,O angaîpánhemima o amotare'yma oîpotare'yma,O angaîpagûera o emieroŷrõagûera reroîebypotare'yma
Resgatando totalmente seus antigos pecados,O angaîpagûera repyme'engambapa,Opá o angaîpagûera repyme'enga,O angaîpagûera repyme'engambapa
O que não repete seus antigos pecados,O angaîpagûera reroîebysare'yma,I angaîpagûera reroîebypotare'yma,O angaîpagûera reroîebysare'yma
suas túnicas ficando a rasgar,o aobusu mondoróndoroka,aobusu mondoróbo,o aobusu mondoróndoroka
Suas túnicas ficando a rasgar,O aobusu mondoróndoroka,I akanga resé mondarõmo,O aobusu mondoróndoroka
"Suas túnicas ficando a rasgar, estando furiosos",O aobusu mondoróndoroka o marãmotaramo,"I akanga rasy, i moŷrõmbyramo",O aobusu mondoróndoroka o marãmotaramo
"Estando com suas roupas brancas, como recompensa de o terem batizado",O aótinga o mongaraibagûera repyramo reroína,"Aótinga pupé i gûapyka, i mongaraibypyra moîekosupa",O aótinga o mongaraibagûera repyramo reroína
"Tendo inveja por seu próximo ter coisas boas, entristecendose por isso","O apixara mba'ekatu rerekó moasŷabo, sesé onhemoangekoaípa","Abá mba'ekatu resé og orybamo, onhemoŷrõmo","O apixara mba'ekatu rerekó moasŷabo, sesé onhemoangekoaípa"
O que perseguiu o cão de seu próximo,O apixara reîmbaba îagûara remimomosẽgûera,Amõ abá mondyîa,O apixara reîmbaba îagûara remimomosẽgûera
o que perseguiu o cão de seu próximo,o apixara reîmbaba îagûara remimomosẽgûera,Abá repenhana,o apixara reîmbaba îagûara remimomosẽgûera
maltratar a seu próximo,o apixara rerekoaíba,abá rerekoaíba,o apixara rerekoaíba
Tendo relações sexuais com mulheres diante de sua companheira,O apixara robaké kunhã resé oîkóbo,Kunhã resé o apixara robaké oîo'omarangatûabo,O apixara robaké kunhã resé oîkóbo
Agradandose com o que o hospeda,O apysykamo o momytasara ri,I mongaraibypyra pupé t'oîkó,O apysykamo o momytasara ri
Com seus irmãos não pode ninguém se casar,O asykûera resé nd'e'ikatuî abá omendá,I asykûera resé abá nd'e'ikatuî omendá,O asykûera resé nd'e'ikatuî abá omendá
No seu próprio ombro levanta a cruz,O ati'yba ri krusá osupi,Cruz nongatusábo o py'ape,O ati'yba ri krusá osupi
"No seu próprio ombro levanta a cruz De fraqueza, Jesus fála cair consigo","O ati'yba ri krusá osupi Membeka suí, Îesu sero'ari","Nde ybype cruz debilea rerasóbo, Îesu nde pyri o'á","O ati'yba ri krusá osupi Membeka suí, Îesu sero'ari"
No seu próprio ombro levanta a cruz,O ati'yba ri kurusá osupi,Cruz nongatusábo o py'ape,O ati'yba ri krusá osupi
"No seu próprio ombro, levanta a cruz Por fraqueza, Jesus fála cair consigo","O ati'yba ri, krusá osupi Membeka suí, Îesu sero'ari","Nde ybype, cruz moíni, nde aseî, Îesu nde moîekosupa","O ati'yba ri, krusá osupi Membeka suí, Îesu sero'ari"
"Querem, sem mais, que as amem, ficando a enfeitarse","O aûsuba oîpotarĩ, oîemomorãmoranga","Asaûsu, i mongaturãmotá","O aûsuba oîpotarĩ, oîemomorãmoranga"
Assim procede para disfarçar a existência de seus filhotes,O a'yra kuakupa emonã sekóû,Emonã o a'yra kuakupa,O a'yra kuakupa emonã sekóû
Não corrigindo seu filho quando ele estiver no mal,O a'yra marãbirĩ sekóreme senonhene'yma,I pitanga i angaîpaba'e resé oîeerekûaba'e,O a'yra marãbirĩ sekóreme senonhene'yma
Com seu filho não se importando,O a'yra resé oputupabe'ymamo,I membyra n'oîandubi,O a'yra resé oputupabe'ymamo
O que a seu filho e a seu escravo faz trabalhar,"O a'yra, o embiaûsuba omoporabykyba'e","I a'yra, i embiaûsuba omoporabykyba'e","O a'yra, o embiaûsuba omoporabykyba'e"
Sua própria formosura também viram,O aysó abé osepîak,I porangeté bé sepîaki,O aysó abé osepîak
Maltratandoo todos os seus súditos,O boîaetá pabẽ serekomemûãmo,I angaîpaba mo'anga'upa,O boîaetá pabẽ serekomemûãmo
Como seus discípulos receberamvos,O boîáramo pe rari,I boîá rerekóbo,O boîáramo pe rari
"Para se vingar de seu cão que cria, um homem não o alimenta","O eîmbaba îagûara resé oîepyka, abá n'oîmomba'e'uî","Îagûara reburusu resé oîeapykábo, abá n'i remi'uî","O eîmbaba îagûara resé oîepyka, abá n'oîmomba'e'uî"
"Após arrependeremse de seus atos, os índios vão confessarse","O ekó moasy riré, abá sóû îemombegûabo","I angaîpagûera repyme'ẽngatu roîré, abá sóû îemombegûabo","O ekó moasy riré, abá sóû îemombegûabo"
"Após arrependeremse de seu procedimento, os índios vão confessarse","O ekó moasy riré, abá sóû îemombegûabo","I angaîpagûera repyme'ẽngatu roîré, abá sóû îemombegûabo","O ekó moasy riré, abá sóû îemombegûabo"
"Por sua maldade, todos os homems destrói","O ekopoxy resé, opabĩ abá mondyki",I angaîpaba resé opá abá mondyîa,"O ekopoxy resé, opabĩ abá mondyki"
Para disfarçar a existência de suas presas ele disse isso,O embiara kuakupa aîpó i 'éû,Iî aŷpybo i moîarukari,O embiara kuakupa aîpó i 'éû
O que não quer ir para onde está o que ele detesta para não o ver,O emiamotare'yma rekoápe osópotare'ymba'e sepîaka suí,Kuîaba'e o ekópe osópotare'yma,O emiamotare'yma rekoápe osópotare'ymba'e sepîaka suí
Com algum neto seu não pode ninguém se casar,O emiarirõ amõ resé nd'e'ikatuî abá omendá,I nhemonhangûera amõ resé abá nd'e'ikatuî omendá,O emiarirõ amõ resé nd'e'ikatuî abá omendá
"Com um neto ou uma neta, com algum descendente não pode ninguém se casar",O emiminõ koîpó o emiarirõ amõ îeapyká resé nd'e'ikatuî abá omendá,"O emiminõ koîpó o ykera amõ, o mũ abá nd'e'ikatuî omendá",O emiminõ koîpó o emiarirõ amõ îeapyká resé nd'e'ikatuî abá omendá
Com sua própria neta não pode ninguém casarse,O emiminõ resé nd'e'ikatuî abá omendá,I aûsuba nd'e'ikatuî abá resé omendá,O emiminõ resé nd'e'ikatuî abá omendá
Todos os que confessou com os que escondeu voltará a confessar,O emimombe'upûera o emikuakugûera irũmo bé i mombe'uîebyrine,I kuabypyre'yma supé opá oîmombe'u ymã,O emimombe'upûera o emikuakugûera irũmo bé i mombe'uîebyrine
Os que confessou com os que escondeu voltará a confessar,O emimombe'upûera o emikuakugûera irũmo bé i mombe'uîebyrine,"A'e nde kuauká, nde mima, i paparypyramo sekóûne",O emimombe'upûera o emikuakugûera irũmo bé i mombe'uîebyrine
Escondendo ser sua parente verdadeira a que ele perverteu,O emimomoxypûera o mũetéramo sekó kuakupa,O membyraeté reîari o ekoaibeté,O emimomoxypûera o mũetéramo sekó kuakupa
O que se casa bem contra sua vontade,O emimotare'ymakatu omendaryba'e,Abá omendákatu o potare'yma rupi nhẽ,O emimotare'ymakatu omendaryba'e
"Por sua vontade é que ele se entregou aos seus adversários, não resistindo?",O emimotarybo épe erimba'e i nheme'engi og upîarama pé onherane'yma?,"I nhe'enga poxybagûera resépe i nheme'engi, oîepysyrõ e'ymetébo?",O emimotarybo épe erimba'e i nheme'engi og upîarama pé onherane'yma?
O que conta o que não sabe bem,O eminguákatue'yma oîmombe'uba'e,Marã aîpó n'a'éî nhẽ,O eminguákatue'yma oîmombe'uba'e
Fazendo sua esposa trabalhar,O emirekó moporabykŷabo,I agûasá moîekosupa,O emirekó moporabykŷabo
"No seu jardim formoso chamado ""Paraíso Terreal""",O emitymaysó Paraíso Terreal seryba'epe,"Îandé ""Paradisópygûaîa"" 'îaba",O emitymaysó Paraíso Terreal seryba'epe
Dar também o dízimo naquilo que plantou primeiro,O emitymbûerypy pupé Tupã potáme'engano,Ereîme'eng bé Tupãpotáme'engano nde îeapykáypy pupé,O emitymbûerypy pupé Tupã potáme'engano
Dar também o quinhão de Deus naquilo que plantou primeiro,O emitymbûerypy pupé Tupã potáme'engano,Tupã mba'ekatu resé ereîme'engy bé,O emitymbûerypy pupé Tupã potáme'engano
Dar também o dízimo naquilo que plantou primeiro,O emitymbûerypy pupé Tupãpotáme'engano,Ereîme'eng bé Tupãpotáme'engano nde îeapykáypy pupé,O emitymbûerypy pupé Tupã potáme'engano
Não cozendo sequer sua comida,O emi'urama tiruã moîybe'yma,N'oîmoasyî,O emi'urama tiruã moîybe'yma
Estou de joelhos,O endypy'ãe'yîbo aín,Aîeatyká,O endypy'ãe'yîbo aín
Com sua própria irmã não pode ninguém se casar,O endyra resé nd'e'ikatuî abá omendá,I kybyra resé abá nd'e'ikatuî omendá,O endyra resé nd'e'ikatuî abá omendá
A gente os tem cada um o seu próprio (anjo da guarda)?,O îabi'õpe asé serekóû?,Opakatupe asé rapixara serekóû sesé?,O îabi'õpe asé serekóû?
Desembarcando seu senhor na própria cachoeira,O îara opeá ytupe é,I îara kuakupa inaîagûasu apepûera amõ pupé,O îara opeá ytupe é
"Buscando seu Senhor, ao chegarem os reis, alegrouse teu coração","O îara reká, reîá mbasembápe sory nde py'a","Tupã rekáû, tubixaba supé ogûasemagûabo, o 'anga moîekosupa","O îara reká, reîá mbasembápe sory nde py'a"
"Jogou o pagamento por seu senhor no templo, indo finalmente enforcarse",O îara repypûera reîtyki Tupãokype aûîé osóbo oîeaîubyka,O îara repypûera reîtyki Tupãokype a'ereme i kanhemi,O îara repypûera reîtyki Tupãokype aûîé osóbo oîeaîubyka
Seu senhorzinho reconhecendo imediatamente,O îarĩ kuapa aunhenhẽ,I abaeté kûeîeténe aûnhenhẽ sepîaka,O îarĩ kuapa aunhenhẽ
"Descendo com seus choros, indo com seus gritos","O îase'o rerogûeîypa, ogûasẽgûasema rerasóbo","Asó nde rapirõmo, nde nhe'engá rerogûeîypa","O îase'o rerogûeîypa, ogûasẽgûasema rerasóbo"
"Descendo com seus choros, indo com seus gritos Nem por isso eles acabarão","O îase'o rerogûeîypa, ogûasẽgûasema rerasóbo Ndaeroîaî xûé i pabine","Asó îase'o rakó, asó îase'o rekóbo, n'apaki ruãte","O îase'o rerogûeîypa, ogûasẽgûasema rerasóbo Ndaeroîaî xûé i pabine"
Fazendoo derramar de si mesmo por nós,O îesuí i mo'ẽuká asé resé,I mombe'u îandé resé,O îesuí i mo'ẽuká asé resé
Prendios um ao pescoço do outro,O îoaîuri aîmoín,Aîmoîoakypûékypûer,O îoaîuri aîmoín
Prendios um no pescoço do outro,O îoaîuri aîmoín,Aîoakypûékypûer,O îoaîuri aîmoín
uns atrás dos outros,o îoakypûékypûeri,api,o îoakypûékypûeri
Estamos pertinho um do outro,O îoambyî oroîub,Îandé ri oîese'a,O îoambyî oroîub
Somos vizinhos uns dos outros,O îoamundabamo oroîub,Îandé posé aîkó,O îoamundabamo oroîub
Eles se tratam uns aos outros como semelhantes por causa de sua irmandade,O îoasykûera ri îasûaramo i îogûerekóû,O îoesé oîomongetá o îoesé oîemoîoîá o apixara resé,O îoasykûera ri îasûaramo i îogûerekóû
"sobre os ombros de duas pessoas, de um e do outro ombro (como a levar uma escada muito comprida)",o îoati'yba ri,o îoakypûéîa îabé,o îoati'yba ri
"Os que tratam de seu futuro casamento um com o outro não podem, depois disso, casarse com outros",O îoesé o mendaragûama resé nhemongetasara nd'e'ikatuî a'e roîré amoaé resé omendá,O îoesé omendaryba'e nd'e'ikatuî amoaé resé omendá,O îoesé o mendaragûama resé nhemongetasara nd'e'ikatuî a'e roîré amoaé resé omendá
Percebendo que a morte sucederia a si,O îoesé te'õ 'aragûama andupa,Te'õ o îoesé o îoesé ûîkuapa,O îoesé te'õ 'aragûama andupa
Vêem somente sua grandeza e sua formosura,O îoe'yîa anhõ o aysó abé osepîak,I îaporaîtykaraibeté anhõ osepîak,O îoe'yîa anhõ o aysó abé osepîak
Uns com os outros também o mataram,O îoirũmo bé i îukáû,I îabi'õ bé i îukáû,O îoirũmo bé i îukáû
Como coisa um do outro estão os que são casados,O îomba'eramo i momendarypyra rekóû,I îomba'e mendara,O îomba'eramo i momendarypyra rekóû
Querendo afastar de si mesmo o transtorno,O îosuí pubura pe'a potá,Aîpó mara'ara i xuí potá,O îosuí pubura pe'a potá
uns aos outros (sendo muitos),o îoupéupé,îoapyri,o îoupéupé
Prendios um ao lado do outro,O îoybyri aîmoín,Aîmoîoakypûékypûer,O îoybyri aîmoín
Prendios um ao lado do outro,O îoybyri aîmoín,Aîmoîoakypûékypûer,O îoybyri aîmoín
Lado a lado seus cadáveres ao longo do mar estavam,O îoybyri se'õmbûera paranã ybyri i kûáî,Paranã ybyri i kûáî re'õmbûera,O îoybyri se'õmbûera paranã ybyri i kûáî
Lado a lado seus cadáveres ao longo do mar estavam,O îoybyri se'õmbûera paranã ybyri i kûáî,Paranã ybyri i kûáî re'õmbûera,O îoybyri se'õmbûera paranã ybyri i kûáî
"Ao lado uns dos outros seus cadáveres estavam, ao longo do mar",O îoybyri se'õmbûera paranã ybyri i kûáî,O îoybyri o îoesé se'õmbûera paranã ybyri i kûáî,O îoybyri se'õmbûera paranã ybyri i kûáî
Ao lado uns dos outros seus cadáveres estavam ao longo do mar,O îoybyri se'õmbûera paranã ybyri i kûáî,O îoybyri se'õmbûera paranã ybyri i kûáî,O îoybyri se'õmbûera paranã ybyri i kûáî
Prendios uns ao lado dos outros,O îoybyybyri aîmoín,Îepegûasune,O îoybyybyri aîmoín
A seus próprios companheiros não querem bem,O irũ n'oîamotari,I kangûerĩndaba n'osaûsubi,O irũ n'oîamotari
Com o bafo de sua boca sopranos o rosto,O îuru timbora pupé asé robá peîuû,I îurupypykûera pupé asé robá moîo'arybo,O îuru timbora pupé asé robá peîuû
Tendo dor de suas queimaduras,O kaîa moasŷabo,Mboîasy tatá pupé oúpa,O kaîa moasŷabo
Amando muito sua santificação,O karaibagûama raûsukatûabo,I tĩîera raûsukatûabo,O karaibagûama raûsukatûabo
"Como pagamento de suas antigas comilanças, de suas antigas bebedeiras","O karûagûera, o sabeypóypoagûera repyramo",Mba'e tuîba'e i 'uagûera repyramo,"O karûagûera, o sabeypóypoagûera repyramo"
O que se compraz em seu sonho mau,O képoxy omboryba'e,I keranameté,O képoxy omboryba'e
Deleitandose com sua polução em seu sono,O kera pupé o pupukûera morypa,O angaîpaba repîakĩamo,O kera pupé o pupukûera morypa
Para a aspersão de seu aposento e de seu próprio corpo,O koty og o'o repyîagûama resé,I 'anga seté mombuka,O koty og o'o repyîagûama resé
"Após lançar fora de seu meio os vícios, o homem não os faz voltar consigo para seu meio, dispersandoos","O koty suí mba'epoxy reîtyk'iré, abá nd'ogûeroîebyri o kotype, i mosãîa","Mba'epoxy o teté reîtyka ré, abá nd'ogûeroîebyri o etéramo, i mosãîa","O koty suí mba'epoxy reîtyk'iré, abá nd'ogûeroîebyri o kotype, i mosãîa"
Com seu próprio irmão não pode ninguém se casar,O kybyra resé nd'e'ikatuî abá omendá,I kybyra resé abá nd'e'ikatuî omendá,O kybyra resé nd'e'ikatuî abá omendá
Fazendo alguém ser seu alcoviteiro,O manhanamo abá moingóbo,Abá mbo'esara moingóbo,O manhanamo abá moingóbo
Tendo alegria após sua morte,O manõ riré toryba rerekóbo,Abá 'ara ogûe'õ ré og orybamo,O manõ riré toryba rerekóbo
Logo depois que morrerem irão para o céu os que foram assim desse jeito?,O manõ riremẽ serã emonã nungara sóû ybakypene?,Ybakype emonã tekoara sóû ybakypene?,O manõ riremẽ serã emonã nungara sóû ybakypene?
Logo depois que morrerem irão para o céu os que foram semelhantes a algo assim?,O manõ riremẽ serã emonã nungara sóû ybakypene?,Oîkóbone ybakypene koba'e îakatuba'e re'õme?,O manõ riremẽ serã emonã nungara sóû ybakypene?
Confiando na formosura de muitos de si,O matueté aysó resé é oîerobîá,I angaturama rerobîákatu,O matueté aysó resé é oîerobîá
"Suas próprias coisas, na verdade, a gente ama em seu coração","O mba'e, nipó, asé o py'a pupé saûsubi",I xupé nhẽ rakó asé o py'ape saûsubi,"O mba'e, nipó, asé o py'a pupé saûsubi"
Futuro senhor de suas muitíssimas riquezas,O mba'ekatupabẽ îarama,Îori morubixaba ruri,O mba'ekatupabẽ îarama
sendo coisa antiga,o mba'epûeramo,erimba'endûarûera,o mba'epûeramo
O que tocou na irmã mais moça ou na irmã mais velha de sua noiva não pode casarse nem mesmo com sua noiva,O me'engabeté pyky'yra koîpó tykera resé obykyba'e n'e'ikatuî omendá o me'engabeté resé tiruã,I kyre'ymba'e koîpó i agûasápoxy resé o mena resé oîkéba'e n'e'ikatuî omendá o mena resé tiruã,O me'engabeté pyky'yra koîpó tykera resé obykyba'e n'e'ikatuî omendá o me'engabeté resé tiruã
O que tocou na irmã mais moça ou na irmã mais velha de sua noiva verdadeira não pode casarse nem mesmo com sua noiva,O me'engabeté pyky'yra koîpó tykera resé obykyba'e n'e'ikatuî omendá o me'engabeté resé tiruã,I kyre'ymba'e koîpó i kunhã'yba ri oîkóbo'e n'e'ikatuî omendá o me'engabeté resé tiruã,O me'engabeté pyky'yra koîpó tykera resé obykyba'e n'e'ikatuî omendá o me'engabeté resé tiruã
"Quando morre seu cônjuge verdadeiro, uma pessoa não pode casarse com algum irmão ou irmã dele","O me'engabeté re'õneme, abá nd'e'ikatuî omendá i asykûera amõ resé","O me'engabeté re'õ ré, abá nd'e'ikatuî omendá i asykûera amõ resé","O me'engabeté re'õneme, abá nd'e'ikatuî omendá i asykûera amõ resé"
Que ela faça seu mui belo filho perdoar a nós,O membyporangeté t'omoîerekûab orébo,O membyporangeté t'omoîerekûab orébo,O membyporangeté t'omoîerekûab orébo
Deseja ardentemente ver o nascimento de seu filho,O membyra 'arama osepîaka'ub,O membyra 'aragûera moanhẽmo,O membyra 'arama osepîaka'ub
Deseja ardentemente ver o nascimento de seu filho que se gera em seu ventre,O membyra gûygépe onhemonhangyba'e 'arama osepîaka'ub,I pupé o membyrákara'arõmo,O membyra gûygépe onhemonhangyba'e 'arama osepîaka'ub
Apazigua seu filho que está irado,O membyra i nhemoŷrõba'e oîmonhyrõ,Eîamotare'ym nde membyra,O membyra i nhemoŷrõba'e oîmonhyrõ
Levou sua filha Maria quando se completaram três anos,O membyra Maria rerasóû mosapyr ro'y sykeme,O membyrĩ Maria o moysyrung mbohapy ro'y riré serasóû,O membyra Maria rerasóû mosapyr ro'y sykeme
"Após morrer seu filho, ama todos os homens",O membyra re'õ ré opabĩ abá raûsubi,"I membyra re'õ ré, opá abá raûsubi",O membyra re'õ ré opabĩ abá raûsubi
"Após passar seu parto, Santa Maria levou seu filho Jesus ao templo","O membyrara kûab'iré, Santa Maria o membyra Îesus rerasóû Tupãokype","I membyra kuakupa, Santa Maria o membyra Îesus rerasóû Tupãokype","O membyrara kûab'iré, Santa Maria o membyra Îesus rerasóû Tupãokype"
"Após passar o seu parto, Santa Maria levou seu filho Jesus para o templo","O membyraragûera kûab'iré, Santa Maria o membyra Îesus rerasóû Tupãokype","I membyrara 'ara syk'iré, Santa Maria o membyra Îesus rerasóû Tupãokype","O membyraragûera kûab'iré, Santa Maria o membyra Îesus rerasóû Tupãokype"
a que mata seu marido,o mena îukasara,mena resé oîeerekomemûãba'e,o mena îukasara
O que tem relações sexuais com o que não é seu cônjuge,O mendasabe'yma resé oîkoba'e,Abá abá resé oîepysóbo,O mendasabe'yma resé oîkoba'e
"Se ele tem muita dor quando o empalidece e quando o deixa doente aquilo que se abrandará, quanto mais aquilo que não se abrandará","O moaîureme o momara'areme a'e i arybeba'erama biã sasyeté, memetipó i arybeba'erame'yma","Mba'easyboramo oîemoŷrõmo o abaetéramo oîemoŷrõmo, i moarybébo, i mombe'ue'yma","O moaîureme o momara'areme a'e i arybeba'erama biã sasyeté, memetipó i arybeba'erame'yma"
seu criador de verdade,o moîangara tekatu,nde monhangareté,o moîangara tekatu
Reconhecendo que tu és o seu próprio criador,O monhangaramo nde rekó kuapa,Nde monhangaramo nde rekó kuapa,O monhangaramo nde rekó kuapa
tendo falta de um confessor seu,o monhemombe'ûarama resé oîkotebẽmo,monhemombe'ûarama,o monhemombe'ûarama resé oîkotebẽmo
Retribuindo seu regozijo com ele,O morybagûera poepyka,O morybagûera arõana,O morybagûera poepyka
Escondendo ser parente legítimo dela,O mũetéramo sekó kuakupa,I 'apira mondyîa,O mũetéramo sekó kuakupa
chegando com sua ferocidade,o nharõ rerobasema,kane'õ supa,o nharõ rerobasema
a maldade de suas palavras,o nhe'enga poxŷagûera,nhe'engasy,o nhe'enga poxŷagûera
tentando inutilmente o modo antigo de falar,o nhe'engabûera ra'angyîepébo,abá nhe'engabûera ra'angyîepébo,o nhe'engabûera ra'angyîepébo
não querendo espaçar longamente a falta de sua confissão,o nhemombe'ue'yma mopa'ũmuku potare'yma,Iî pysyrõ potare'yma,o nhemombe'ue'yma mopa'ũmuku potare'yma
Conhecendo a morte ainda em sua primeira infância,O pitangĩ pupé bé te'õ kuapa,Mi'uru re'õ kuapa bé,O pitangĩ pupé bé te'õ kuapa
"Ainda sendo criancinha aquele Nosso Senhor Jesus Cristo era conhecedor de quaisquer coisas, como em sua idade adulta?",O pitangĩnamo bépe a'e Îandé Îara Îesu Cristo mba'e tetiruã kuaparamo sekóû o kakuaba îabé?,Pitangĩnamo bépe Îandé Îara Îesu Cristo mba'e tetiruã kuaparamo sekóû o kakuaba îabé?,O pitangĩnamo bépe a'e Îandé Îara Îesu Cristo mba'e tetiruã kuaparamo sekóû o kakuaba îabé?
"Ergueuse com as feridas de suas mãos, de seus pés e de seu flanco?","O pó, o py o yké kutukagûera bépe erimba'e ogûeropu'am?","O pó, o py o yké kutukagûera bépe i xuí?","O pó, o py, o yké kutukagûera bépe erimba'e ogûeropu'am?"
"Ergueuse com as feridas de suas mãos, de seus pés, de seu flanco?","O pó, o py, o yké kutukagûera bépe erimba'e ogûeropu'am?","O pó, o py, o yké kutukagûera bépe i xuí?","O pó, o py, o yké kutukagûera bépe erimba'e ogûeropu'am?"
"Ergueuse com as feridas de suas mãos, de seus pés e de seu flanco?","O pó, o py, o yké kutukagûera bépe erimba'e ogûeropu'am?","O pó, o py o yké kutukagûera bépe i xuí?","O pó, o py, o yké kutukagûera bépe erimba'e ogûeropu'am?"
"Segundo seu costume, certamente Deus perdoará a ti, afinal",O poekûabo ipó Tupã nhyrõnamo ndebe ko'yténe,"Sekomonhanga resé é, Tupã nhyrõ nhẽ ndebe",O poekûabo ipó Tupã nhyrõnamo ndebe ko'yténe
ficando a confundir as pessoas,o poromonãmonana,Eboûĩ abá oîmoabangá,o poromonãmonana
"A que ingere uma poção, querendo matar seu feto",O puru'a îuká potá mosanga o'uba'e,"Nd'oîkóîpe muru, o pitanga îukábo?",O puru'a îuká potá mosanga o'uba'e
"A que ingere uma poção, querendo matar seu feto",O puru'a îukápotá mosanga o'uba'e,"Nd'oîkóîpe muru, o pitanga îukábo?",O puru'a îuká potá mosanga o'uba'e
Detestandose em seu coração,O py'ape oîeroŷrõmo,Aî'apirabo'o,O py'ape oîeroŷrõmo
Junto de si mesmo ninguém lhes dá de comer,O pyri abá n'omomba'e'uî,"Aûîeté, abá n'omomba'e'uî",O pyri abá n'omomba'e'uî
Junto a si fazendovos sentar,O pyri pe mogûapyka,Nde pyri aín,O pyri pe mogûapyka
Com seu sopro somente dando vida a ele,O pytu pupé nhote tekobé me'enga i xupé,I 'anga moingobébo,O pytu pupé nhote tekobé me'enga i xupé
Muito escura é a alma do que não é batizado,O pytumimbykamo nhẽ nhemongaraibypyre'yma 'anga rekóû,I pytumimbykamo nhẽ pe 'anga nhemongaraibypyre'yma rekóû,O pytumimbykamo nhẽ nhemongaraibypyre'yma 'anga rekóû
Afligiuse por se ter frustrado sua ida,O sorambûera resé sekotebẽû,I aŷpy ogûeropu'am,O sorambûera resé sekotebẽû
ao vir a lua para visitála,o supa îasy rureme,îasy supé oúbo sepîaka,o supa îasy rureme
Pranteando o que o visita,O supara rapirõmo,I xupé oúba'e supé oîerurébo,O supara rapirõmo
Tomando o leite de sua mãe,O sy kambûabo oúpa,I xy rygépe ogûapyka,O sy kambûabo oúpa
Ao lado de sua mãe a criança está deitada,O sy posé pitanga ruî,I xy posé pitanga ruî,O sy posé pitanga ruî
Ao lado de sua própria mãe a criança está deitada,O sy posé pitanga ruî,I xy posé pitanga ruî,O sy posé pitanga ruî
Que ele fique dentro de vós como fica com seu estado de feto no ventre de sua mãe,"O sy rygépe o pitanga reropytá îabé, t'opytá pe pupé","Pe rygépe t'oîkó pe rekobé pukuî, i pitangĩ rygépe","O sy rygépe o pitanga reropytá îabé, t'opytá pe pupé"
"Durante a estada dele no ventre de sua mãe, Deus o santificou",O sy rygépe sekó remebé Tupã i mongaraíbi,I xy rygépe sekó remebé Tupã i mongaraíbi,O sy rygépe sekó remebé Tupã i mongaraíbi
Lamentando terem nascido de suas mães,O sy suí o 'aragûera moasŷabo,O sy suí o 'aragûera moasŷabo,O sy suí o 'aragûera moasŷabo
"O que leva aquele que recebe o óleo santo em sua testa (isto é, seu padrinho de crisma) não pode casarse com ele",O sybápe îandykaraíba rasara rerasoara nd'e'ikatuî sesé omendá,I xupé muru'apora serasóbo a'e n'e'ikatuî sesé omendá,O sybápe îandykaraíba rasara rerasoara nd'e'ikatuî sesé omendá
"Sendo ignorantes, sem mais, assim me tratam",O tekokuabe'ymamo nhẽ emonã xe rerekóû,I kuapare'yma nhẽ emonã xe rerekóû,O tekokuabe'ymamo nhẽ emonã xe rerekóû
antes de sua velhice,o tunhãba'e e'ymebé,o tunhãba'e e'ymebé,o tunhãba'e e'ymebé
Honrandoo falsamente como seu Deus,O Tupãnamo i moetéa'upa,Tupã ramo i moetébo,O Tupãnamo i moetéa'upa
Que me tratem como a seu próprio deus,O tupãnamo ta xe rerekó,I tupãnamo xe rerekóbo,O tupãnamo ta xe rerekó
"de lado, de ilharga",o ykébo,apyteri,o ykébo
Nasceu para nós hoje,O'a îandébo kori,O'a îandébo kori,O'a îandébo kori
"E mentindo aquele que invoca sua própria alma, a alma de alguém ou também algum santo que está no céu, que acontece?","O'anga koîpó abá 'anga koîpó santo amõ ybakype tekoara renõîndara abé o îuraragûaîamo nhẽ, marãpe?","A'epe o ekobé koîpó amõ abá rekobé koîpó santos ybakype tekoara rembiasaba o îuraragûaîamo nhẽ, marã?","O'anga koîpó abá 'anga koîpó santo amõ ybakype tekoara renõîndara abé o îuraragûaîamo nhẽ, marãpe?"
A armadilha caiu (apanhando caça),O'ar mundé,O'ar mundé,O'ar mundé
Caiume uma tormenta,O'ar yaíba ixébo,O'ar 'yaíba ixébo,O'ar yaíba ixébo
Sucedeume uma tormenta,O'ar 'yaíba ixébo,Aîtororá ixébo,O'ar 'yaíba ixébo
Caiu no chão,O'ar ybype,Aîmombor ybype,O'ar ybype
Jazo de costas,Oatukupepyterybo aîub,Akasang,Oatukupepyterybo aîub
contrário ,"oba1ar (r, s)",emonã bé,"oba1ar (r, s)"
empalidecer,"obaiub (r, s) (xe)",mongaraíb,"obaiub (r, s) (xe)"
pálido,"obaiub/a (r, s)","oby (r, s)","obaiub/a (r, s)"
diante (de),"obaké (r, s)",sybá,"obaké (r, s)"
perante,"obaké (r, s)",sybá,"obaké (r, s)"
dilatar,oba'ok (s),moatã,oba'ok (s)
benzer,obasab,abyare'ymja,se
aparecer,obasem,iekuab/a,obasem
Voa para longe de nós,Obebé îandé suí,Îandé suí i îeapyka,Obebé îandé suí
Parece voar,Obebéberame'ĩ,Obebuîberame'ĩ,Obebéberame'ĩ
Parece flutuar,Obebuîberame'ĩ,Aîpĩpin,Obebuîberame'ĩ
Parece flutuar,Obebuîberame'ĩ,Aîpĩpin,Obebuîberame'ĩ
Brilhou formosamente,Oberabaysó,I apysykatu,Oberabaysó
Rompeuse teu coração por amor a ele,Obok nde nhy'ã saûsuba resé,Xe raûsuba ri nde 'anga pobupobu,Obok nde nhy'ã saûsuba resé
"Rompeuse teu coração, por amor a ele","Obok nde nhy'ã, saûsuba resé","Nde 'anga momburu, saûsuba resé","Obok nde nhy'ã, saûsuba resé"
azul ,oby,"oby (r, s)",oby
verde,"oby (r, s)","oby (r, s)","oby (r, s)"
Faz água,O'ẽ,Aîmo'y'u,O'ẽ
Estou prestes a ir,Oebyraîarinhote aîkó,Aîupabok,Oebyraîarinhote aîkó
Poluiuse outrora teu filho por tu o desejares?,O'ẽpe erimba'e nde membyra nde i potasápe?,Xe agûyagûy,O'ẽpe erimba'e nde membyra nde i potasápe?
"O que alguém acolhe no seu paganismo, no paganismo dele está igualmente?",Og ere'yma pupé abá remipysyrõ oîabé sere'ỹme?,"Abá îagûara remimongûyamone, îagûara abé rekóû?",Og ere'yma pupé abá remipysyrõ oîabé sere'ỹme?
Em sua própria casa o desejo sensual consentindo,Og okype îopotara repîakĩamo,I mbo'ir ahẽ nhe'enga abŷare'yma,Og okype îopotara repîakĩamo
Não querendo proceder segundo a vontade de sua própria carne,Og o'o remimotara rupi oîkópotare'yma,Og o'o remimotara rupi oîkópotare'yma,Og o'o remimotara rupi oîkópotare'yma
A seu pai somente o homem obedece?,Og uba anhõpe abá osapîá?,Abá anhõpe og uba rapîá?,Og uba anhõpe abá osapîá?
A gente o honra mesmo como a seu próprio pai?,Og uba îakatu tenhẽpe asé i moetéû?,Asé rubypy îabé i moetéûne?,Og uba îakatu tenhẽpe asé i moetéû?
A gente o honra como a seu próprio pai?,Og uba îakatutenhẽpe asé i moetéû?,Asé og uba îabé i moetéûne?,Og uba îakatutenhẽpe asé i moetéû?
Ele tomou os traços dos olhos de seu pai,Og uba resá ahẽ ogûar,Og uba resá ogûar,Og uba resá ahẽ ogûar
por causa de seu próprio pai,og uba resé,og uba resé,og uba resé
Ele tem olhos claros como seu pai,Og uba rupi ahẽ resatingamo,I nhemoŷrõngatu o ruba rupi,Og uba rupi ahẽ resátingamo
Ele tem olhos claros como seu pai,Og uba rupi ahẽ resátingamo,I nhemoŷrõngatu o ruba rupi,Og uba rupi ahẽ resátingamo
A gente obedece também a seu próprio chefe,Og ubixaba abé asé osapîá,Îandé abé îandé mongaraibypyra t'îapu'am,Og ubixaba abé asé osapîá
Com seu sangue me lavou,Og ugûy pupé xe reî,Nde rugûy pupé xe reî,Og ugûy pupé xe reî
Fazendoo transformarse em seu próprio sangue,Og ugûyramo i monhemonhanga,Sugûy moingóbo,Og ugûyramo i monhemonhanga
Todo seu sangue fazendo derramar,Og ugûytekatu i mo'ẽuká,Sugûy pabẽ sybỹîa,Og ugûytekatu i mo'ẽuká
Por acaso não chegava seu segundo braço ao lugar de irem os pregos?,Ogûatá îepé serã i îybá mokõîa itapygûá soarama resé?,N'osóîpe i îybá mokõîa o aîubypyra supé?,Ogûatá îepé serã i îybá mokõîa itapygûá soarama resé?
Por acaso não chegava seu segundo braço ao lugar de irem os pregos?,Ogûatá îepé serã i îybá mokõîa itapygûá soarama resé?,N'osóîpe i îybá mokõîa o aîubypyra supé?,Ogûatá îepé serã i îybá mokõîa itapygûá soarama resé?
para seu fogo arrastandonos,ogûatápe oré rekyîa,Tatápe asé reîtyka,ogûatápe oré rekyîa
"Como recompensa de seu muito amor a Ele, Deus levouo certamente, com seu corpo, para o céu","Ogûaûsukatuagûera repyramo, Tupã ipó serã serasóû seté resebé ybakype","I aûsuba repyramo i me'enga i pupé, Tupã seté resebé serasóû ybakype","Ogûaûsukatuagûera repyramo, Tupã ipó serã serasóû seté resebé ybakype"
Desceu aonde nós estamos,Ogûeîy îandé rekoápe,Îandé reîké asé reîké,Ogûeîy îandé rekoápe
Desceu para o centro da terra,Ogûeîyb yby apyterype,Ogûeîyb yby apyterype,Ogûeîyb yby apyterype
Desceu para o meio da terra,Ogûeîyb yby apyterype,Ogûeîyb yby apyterype,Ogûeîyb yby apyterype
"Ao comer junto dos seus discípulos, o pão que apanhou em suas mãos devolveuo","Ogûemimbo'e pyri o karuápe, miapé o pópe gûemiîara i moîebyû","Îesu o boîá pyri o karuápe, miapé rari i me'engi","Ogûemimbo'e pyri o karuápe, miapé o pópe gûemiîara i moîebyû"
"Falando primeiro a seus filhos, que divide (isto é, os bons dos maus)",Ogûemimoîa'oka ogûa'yra pé ranhẽ onhe'enga,Ogûemimoîa'oka ogûa'yra pé ranhẽ onhe'enga,Ogûemimoîa'oka ogûa'yra pé ranhẽ onhe'enga
"Por causa de sua esposa, o marido dela não temeu comêlo","Ogûemirekó resé, i mena nd'o'upoûsubi","I mena resé é, i mena nd'o'upoûsubi","Ogûemirekó resé, i mena nd'o'upoûsubi"
Sustituindo suas palavras para os que o ouviram,Ogûenduparûera supé o nhe'enga rekobîarõmo,I nhe'enga endubypyra supé onhe'enga,Ogûenduparûera supé o nhe'enga rekobîarõmo
Não conhece a preocupação com sua própria morte,Ogûe'õnama resé nheangerekó n'oîkuabi,N'oîkuabi te'õ suí o nheangerekó,Ogûe'õnama resé nheangerekó n'oîkuabi
"Levaramno para um certo palácio, fazendoo entrar consigo",Ogûerasó amõ okusupe seroîkŷabo,"Ogûerasó amõ okusupe, serasóbo berame'ĩ",Ogûerasó amõ okusupe seroîkŷabo
"Levaramno para um certo palácio, fazendoo entrar, reunindo soldados fortes ali por sua causa","Ogûerasó amõ okusupe seroîkŷabo, a'epe maranaritekoaratã reŷnhanga sesé","Ogûerasó ysé amõ okusupe, a'epe gûarinĩ amõ reŷnhanga","Ogûerasó amõ okusupe seroîkŷabo, a'epe maranaritekoaratã reŷnhanga sesé"
"Mesmo vingandose dos que o maltratam, o homem transgride a palavra de Deus?",Ogûerekomemûãsara resé oîepyka tiruãpe abá Tupã nhe'enga abyû?,I moerapûanusu bépe Tupã nhe'enga abyû?,Ogûerekomemûãsara resé oîepyka tiruãpe abá Tupã nhe'enga abyû?
Acredita a gente nisso?,Ogûerobîarype asé eboûinga?,Ererobîarype aîpó?,Ogûerobîarype asé eboûinga?
Devolve o objeto de seu furto,Ogûeroîebyr o mondasagûera,Ogûeroîebyr o mondasagûera,Ogûeroîebyr o mondasagûera
Anuncia os que serão casados,Ogûeronhe'eng i mendarypyrama,I mombe'u me'engaba,Ogûeronhe'eng i mendarypyrama
Anuncia os que serão casados na igreja nos feriados,Ogûeronhe'eng i mendarypyrama Tupãokype marãtekoabe'yma pupé,Anhe'eng sepîaka'ub Tupãokype semana îeîbo,Ogûeronhe'eng i mendarypyrama Tupãokype marãtekoabe'yma pupé
o que tem seu próprio nome,ogûery îara,tera,ogûery îara
"Tão logo ao sair a alma da gente de seu próprio corpo, seu envoltório, Deus a julga","Ogûeté suí, o uru suí, asé 'anga sẽme bé, Tupã sekomonhangi",Abá rekobé o eterama pupé o 'ara rupi bé Tupã sekomonhangi,"Ogûeté suí, o uru suí, asé 'anga sẽme bé, Tupã sekomonhangi"
"Entrando nos seus antigos corpos, fazendoos levantar imediatamente","Ogûetepûera pupé oîkŷabo, i mopu'ama kûeîeténe","Ogûetepûera pupé oîkŷabo, i mopu'ama kûeîeténe","Ogûetepûera pupé oîkŷabo, i mopu'ama kûeîeténe"
quarto (num ord),oí:oirundyka,a'y,oí:oirundyka
"O que bebe somente na medida, que acontece?","Oîá nhote kagûarape, marã?","Okyko'ẽmbyrybĩ rame'ĩ, marã?","Oîá nhote kagûarape, marã?"
"O que bebe somente o suficiente, que acontece?","Oîá nhote kagûarape, marã?",O kamugûasu kagûápe marã?,"Oîá nhote kagûarape, marã?"
suficiente,oiá; oiakatu,"i tyb (impessoal: há, havia); ikó / ekó (t); ikobé / ekobé (t)",oiá; oiakatu
"Fugiram dele, deixandoo","Oîabab i xuí, seîá",Asysymondok,"Oîabab i xuí, seîá"
"Fugiram dele, deixandoo","Oîabab i xuí, seîá",Asysymondok,"Oîabab i xuí, seîá"
"Assim como a gente reconhece o dia dos santos, do mesmo modo, também, até mesmo seus ossinhos a gente cultua, tendoos no pescoço","Oîabo asé santos 'ara kuabi, oîabo bé asé i kangûerĩ tiruã momba'etéû, o aîuri serekóbo","São Lourenço 'ara îaîkuabeté, îabé i py tiruã momba'etéû, i apé oîekuakubi","Oîabo asé santos 'ara kuabi, oîabo bé asé i kangûerĩ tiruã momba'etéû, o aîuri serekóbo"
"Assim como a gente reconhece o dia dos santos, do mesmo modo, também, até mesmo seus ossinhos a gente cultua, tendoos no pescoço","Oîabo asé santos 'ara kuabi, oîabo bé asé i kangûerĩ tiruã momba'etéû, o aîuri serekóbo","São Lourenço 'ara îaîkuabeté, îabé i py tiruã momba'etéû, i apé oîekuakubi","Oîabo asé santos 'ara kuabi, oîabo bé asé i kangûerĩ tiruã momba'etéû, o aîuri serekóbo"
"Transgride também o homem aquela palavra de Deus invocando para seu próximo, bem em seu coração, o diabo ou a morte ou Jurupari?",Oîaby bépe abá aîpó Tupã nhe'enga o py'apekatu o apixara supé Anhanga koîpó te'õ koîpó Îurupari rekyîa?,"Oîmonhangy bépe abá Tupã nhe'enga o apixara supé o py'ape, Anhanga koîpó te'õ koîpó Îurupari rekyîa?",Oîaby bépe abá aîpó Tupã nhe'enga o py'apekatu o apixara supé Anhanga koîpó te'õ koîpó Îurupari rekyîa?
Transgride também alguém a palavra de Deus não mandando comungar a seu filho que é comungante antigo?,Oîaby bépe abá Tupã nhe'enga o a'yra tupãrasarymana supé tupãrarukare'yma?,Oîkobé serã abá Tupã nhe'enga abŷare'yma o a'yra o nhe'engerekoagûera motenhẽukareme?,Oîaby bépe abá Tupã nhe'enga o a'yra tupãrasarymana supé tupãrarukare'yma?
Transgride também aquele (mandamento) o que faz resguardo por causa do parto de sua esposa?,Oîaby bépe aîpó o emirekó membyrara resé oîekuakuba'e?,I kamby amõ resé oîeapirõmo,Oîaby bépe aîpó o emirekó membyrara resé oîekuakuba'e?
"Transgridem, certamente, algumas vezes, somente",Oîaby ipó amõme é,A'e kûepe i porabykatu,Oîaby ipó amõme é
"É muito diferente, de fato, a morada dos homens da minha residência",Oîaby rakó abá rekó xe retama,I îaby rakó abá roka,Oîaby rakó abá rekó xe retama
"Transgridem muito a palavra de Deus os que se casam, sendo traidores um do outro?",Oîabyetépe omendaryba'e Tupã nhe'enga o îosuí omondarõmo?,Oîabyetépe omendaryba'e Tupã nhe'enga o îosuí?,Oîabyetépe omendaryba'e Tupã nhe'enga o îosuí omondarõmo?
"Transgridem muito a palavra de Deus os que se casam, traindose um ao outro?",Oîabyetépe omendaryba'e Tupã nhe'enga o îosuí omondarõmo?,Oîabyetépe omendaryba'e Tupã nhe'enga o îosuí?,Oîabyetépe omendaryba'e Tupã nhe'enga o îosuí omondarõmo?
Transgrediria o homem a palavra de Deus assim os conhecendo?,Oîabypemo abá Tupã nhe'enga emonã sekokuapa?,Oîkuab ikatune abá Tupã nhe'enga abŷagûama resé?,Oîabypemo abá Tupã nhe'enga emonã sekokuapa?
Bebendo cauim só o suficiente,Oîakatu nhote okagûaboeté,Apỹîndûara,Oîakatu nhote okagûaboeté
Por acaso arrancaram sua roupa?,Oîaobok serã gûá?,Oîaobok serã ybŷa?,Oîaobok serã gûá?
"Por acaso arrancaram sua roupa, fazendoo estar nu?",Oîaobok serã ybŷa katupe nhẽ i moingóbo?,"Xe suí i aoba mondoki, i monga'ẽmo",Oîaobok serã ybŷa katupe nhẽ i moingóbo?
"Despiramno, amarrandolhe as mãos numa coluna de pedra, fazendoo estar de pé","Oîaobok, itá okytá resé i popûá i mo'ama","I moerapûanymbyra, itá karamemûã pupé i popûá i mopu'ama","Oîaobok, itá okytá resé i popûá i mo'ama"
"Despiramno, amarrandolhe as mãos numa coluna de pedra","Oîaobok, itáokytá resé i popûá","Eîaobok, itá resé i popûá","Oîaobok, itáokytá resé i popûá"
Ficará injuriando seu marido por ele assim proceder?,Oîa'oîa'ope o mena emonã sekó reséne?,Oîkotebẽngatupe o mena emonã sekó reséne?,Oîa'oîa'ope o mena emonã sekó reséne?
Pegouse fortemente sua roupa às suas chagas?,Oîaratã serã i aoba i moperéperebagûera resé?,Oîaratã serã i aoba i kangûerĩ pupé?,Oîaratã serã i aoba i moperéperebagûera resé?
Pegouse fortemente sua roupa com que ele foi castigado por o ficarem ferindo?,Oîaratã serã i aoba i nupãsagûera i moperéperebagûera resé?,Oîaratã serã i aoba i aîuri i moŷrõsagûera resé?,Oîaratã serã i aoba i nupãsagûera i moperéperebagûera resé?
Pegouse firmemente sua roupa com que ele foi castigado às suas chagas?,Oîaratã serã i aoba i nupãsagûera i moperéperebagûera resé?,Oîaratã serã i aoba i mondebypyrûera?,Oîaratã serã i aoba i nupãsagûera i moperéperebagûera resé?
o que se batiza,oîasukyba'e,moîasuk,oîasukyba'e
Nasci com as pernas dobradas,Oîeaparybyri a'ar,Aîeaparybyî,Oîeaparybyri a'ar
"Baixou a cabeça, ficando a gritar",Oîeaŷbyk ogûasemasemamo,"Aîaseómondok, asemõ",Oîeaŷbyk ogûasemasemamo
"Estou há longo tempo (isto é, tardo)",Oîeí aîkó,Aîe'aré,Oîeí aîkó
Ainda hoje os malditos queimam,Oîeí bé muru kaî,Ko'yr é patukasyramo,Oîeí bé muru kaî
Hoje mesmo os malditos queimam,Oîeí bé muru kaî,Kori bé koty onhenosẽne,Oîeí bé muru kaî
"Acaso insistiram muito, então, os que o levaram, ficando a gritar?","Oîeîukaaíbeté serã serasoaretá a'ereme, oposẽposema?","Oîase'o serã serasoaretá, oposẽposema?","Oîeîukaaíbeté serã serasoaretá a'ereme, oposẽposema?"
"Afastouse daqueles seus três discípulos, então?",Oîeîyîpe a'e o boîá mosapyr suí a'ereme?,Oîeîyîpe a'e o boîá mosapyr suí a'ereme?,Oîeîyîpe a'e o boîá mosapyr suí a'ereme?
"Fica pondo armadilhas, querendo fazer a gente entrar","Oîekotyrũtyrung, oporomoingépotá","Oîekuakupa, oîképotá","Oîekotyrũtyrung, oporomoingépotá"
A vida eterna que eles terão no céu é a que mudará?,Oîekûabokyba'eramape tekopuku ybakype semierekorama?,"Tekobéapyrasye'yma ybakype o îekosuberame'ĩ, marãpe i îuru?",Oîekûabokyba'eramape tekopuku ybakype semierekorama?
Querendo confessarse segundo o que determina a ele a Santa Madre Igreja,Oîemombe'upotá Santa Madre Igreja i mombe'u rupi,I mombe'upotá Santa Madre Igreja i moingoaba rupi,Oîemombe'upotá Santa Madre Igreja i mombe'u rupi
"Enfeitandose, querendo que as pessoas o desejem","Oîemongatyrõmo, abá o potara potá","Eîemomotá, abá potá","Oîemongatyrõmo, abá o potara potá"
um (a) (num),"oiepé # à uma, em uníssono: oiepegfiasu (v oiepé)",a'e;,"oiepé # à uma, em uníssono: oiepegfiasu (v oiepé)"
Fui uma vez,Oîepé asó,Oîepé asó,Oîepé asó
Ela teve penca uma vez,Oîepé i pem,I membyrasy,Oîepé i pem
somente um bocado,oîepé îuru nhõ,akyta'i; apíla'i,oîepé îuru nhõ
O pecado de um primeiro homem branco foi a causa de sua entrada neste mundo,Oîepé karaíbypy rekoangaîpaba ikó 'ara pupé seîkeagûera,Amõ karaíba i angaîpaba'e ikó 'ara nhemonhangara,Oîepé karaíbypy rekoangaîpaba ikó 'ara pupé seîkeagûera
Dentro de um só pão vê tu a variedade de coisas,Oîepé mi'u pupé esepîak tekó paraba,Oîepé mi'u pupé esepîak tekó paraba,Oîepé mi'u pupé esepîak tekó paraba
tão somente uma vez,oîepé nhõngatu,erimba'e,oîepé nhõngatu
"Embora tão somente uma vez uns anjos tenham transgredido a palavra de Deus, por causa disso, somente, Deus os fez ser diabos","Oîepé nhõngatu erimba'e karaibebé Tupã nhe'enga abyû biã, sesé nhõ Tupã i moingóû Anhangamo",I karaibebé n'oîerobîari mba'e amõ resé o angaîpámirĩ anhõ,"Oîepé nhõngatu erimba'e karaibebé Tupã nhe'enga abyû biã, sesé nhõ Tupã i moingóû Anhangamo"
São um na união de seu ser sagrado,Oîepé og ekókaraíba îese'ara pupé nhẽ,Oîepé og ekókaraíba pupé oîepegûasu îasûá,Oîepé og ekókaraíba îese'ara pupé nhẽ
Nem sequer um só homem pode livrarse da morte,Oîepé tiruã abá nd'e'ikatuî oîepysyrõmo te'õ suí,Abá tiruã nd'e'ikatuî oîepysyrõmo te'õ suí,Oîepé tiruã abá nd'e'ikatuî oîepysyrõmo te'õ suí
Não trouxe nem mesmo um só,Oîepé tiruã nd'aruri,Nd'aruri amõ,Oîepé tiruã nd'aruri
"São um único e mesmo Deus esse DeusPai, DeusFilho e DeusEspírito Santo?","Oîepé Tupã memẽpe a'e TupãTuba, TupãTa'yra, TupãEspírito Santo?","Oîepé Tupã oîepé nhẽpe: Îara, Mora, Espírito Santo?","Oîepé Tupã memẽpe a'e TupãTuba, TupãTa'yra, TupãEspírito Santo?"
Um só é o conteúdo de minha rede,Oîepé xe pysá pora,I apysyk îepé xe pysyrõ îepé,Oîepé xe pysá pora
Estou só,Oîepebẽ aîkó,Ixé anhõ,Oîepebẽ aîkó
fazendome estar sozinho,oîepebẽ xe moingóbo re'ĩ,Aîeatyká,oîepebẽ xe moingóbo re'ĩ
Bem sozinho estou,Oîepebẽngatu aîkó,A'uba nhote,Oîepebẽngatu aîkó
Estejamos em união,Oîepegûasu t'îaîkó,Îasysybõmo,Oîepegûasu t'îaîkó
"Um ou outro, porventura, foi mau alguma vez","Oîepéĩombé, nipó, i angaîpab amõme é",Amõ koîpó amõ nipó i angaîpabe'ymamo re'a,"Oîepéĩombé, nipó, i angaîpab amõme é"
"Um ou outro, porventura, foi mau, às vezes","Oîepéĩombé, nipó, i angaîpab amõme é","amõ koîpó amõ, i angaîpaba'e amõme é","Oîepéĩombé, nipó, i angaîpab amõme é"
todos de uma espécie ou qualidade,oîepeixûara,oîopyk oré îoesé,oîepeixûara
"todos juntos, todos à uma vez, à uma",oîepekatu,oîepekatu,oîepekatu
"Um ou outro, somente, não faz esta aldeia pecar",Oîepéombé anhõ n'omoangaîpabi kó taba,"amõ koîpó amõ, kó taba moangaîpapara é n'oîkóî",Oîepéombé anhõ n'omoangaîpabi kó taba
"o que é sem mistura, puro, de uma só espécie",oîeperemõndûara,amõ îabé,oîeperemõndûara
"Manifestouse a eles, somente, alegrandoos",Oîepîakukar i xupé nhõ i moesãîa,I xupé nhõ nde resekyîa,Oîepîakukar i xupé nhõ i moesãîa
"Revelouse a eles somente, alegrandoos",Oîepîakukar i xupé nhõ i moesãîa,"I xupé nhõ asé i mombe'u, i momorang",Oîepîakukar i xupé nhõ i moesãîa
"Lavouse as mãos à vista da multidão (isto é, como o que a multidão vê)",Oîepóeî te'yîa remiepîakamo,Oîepópeteká tekotebẽ suí,Oîepóeî te'yîa remiepîakamo
Lavouse as mãos à vista da multidão,Oîepóeî te'yîa remiepîakamo,Îapopûaratã abá supé,Oîepóeî te'yîa remiepîakamo
Piorou muito a dor de minha cabeça,Oîerekoaíbeté xe akanga rasy xe suí,I abaeté xe rapixara,Oîerekoaíbeté xe akanga rasy xe suí
Ajuntamse,Oîerobyk,Aîyb,Oîerobyk
Inclinase,Oîerokype asé Cruz supé? Oîeroky A gente se inclina junto à cruz?,Aîapapûar,Oîerokype asé Cruz supé? Oîeroky A gente se inclina junto à cruz?
Inclinase a gente sempre quando diz Jesus?,Oîerokype asé Jesus 'ereme?,Oîeruré îandé îepi Jesus nhe'enga?,Oîerokype asé Jesus 'ereme?
A gente se inclina para os santos que estão no céu também?,Oîerokype asé santos ybakypendûara supé bé?,Oîeruré bépe asé santos ybakypendûara supé?,Oîerokype asé santos ybakypendûara supé bé?
Aspergese com água benta,Oîeypyî 'ykaraíba pupé,Aîkytykytyk,Oîeypyî 'ykaraíba pupé
Penetram os cravos dentro de tua alma,Oîké itapygûá nde 'anga pupé,I py'ape mosanga moîebyîeby,Oîké itapygûá nde 'anga pupé
"Entram grandes espinhos, espetando sua cabeça",Oîké îugûasu i akanga kutuka,"I kanga pupé o'ar, o akanga mo'ẽuká","Oîké îugûasu, i akanga kutuka"
"Entram grandes espinhos, espetando sua cabeça, furandoa toda","Oîké îugûasu i akanga kutuka, opá i mombuka","I poîasógûápe, i akanga kutuka, opá i mombuka","Oîké îugûasu, i akanga kutuka, opá i mombuka"
"Entram grandes espinhos, espetando sua cabeça","Oîké îugûasu, i akanga kutuka","I kanga pupé o'ar, o akanga mo'ẽuká","Oîké îugûasu, i akanga kutuka"
"Entram grandes espinhos, espetando sua cabeça","Oîké îugûasu, i akanga kutuka","I kanga pupé o'ar, o akanga mo'ẽuká","Oîké îugûasu, i akanga kutuka"
"Penetram grandes espinhos, espetando sua cabeça","Oîké îugûasu, i akanga kutuka","Îugûasu pupé oîkŷabo, o akanga moîegûaka","Oîké îugûasu, i akanga kutuka"
"Entram grandes espinhos, espetando sua cabeça, furandoa toda","Oîké îugûasu, i akanga kutuka, opá i mombuka","I poîasógûápe, i akanga kutuka, opá i mombuka","Oîké îugûasu, i akanga kutuka, opá i mombuka"
Entraram aqueles mesmos discípulos seus na casa de Anás?,Oîképe a'e i boîá aé Anás rokype?,Oîkópe i boîá Anás rokype?,Oîképe a'e i boîá aé Anás rokype?
Minha coragem ainda existe,Oîkó bé xe taŷaíba,Oîkó bé xe taŷaíba,Oîkó bé xe taŷaíba
"Estava longe tua lembrança das coisas, estando a devanear?",Oîkó kûepe mba'e resé nde ma'enduara enhemongetábo ekupa?,"Ereîkópe mba'e resé nde ma'enduaramo, nde kane'õ pupé?",Oîkó kûepe mba'e resé nde ma'enduara enhemongetábo ekupa?
"Estava longe tua lembrança das coisas, estando a conversar contigo mesmo?","Oîkó kûepe mba'e resé nde ma'enduara, enhemongetábo ekupa?","Ereîkópe mba'e resé nde ma'enduaramo, nde îoupé eîkóbo?","Oîkó kûepe mba'e resé nde ma'enduara, enhemongetábo ekupa?"
"Existe a confissão, remédio portador de cura","Oîkobé îemombe'u, mosanga mûeîrabyîara","Eîori mombe'u, mosanga mûeîrabyîara","Oîkobé îemombe'u, mosanga mûeîrabyîara"
Aqui está teu danador,Oîkobé nde arûara é,Kó nde poxyramo rekóû,Oîkobé nde arûara é
Aqui está teu danador,Oîkobé nde arûara é,Kó nde poxyramo rekóû,Oîkobé nde arûara é
"Existe meu auxiliar verdadeiro, o chefão Aimbirê","Oîkobé xe pytybõanameté, tubixakatu Aîmbiré","Eîori xe pytybõanameté, pa'i Aîmbiré","Oîkobé xe pytybõanameté, tubixakatu Aîmbiré"
"Existe meu auxiliar verdadeiro, o grande chefe Aimbirê, o pervertedor dos índios","Oîkobé xe pytybõanameté, tubixákatu Aîmbiré, apŷaba moangaîpapara","Eîori xe pytybõanameté, pa'i Aîmbiré, apŷaba moangaîpapara","Oîkobé xe pytybõanameté, tubixákatu Aîmbiré, apŷaba moangaîpapara"
"Existe meu auxiliar verdadeiro, o que trabalha junto de mim","Oîkobé xe pytybõanameté, xe pyri marãtekoara","Oîkobé xe pytybõanameté, xe pyri marãtekoara","Oîkobé xe pytybõanameté, xe pyri marãtekoara"
"Há um padrinho meu, velho pervertedor dos tupis","Oîkobé xe rubangaba, tupi moangaîpaparûera","Eîori xe rubangaba, tupi tupi tupi","Oîkobé xe rubangaba, tupi moangaîpaparûera"
Para julgar todos os que vivem e os que morreram,"Oîkobeba'e, omanõba'epûera pabẽ rekomonhanga",Sekobéîba'e reîkóbo bé omanõba'epûera pabẽ reîtyka,"Oîkobeba'e, omanõba'epûera pabẽ rekomonhanga"
Há algum homem na condição de seu substituto?,Oîkobépe amõ abá sekobîaramo?,Oîkobépe amõ abá sekobîaramo?,Oîkobépe amõ abá sekobîaramo?
Castigar os que procedem mal,Oîkómemûãba'e renonhena,I angaîpaba'e oîmoasy,Oîkómemûãba'e renonhena
Deixou de estar sua divindade em seu cadáver?,Oîkópo'ipe i tupã se'õmbûera pupé?,N'oîkóîpe irã i angaturama o tymy pupé?,Oîkópo'ipe i tupã se'õmbûera pupé?
"Quer ter relações sexuais com ela, como de costume",Oîkópotá sesé îandu,Aîkó îandune,Oîkópotá sesé îandu
Fica aflito o padre por passar ali,Oîkotebẽ abaré uĩ gûasapaûama ri,"A'epe o karûápe, abaré moasy",Oîkotebẽ abaré uĩ gûasapaûama ri
Consolar os aflitos,Oîkotebẽba'e moapysyka,moasyba'e moapysyka,Oîkotebẽba'e moapysyka
Conheceu sua autêntica bondade,Oîkuab i marangatueté,I angaturambabeté kuapa,Oîkuab i marangatueté
Conhece bem as guerras,Oîkuákatu marana,Oîkuákatu marana,Oîkuákatu marana
"Conhece bem as guerras, ficando a esperar escondido as pessoas","Oîkuákatu marana, morapearõarõmo","Oîkuákatu marana, morapearõarõmo nhẽ sekóû","Oîkuákatu marana, morapearõarõmo"
Sabem bem de sua futura saída dali?,Oîkuákatupe a'e suí o semagûama?,Oîkuákatupe a'e suí o îepe'aagûera?,Oîkuákatupe a'e suí o semagûama?
Eles bem sabem que não mudarão?,Oîkuákatupe i îekûaboke'ymagûama?,Oîkuákatupe i îekûaboke'ymagûama?,Oîkuákatupe i îekûaboke'ymagûama?
"Se alguém escondesse os atos passados uma só vez, Deus não perdoaria","Oîkuakumo amõ abá tekopûera oîepé'ĩ nhõmo, Tupana n'i nhyrõî xómo",Abá o ekó o nhemopaîéagûera resé oîekuakuba'e Tupã nhyrõmo ndebe,"Oîkuakumo amõ abá tekopûera oîepé'ĩ nhõmo, Tupana n'i nhyrõî xómo"
Já tinha dado Judas aos judeus o meio de reconhecer Nosso Senhor?,Oîkuapáme'eng umûãpe Îudas Îandé Îara îudeus supé erimba'e?,Oîkuapáme'eng umûãpe Îudas Îandé Îara îudeus supé i nhemombe'uukari?,Oîkuapáme'eng umûãpe Îudas Îandé Îara îudeus supé erimba'e?
Os homens esvaziam as cuias,Oîmboapy abá kuîaba,Apŷaba o aîuri moîo'o,Oîmboapy abá kuîaba
"Arrependese muito de sua maldade, não querendo repetila",Oîmboasykatu o angaîpaba seroîebypotare'yma,"Eîmoasy pakatu nde angaîpaba, t'ereîemoapyri",Oîmboasykatu o angaîpaba seroîebypotare'yma
Tirarão suas maldades deles,Oîmbo'ir i angaîpaba i xuíne,I angaîpaba repyramo nhẽ sekóûne,Oîmbo'ir i angaîpaba i xuíne
Fez vir outrora alguma coisa boa do céu para seus discípulos?,Oîmbourype erimba'e mba'ekatu amõ ybaka suí o boîaetá supé?,Oîuruparipe erimba'e mba'ekatu amõ ybaka suí o boîá supé?,Oîmbourype erimba'e mba'ekatu amõ ybaka suí o boîaetá supé?
Entregouo bem em suas mãos,Oîme'eng i pópekatu,Itapygûá pupé i popûakatu,Oîme'eng i pópekatu
Devolveu seu pagamento aos príncipes,Oîme'engîeby sepypûera morubixabetá supé,O mbo'esara moîarukari,Oîme'engîeby sepypûera morubixabetá supé
Devolveu seu pagamento aos príncipes,Oîme'engîeby sepypûera morubixabetá supé,O mbo'esara moîarukari,Oîme'engîeby sepypûera morubixabetá supé
Dá também Deus neste mundo algumas coisas aos que são bons?,Oîme'engy bépe Tupã ikó 'ara pupé mba'e amõ i angaturamba'e supéno?,Tupã ebokûé ikó 'ara pupé mba'ekatu i angaîpaba'e supé,Oîme'engy bépe Tupã ikó 'ara pupé mba'e amõ i angaturamba'e supéno?
Empurrao para seu fogo,Oîmoanhã satápe,Eîmoanhã nde ratápe,Oîmoanhã satápe
"Arrependeuse, depois disso, de ter comido aquele fruto?",Oîmoasype a'e riré a'e 'ybá 'uagûera?,Oîmoasype a'e 'ybá 'uagûera?,Oîmoasype a'e riré a'e 'ybá 'uagûera?
Paga o objeto de seu furto,Oîmoepy o mondasagûera,Ogûeronheangu o mondasagûera,Oîmoepy o mondasagûera
"Tornamnos famosos também, em suas bocas vilipendiandoos","Oîmoerapûany bé, o îurupe i momoxŷabo","Îandé bé onhemoŷrõ, i îurupe îamotare'ỹamo","Oîmoerapûany bé, o îurupe i momoxŷabo"
"Honra a gente também outros dias, neles não trabalhando","Oîmoeté bé asé amõ amõ 'ara, i pupé oporabykye'yma","Oîme'eng bé asébe amõ 'ara, i mopore'yma","Oîmoeté bé asé amõ amõ 'ara, i pupé oporabykye'yma"
Dirigiu de novo Pilatos sua fala aos judeus?,Oîmoíny bépe Pilatos o nhe'enga îudeus supé?,Oîkuapápe Pilatos îudeus supé i nhe'enga?,Oîmoíny bépe Pilatos o nhe'enga îudeus supé?
Emendou também aquelas suas palavras?,Oîmoîoapyry bépe aîpó o nhe'enga?,Oîaobok serã aîpó nde 'éagûera?,Oîmoîoapyry bépe aîpó o nhe'enga?
"Confessam seus pecadilhos somente Os que são muito grandes deixamnos, escondendoos do padre","Oîmombe'u o angaîpámirĩ anhõ Tubixabeté oseîá, abaré suí i mima","I kangûerĩmbyra anhõ o angaîpagûera mombe'u, îandé reîari, abaré suí i mima","Oîmombe'u o angaîpámirĩ anhõ Tubixabeté oseîá, abaré suí i mima"
"A gente confessa totalmente, de costume, seus próprios pecados?",Oîmombe'u pakatupe amẽ asé o angaîpagûera?,Oîeruréûpe asé ogûekoangaîpaba resé?,Oîmombe'u pakatupe amẽ asé o angaîpagûera?
Já anunciara o anjo a sua prima estar ela grávida dele,Oîmombe'u uman karaibebé i pyky'yra pé i puru'aramo sekó,Aîkó karaibebé i pitangĩmuru mombe'u,Oîmombe'u uman karaibebé i pyky'yra pé i puru'aramo sekó
Afligiuo muito,Oîmomboreaûsukatu,Aîkotebẽngatu,Oîmomboreaûsukatu
O que faz também um homem furtar alguma coisa,Oîmomondarõba'e abé abá mba'e resé,Abá mba'e resé omondarõba'e,Oîmomondarõba'e abé abá mba'e resé
Reza a gente muito frequentemente para Santa Maria?,Oîmongetápy'ipy'ipe asé Santa Maria?,Ereîerokype Maria?,Oîmongetápy'ipy'ipe asé Santa Maria?
Vamos ver se fará hoje realmente algum milagre diante de mim,Oîmonhang ipó kori milagre amõ xe robakéne re'a,A'eboé kori milagre amõ xe robakéne re'a,Oîmonhang ipó kori milagre amõ xe robakéne re'a
Fez Nosso Senhor algum (milagre) diante dele?,Oîmonhangype Îandé Îara amõ sobaké?,Iîypype erimba'e Tupã milagre monhanga?,Oîmonhangype Îandé Îara amõ sobaké?
"Expulsouo do Paraíso Terreal, sua morada",Oîmosem Paraíso Terreal sekoaba suí,Oîmosem Paraíso Terráquea suí o roka suí,Oîmosem Paraíso Terreal sekoaba suí
Deramlhe de beber?,Oîmo'y'upe gûá?,Ereîy'upe i xuí?,Oîmo'y'upe gûá?
Estava já Deus no ventre de Santa Maria?,Oín uãpe Tupã Santa Maria rygépe?,Oín uãpe Tupã Maria rygépe?,Oín uãpe Tupã Santa Maria rygépe?
"Insultamse as velhas, odeiamse","Oîoa'oa'o gûaîbĩ, oîoamotare'ỹ","Oîoa'oa'o gûaîbĩ, oîoangaîpapa","Oîoa'oa'o gûaîbĩ, oîoamotare'ỹ"
"Estamos nos ferros ao pescoço um do outro (isto é, estamos presos nos ferros um ao pescoço do outro)",Oîoapyri oroîkó itá resé,Oronhomoîoîá,Oîoapyri oroîkó itá resé
Tratandose uns aos outros como que numa fraternidade,Oîoasykûera ri îasûaramo oîoerekóbo,Îase'o oîomongetá,Oîoasykûera ri îasûaramo oîoerekóbo
Tratandose uns aos outros como que numa fraternidade,Oîoasykûera ri îasûaramo oîoerekóbo,Îase'o oîomongetá,Oîoasykûera ri îasûaramo oîoerekóbo
"Amamse muito, por dever, os que se casaram?",Oîoaûsukatupe amẽ oîopopysykyba'epûera?,Oîoaûsukatupe amẽ i xupé o mendarypyrama?,Oîoaûsukatupe amẽ oîopopysykyba'epûera?
Devem amarse muito os que se casaram um com o outro?,Oîoaûsukatupe amẽ oîopopysykyba'epûera?,Oîabyetépe omendaryba'e?,Oîoaûsukatupe amẽ oîopopysykyba'epûera?
"Ao cair a morte neles, as almas dos homens morrem",Oîoesé te'õ 'asápe abá 'anga re'õû nhẽ,"I xupé te'õ o îoesé, abá rekobé kanhemi",Oîoesé te'õ 'asápe abá 'anga re'õû nhẽ
Nós estamos em igualdade,Oîoîá îandé,Îandé îabé,Oîoîá îandé
Igualmente essa mãe de Deus nos maltrata,Oîoîá kó Tupã sy îandé rerekomemûã,A'erame'ĩ kó Tupã sy îandé moapysyki,Oîoîá kó Tupã sy îandé rerekomemûã
Igualmente fazem o mal,Oîoîá marã sekóû,Aîmoangaîpab,Oîoîá marã sekóû
Igualmente guarda vossa terra,Oîoîá osarõ nhẽ pe retama,Aîpó îasûá pe retama rerekóbo,Oîoîá osarõ nhẽ pe retama
A morte está igualmente entre os moços e entre os velhos,Oîoîá te'õ rekóû kunumĩgûasu suí tuîba'e suí bé,Tekobé rekóû kunumĩgûasu suí tuîba'e suí bé,Oîoîá te'õ rekóû kunumĩgûasu suí tuîba'e suí bé
Igualmente a morte está entre os moços e entre os velhos,Oîoîá te'õ rekóû kunumĩgûasu suí tuîba'e suí bé,"Aûîeté, te'õ rekóû kunumĩgûasu suí tuîba'e suí bé",Oîoîá te'õ rekóû kunumĩgûasu suí tuîba'e suí bé
"Igualmente a morte está entre os moços e entre os velhos, não distante","Oîoîá te'õ rekóû kunumĩgûasu suí tuîba'e suí bé, n'apûéî","A'ereme bé te'õ rekóû kunumĩgûasu suí tuîba'e suí bé, napûeî","Oîoîá te'õ rekóû kunumĩgûasu suí tuîba'e suí bé, n'apûéî"
"Igualmente a morte está entre os moços e entre os velhos, não longe, mas nem por isso deixa de chegar às outras pessoas","Oîoîá te'õ rekóû kunumĩgûasu suí tuîba'e suí bé, napûeî, ndaroîaî amõ abá mopanemi","A'e ramõ kunumĩgûasu suí tuîba'e suí bé te'õ rekóû, napûeî, ndaroîaî amõ abá rapirõmo","Oîoîá te'õ rekóû kunumĩgûasu suí tuîba'e suí bé, napûeî, ndaroîaî amõ abá mopanemi"
Tanto um como o outro importunavam Santa Maria ao longo dos dias,Oîoîabenhẽ 'ara rupi Santa Maria moaîuû,Mokõîbé Santa Maria mo'ypitingûabo 'ara rupi,Oîoîabenhẽ 'ara rupi Santa Maria moaîuû
Igualmente se preocuparão em fazer seus filhos estarem na virtude?,Oîoîabenhẽpe tekokatu resé o a'yra moingoagûama ri i nhemosaînanyne?,A'e îá bépe pe mbo'a pe ra'yra tekopoxy resé?,Oîoîabenhẽpe tekokatu resé o a'yra moingoagûama ri i nhemosaînanyne?
"um par de pares, quatro",oîoirũîrũ,oîoirũîrũ,oîoirũîrũ
quatro,oioirundyk,oîoirundyk îeapyká sykápe,oioirundyk
No transcorrer de quatro gerações,Oîoirundyk îeapyká sykápe,Aîoirundyk îeapyká sykápe,Oîoirundyk îeapyká sykápe
no transcorrer de quatro gerações,oîoirundyk îeapyká sykápe,oîoirundyk îeapyká sykápe,oîoirundyk îeapyká sykápe
Ao transcorrerem quatro gerações,Oîoirundyk îeapyká sykápe,Oîoirundyk îeapyká sykápe,Oîoirundyk îeapyká sykápe
Estamos em intercalação,Oîoparabamo orokûab,Îandé nheŷnhangápe,Oîoparabamo orokûab
Tomeio com ambas as mãos,Oîopobaî aîar,Aîeruré,Oîopobaî aîar
Aperta a cabeça do maldito,Oîopyk muru akanga,Asapy nhũ,Oîopyk muru akanga
"Aperta a cabeça do maldito, enfraquecendoo muito","Oîopyk muru akanga, i moatãe'ỹngatûabo","Ikó angaîpaba akanga resé i moîáno, iî abaetébo","Oîopyk muru akanga, i moatãe'ỹngatûabo"
Partio pelo meio,Oîopytera rupi aîasy'ab,Iî apytera rupi oîemoatãmo,Oîopytera rupi aîasy'ab
Repartios pela metade,Oîopytera rupi aîmoîa'ok,Aîmoîa'ok,Oîopytera rupi aîmoîa'ok
"no meio, no centro, pelo meio, pela metade (de comprido, de uma extremidade à outra)",oîopyterybo,oîopyterybo,oîopyterybo
Partio pelo meio,Oîopyterybo rupi aîmombok,Iî apytera rupi oîemoatãmo,Oîopytera rupi aîasy'ab
Tomamolo de ombro a ombro,Oîoybari orogûar,Îaîopykûab,Oîoybari orogûar
Lado a lado seus cadáveres ao longo do mar estavam,Oîoybyri se'õmbûera paranã ybyri i kûáî,Paranã ybyri i kûáî re'õmbûera,O îoybyri se'õmbûera paranã ybyri i kûáî
Afastará os que são maus dos que são bons?,Oîpe'ape i angaîpaba'e i angaturamba'e suíne?,Oîpe'ape i angaîpaba'e i angaturamba'e suíne?,Oîpe'ape i angaîpaba'e i angaturamba'e suíne?
Sofrerá também alguma coisa ali estando?,Oîporará abépe mba'e amõ eboûĩme oîkóbone?,Oîporará abépe mba'epoxy a'epe bé?,Oîporará abépe mba'e amõ eboûĩme oîkóbone?
Não,Oîporará bépe mba'e amõ a'epe oîkóbone? Aani xûéne  Sofrerão ainda alguma coisa aí vivendo?,aani; na,Oîporará bépe mba'e amõ a'epe oîkóbone? Aani xûéne Sofrerão ainda alguma coisa aí vivendo?
Sofrem a dor de não verem a Deus,Oîporará Tupã repîake'yma rasy,I pûer tekoaíba Tupã repîake'yma resé,Oîporará Tupã repîake'yma rasy
Sofrerão algo estando ali?,Oîporarápe mba'e amõ a'epe oîkóbone?,I angaîpabetépe i xupéne a'epe?,Oîporarápe mba'e amõ a'epe oîkóbone?
"Curouo, somente tocando sua orelha, imediatamente fazendoa sarar, colandoa","Oîposanong i nambi atõîa nhote, aûnhenhẽ i monga'ẽmo, i moîepotá","I xupé, i nambi apûá nhote, aûnhenhẽ i monga'ẽmo, i moîepotá","Oîposanong i nambi atõîa nhote, aûnhenhẽ i monga'ẽmo, i moîepotá"
"Curouo, somente tocando sua orelha","Oîposanong, i nambi atõîa nhõte",I akangûera resé opûápûá i pupé,"Oîposanong, i nambi atõîa nhõte"
"Curouo, somente tocando sua orelha, imediatamente fazendoa sarar, grudandoa","Oîposanong, i nambi atõîa nhote, aûnhenhẽ i monga'ẽmo, i moîepotá","I xupé, i nambi apûá nhote, aûnhenhẽ i monga'ẽmo, i moîepotá","Oîposanong i nambi atõîa nhote, aûnhenhẽ i monga'ẽmo, i moîepotá"
Curou Nosso Senhor aquela sua orelha arrancada?,Oîposanongype Îandé Îara a'e i nambimondokypyra?,Oîposanongype Îandé Îara i nambi gulaembûera?,Oîposanongype Îandé Îara a'e i nambimondokypyra?
Quer muito a sua futura santificação,Oîpotákatu o nhemongaraibagûama,I 'ara potá nhote,Oîpotákatu o nhemongaraibagûama
Preferiam outrora as pessoas que as matassem?,Oîpotarĩp'amẽ abá erimba'e o îuká?,Oré poîxûarype abá erimba'e o îukábo?,Oîpotarĩp'amẽ abá erimba'e o îuká?
Estiraramno sobre a cruz,Oîpysó ybyraîoasaba 'arybo,Cruz resé serasóû,Oîpysó ybyraîoasaba 'arybo
amanhã,oirã,Îeîbé apak,oirã
"Mais tarde, antes de se fazer matar por nós, tomou o pão em suas mãos",Oîrã îandé resé o îeîukáukary îanondé miapé rari o pópe,"A'e ré, îanondé, miapé rari o pópe",Oîrã îandé resé o îeîukáukary îanondé miapé rari o pópe
"Ao comer junto de seus discípulos antes de sua morte, no dia posterior",Oîrã o e'õ îanondé o emimbo'e pyri o karûápe,"I boîá o e'õ îanondé o karûápe, kûesé ko'arapukuî",Oîrã o e'õ îanondé o emimbo'e pyri o karûápe
"Irritao, empurrao para seu fogo","Oîrarõ, oîmoanhã satápe","Aîaso'i, oîmoanhã satápe","Oîrarõ, oîmoanhã satápe"
Compadecendose somente de oito que viviam segundo suas palavras e que gerariam filhos,Oito anhõ o nhe'enga rupi tekoara oporomonhangyba'erama raûsubá,I angaturama oîmoîa'ok o nhe'enga abá supé o membyra rerekóbo,Oito anhõ o nhe'enga rupi tekoara oporomonhangyba'erama raûsubá
"Quando chegou o dia oito, cortaram seu prepúcio","Oito 'ara sykeme, i 'apira mondoki",Mokõî oîoirundyk oito 'ara sykeme i akanga kutuka,"Oito 'ara sykeme, i 'apira mondoki"
Mata (ou matam),Oîuká,Îaîuká,Oîuká
"Amarraramno com corda, fazendoo estar em pé",Oîxamysyk sero'ama,Aîpepópûar,Oîxamysyk sero'ama
arrancar,ok,kokaba,ok
tirar,ok (,(intr): nheapumi; nhepumi; (tr): pumi; 'apiramõ,ok (
casa,oka,"tapyia, tapuia",oka
Barreei a casa com terra,Oka aîybyapetek,Aîmoapyka oka,Oka aîybyapetek
"o que cuida da casa, caseiro",oka rerekoara,anga,oka rerekoara
Estão queimando para sempre como pena de dizerem isso somente em suas bocas,Okaî oupa aûîeramanhẽ o îurupe nhote aîpó o 'eagûera repyramo,I abaîté nhote i nhe'enga îepóbo nhõne,Okaî oupa aûîeramanhẽ o îurupe nhote aîpó o 'eagûera repyramo
"Estão queimando, conservando suas vidas",Okaî oúpa o ekobé rerekóbo,"Okaî, sekóbo",Okaî oúpa o ekobé rerekóbo
Eis que se aproxima minha vida futura,Okakar kó xe rekoberama re'a,Aîeroŷrõ xe rekobé,Okakar kó xe rekoberama re'a
Aproximase o nascimento de S João,Okakar S João 'aragûera,Oîporará São João 'ara,Okakar S João 'aragûera
Aproximase minha ida,Okakar xe sorama,Eîori xe mundé,Okakar xe sorama
"casa que seria, o que seria casa",okambûera,ãme,okambûera
madeira ou armação para futura casa,ókangûama,nhau'uma koîpó itakuruba roka,ókangûama
"Sumiu a canoa de mim (isto é, de minha vista)",Okanhem ygara xe suí,I aîub ygara mombó,Okanhem ygara xe suí
cume de casa,okapyra,okybaté,okapyra
praça,okara,suf,okara
terreiro (entre as ocas),okara,ybyrá,okara
"de fora, do lado da rua",okara koty,kûesé,okara koty
"lanço da ocara, a parte da ocara contida entre, por exemplo, duas ocas",okarapupa'ũ,amongoty,okarapupa'ũ
Come ainda,Okaru bé,E'i bé,Okaru bé
"fora, na rua",okarype,kûepe,okarype
"Retiraramno para o pátio, colocando uma cruz no ombro dele","Okarype senosemi, cruz nonga i ati'yba ri","Muru rupápe senosemi, cruz nonga i ati'yba ri","Okarype senosemi, cruz nonga i ati'yba ri"
sendo ele bom,okaturamo,i katupyryb,okaturamo
Bebe cauim também minha sogra,Oka'u bé xe raîxó,Aka'u bé kaûĩ xe syîme,Oka'u bé xe raîxó
Bebem muito todos,Oka'ugûasu pabẽ,Aîopy pabenhẽ,Oka'ugûasu pabẽ
"Bebem muito todos, os homens com as mulheres","Oka'ugûasu pabẽ, apŷaba kunhã ndibé","Oka'ugûasu pabẽ pabẽ, apŷaba, kunhãba'e","Oka'ugûasu pabẽ, apŷaba kunhã ndibé"
porta,"okena (r, s); okendaba (r, s) # abrir a porla: okemlal>0k (s)",yby'ab,"okena (r, s); okendaba (r, s) # abrir a porla: okemlal>0k (s)"
tranca da porta,okena kokaba,okena kokaba,okena kokaba
fecho da porta,okena motakaba,okena potãîa,okena motakaba
tranca da porta,okena potãîa,okena kokaba,okena kokaba
aldrava da porta,okena potãîa,okena potãîa,okena potãîa
o limiar da porta,okena robapy,okena robaî,okena robapy
Estavam dormindo de aflição,Oker okûapa tekotebẽ suí nhẽ,I keraparáparar,Oker okûapa tekotebẽ suí nhẽ
Estavam dormindo por causa da aflição,Oker okûapa tekotebẽ suí nhẽ,Mba'easy pupé i kere'ymi,Oker okûapa tekotebẽ suí nhẽ
"Dormiu demais seu cadáver, estando deitado no lugar em que o puseram?",Okeretápe se'õmbûera o mondebagûerype oupa?,"Opá se'õmbûera rerobasema, i tymagûerype opyta?",Okeretápe se'õmbûera o mondebagûerype oupa?
Dormiu demais seu cadáver?,Okeretápe se'õmbûera?,Opá serã sobá sobá?,Okeretápe se'õmbûera?
Ele dorme Não o acordes!,Okerĩ Nd'eremombaki!,"Ikó kerapará, teumẽ ani amõ opu'ama",Okerĩ Nd'eremombaki!
Dormita no lugar onde o puseram deitado,Okerĩ o moupápe,Pene'ĩ pe remiendubápe,Okerĩ o moupápe
"Escaparão futuramente os animais de caça, os pássaros, os peixes, as matas?","Okûabépe irã so'o, gûyrá, pirá, ka'a?","So'o re'õmbûera, gûyrá, pirá, ka'a abé ruãpe?","Okûabépe irã so'o, gûyrá, pirá, ka'a?"
"Escaparão futuramente os animais, os pássaros?","Okûabépe irã so'o, gûyrá?","I mboîyrá, gûyrá, kanhembora ri?","Okûabépe irã so'o, gûyrá?"
Escaparão futuramente os animais quadrúpedes?,Okûabépe irã so'o?,Sekoaba'e serã so'o îepe'akamo?,Okûabépe irã so'o?
"Os anos passaram muitas vezes, causa de atraso da ida do homem para o céu?","Okûabetápe erimba'e seîxu, ybakype abá só moabaîpaba?",Setá nhẽ serã apŷaba ybakype abá sóû remimborará?,"Okûabetápe erimba'e seîxu, ybakype abá só moabaîpaba?"
"Caem, às vezes, os frutos de suas árvores",Okuî rakó amũme 'ybarambûera o 'yba suí,Okuî rakó amũme 'ybarambûera o 'yba suí,Okuî rakó amũme 'ybarambûera o 'yba suí
"Caem, às vezes, os frutos das suas árvores, sendo ainda flores",Okuî rakó amũme ybarambûera o 'yba suí ybotyramo oîkóbo bé,Okuî rakó amũme 'ybarambûera o 'yba suí 'ybotyramo oîkóbo bé,Okuî rakó amũme 'ybarambûera o 'yba suí ybotyramo oîkóbo bé
"Caem, às vezes, os frutos das suas árvores, sendo ainda flores",Okuî rakó amũme 'ybarambûera o 'yba suí ybotyramo oîkóbo bé,Okuî rakó amũme 'ybarambûera o 'yba suí 'ybotyramo oîkóbo bé,Okuî rakó amũme 'ybarambûera o 'yba suí ybotyramo oîkóbo bé
"Caem, às vezes, os que seriam os frutos das árvores, sendo ainda flores",Okuî rakó amũme 'ybarambûera o 'yba suí 'ybotyramo oîkóbo bé,Eîori amũme 'ybá 'ybotyramo oîkóbo,Okuî rakó amũme 'ybarambûera o 'yba suí 'ybotyramo oîkóbo bé
"Caem, às vezes, os frutos das suas árvores, sendo ainda flores",Okuî rakó amũme 'ybarambûera o 'yba suí 'ybotyramo oîkóbo bé,Okuî rakó amũme 'ybarambûera o 'yba suí 'ybotyramo oîkóbo bé,Okuî rakó amũme 'ybarambûera o 'yba suí ybotyramo oîkóbo bé
"Caem às vezes os frutos de suas árvores, sendo ainda flores, outras vezes caem em seu estado verde","Okuî rakó amũme 'ybarambûera o 'yba suí 'ybotyramo oîkóbo bé, amõ rakó ogûakyra pupé i kuî","Okuî rakó amũme 'ybarambûera o 'yba suí 'ybotyramo oîkóbo bé, amõ rakó ogûaîyramo oîkuî","Okuî rakó amũme 'ybarambûera o 'yba suí 'ybotyramo oîkóbo bé, amõ rakó ogûakyra pupé i kuî"
"Caem às vezes os frutos de suas árvores sendo ainda flores, outras vezes em seu estado verde, outras vezes caem após madurarem","Okuî rakó amũme 'ybarambûera o 'yba suí 'ybotyramo oîkóbo bé, amõ rakó ogûakyra pupé i kuî, amõ rakó ogûaîub'iré i kuî","Amõme 'yba suí 'ybá 'u, amõme 'ybá 'îabo, amõme 'ybá 'yba suí 'ybapa'ũamo","Okuî rakó amũme 'ybarambûera o 'yba suí 'ybotyramo oîkóbo bé, amõ rakó ogûakyra pupé i kuî, amõ rakó ogûaîub'iré i kuî"
"Caem algumas vezes os frutos de suas árvores, sendo ainda flores, outras vezes em seu estado verde, outras vezes caem após seu amadurecimento","Okuî rakó amũme 'ybarambûera o 'yba suí 'ybotyramo oîkóbo bé, amõ rakó ogûakyra pupé i kuî, amõ rakó ogûaîub'iré i kuî","Okuî rakó amũme 'ybarambûera o 'yba suí 'ybotyramo oîkóbo bé, amõ rakó i îubyramo oîkóbo bé, amõ rakó ogûaîub'iré i kuî","Okuî rakó amũme 'ybarambûera o 'yba suí 'ybotyramo oîkóbo bé, amõ rakó ogûakyra pupé i kuî, amõ rakó ogûaîub'iré i kuî"
"Caem às vezes os frutos de suas árvores, sendo ainda flores, outras vezes em seu estado verde, outras vezes após amadurecerem caem","Okuî rakó amũme 'ybarambûera o 'yba suí 'ybotyramo oîkóbo bé, amõ rakó ogûakyra pupé i kuî, amõ rakó ogûaîub'iré i kuî","Okuî rakó amũme 'ybarambûera o 'yba suí 'ybotyramo, amõ rakó i 'ybotyramo, amõ rakó 'y ogûaîub'iré i kuî","Okuî rakó amũme 'ybarambûera o 'yba suí 'ybotyramo oîkóbo bé, amõ rakó ogûakyra pupé i kuî, amõ rakó ogûaîub'iré i kuî"
"detrás da casa, atrás da casa",ókupépe,ókupépe,ókupépe
"casarão, casa grande",okusu,okusu,okusu
"casa assobradada (lit, casa alta)",okybaté,okybaté,okybaté
A chuva ficava amanhecendo a cair,Okyko'ẽko'ẽ amana,Amãpytuna,Okyko'ẽko'ẽ amana
"A chuva ficava amanhecendo a cair, enchendo o mar","Okyko'ẽko'ẽ amana, paranã momungábo","Okyr ko'ẽko'ẽ amana, paranã mopungábo","Okyko'ẽko'ẽ amana, paranã mopungábo"
"A chuva ficava amanhecendo a cair, enchendo o mar","Okyko'ẽko'ẽ amana, paranã mopungábo","Okyr ko'ẽko'ẽ amana, paranã mopungábo","Okyko'ẽko'ẽ amana, paranã mopungábo"
Caiu a chuva,Okyr amana,Aîpyeî,Okyr amana
"Caiu a chuva sem parar, enchendo o mar, levantandoo bem acima do cume das montanhas","Okyr ko'ẽko'ẽ amana, paranã mopungábo, ybytyra apyra sosékatu i mopu'ama","Okyr ko'ẽko'ẽ amana, paranã mopungábo, ybytyra apyra sosé i mopu'ama","Okyr ko'ẽko'ẽ amana, paranã mopungábo, ybytyra apyra sosékatu i mopu'ama"
esteio,okytá,apykaba,okytá
"esteio, alicerce de casa",okytá,apykaba,okytá
puro,oleperemõ,nhũasyma,oleperemõ
"Haveria de morrer, na verdade, antes de se batizar",Omanõ îepémo oîemongaraíb'e'ymebé re'a,Omanõ îepémo oîemongaraíb'e'ymebé re'a,Omanõ îepémo oîemongaraíb'e'ymebé re'a
Haveria de morrer certamente a criança de mim após eu querer comer caça,Omanõ îepémo pitanga xe suí ixé so'o 'useî tenhẽ roîrémo re'ĩ,Omanõ îepémo xe membyra xe remi'u ré,Omanõ îepémo pitanga xe suí ixé so'o 'useî tenhẽ roîrémo re'ĩ
"Oh, que pena que meu pai morreu!",Omanõ tekatunheté xe ruba mã!,I abaîté xe ruba ká!,Omanõ tekatunheté xe ruba mã!
Meu braço perdeu a sensibilidade,Omanõ xe îybá,N'asendubi xé atukupé,Omanõ xe îybá
"O homem desanima, sem mais, de comer também",Omanõaibí abá o mba'e gûápe bé,Abá oporokurákurab i gûabo bé,Omanõaibí abá o mba'e gûápe bé
"O homem desanima, sem mais, de suas danças também",Omanõaibí abá o poraseîtápe bé,"Apŷaba enhemoapysyka, xe suí i poraseîa bé",Omanõaibí abá o poraseîtápe bé
"Desanima, sem mais, de suas diversões também",Omanõaibí o nhemosaraîtápe bé,I popûera abé oîapirõ,Omanõaibí o nhemosaraîtápe bé
Voltou a viver dos que morreram,Omanõba'epûera suí sekobeîebyri,Omanõba'epûera suí sekobeîebyri,Omanõba'epûera suí sekobéîebyri
Voltou a viver dos que morreram,Omanõba'epûera suí sekobéîebyri,Omanõba'epûera suí sekobeîebyri,Omanõba'epûera suí sekobéîebyri
Morreram todos,Omanõmbá,Omanõmbá,Omanõmbá
morrendo ele,omanõmo,i îukapyrunga,omanõmo
"Ficando eles a fazer guerras, ameaçam as cabeças dos índios","Omarãmonhãmonhanga, oîmomboî abá akanga","Omarãmonhã, abá akanga kutuka","Omarãmonhãmonhanga, oîmomboî abá akanga"
"Brigarão, cuspirseão?","Omarãmonhangype, oîoendyne?","Ereîogûerekópe, eîekûá?","Omarãmonhangype, oîoendyne?"
"Brigarão, cuspirão um no outro?","Omarãmonhangype, oîoendyne?","Ereîogûerekópe, eîoendyne?","Omarãmonhangype, oîoendyne?"
Arrependese muito de seus pecados em seu coração,Omboasykatu o angaîpaba o py'ape,Eîmoasy nde angaîpaba nde py'ape,Omboasykatu o angaîpaba o py'ape
os que querem casarse,omendápotaryba'e,mendare'ymba'e,omendápotaryba'e
Dentro de uma casinha estás,Ómirĩ pupé ereîkó,Ómirĩ pupé ereîkó,Ómirĩ pupé ereîkó
Já fica ansiosa por vêlo,Omoanhẽ ymã sepîakûama,Iîá oîembo'ebo,Omoanhẽ ymã sepîakûama
Furou também minha cabeça,Omombuky bé xe akanga,Aîe'amaman,Omombuky bé xe akanga
Oxalá Deus mandasse os cadáveres de toda parte falarem,Omonhe'enguká temõ Tupã te'õmbûera kóbo,I îoupé nhẽ Tupã omanõba'epûera mbo'eagûama resé,Omonhe'enguká temõ Tupã te'õmbûera kóbo
Oxalá Deus mandasse os cadáveres de toda parte falarem o que terá sido o seu enterro,Omonhe'enguká temõ Tupã te'õmbûera kóbo i tỹmbûerama,I îukasaramo Tupã te'õmbûera kóbo i tỹmbûerama,Omonhe'enguká temõ Tupã te'õmbûera kóbo i tỹmbûerama
Que bom seria se Deus mandasse fazer os cadáveres falarem!,Omonhe'enguká temõ Tupã te'õmbûera!,Marãîasûaramo Tupã omanõba'epûera monhe'engûera pûaîa mã!,Omonhe'enguká temõ Tupã te'õmbûera!
Parece investir nossa carne contra nossa alma,Onharõberame'ĩ asé ro'o îandé 'anga resé,Îandé ro'o asé 'anga suí i moîarûabo,Onharõberame'ĩ asé ro'o îandé 'anga resé
refletindo sobre suas maldades,onheangerekóbo o angaîpagûera resé,O angaîpaba andupa,onheangerekóbo o angaîpagûera resé
"Aprende acerca da palavra de Deus, em que crerá",Onhembo'e Tupã nhe'enga o emierobîarama resé,"Eîkuá Tupã nhe'enga, erobîá",Onhembo'e Tupã nhe'enga o emierobîarama resé
"Aprende acerca da palavra de Deus em que crerá, que cumprirá também",Onhembo'e Tupã nhe'enga o emierobîarama resé o emiporama resé bé,"Eîkuá Tupã nhe'enga nde bo'epûera, i xupé bé omoaûîebyrine",Onhembo'e Tupã nhe'enga o emierobîarama resé o emiporama resé bé
Porventura fizeramse muito maus os homens após se multiplicarem?,Onhemoangaîpabeté serã apŷaba o îeapykáeté roîré?,Oîkomemûãpe abá aûîé i moîerobobîarõmbyramo?,Onhemoangaîpabeté serã apŷaba o îeapykáeté roîré?
Porventura tornaramse muito maus os homens?,Onhemoangaîpabeté serã apŷaba?,I angaîpabetépe abá rekóû?,Onhemoangaîpabeté serã apŷaba?
"Consolase muito o homem, de fato, com as coisas que estão contidas neste mundo",Onhemoapysykatu rakó abá mba'e ikó 'ara pora resé,Anheté rakó abá moapysykatu ikó 'ara pora resé,Onhemoapysykatu rakó abá mba'e ikó 'ara pora resé
Fazendose humilde como um pobre,Onhemoarûabo mba'eîare'yma îabé,Moreaûsuba îabé oîemomboreaûsub,Onhemoarûabo mba'eîare'yma îabé
"Confessase alguém antes de ir à guerra, antes de embarcar num navio?","Onhemombe'upe abá gûarinĩnamo o só îanondé, ygarusupe o 'ary îanondé?","I ku'abok serã abá gûarinĩnamo o só îanondé, ygarusupe o 'ary îanondé?","Onhemombe'upe abá gûarinĩnamo o só îanondé, ygarusupe o 'ary îanondé?"
Confessase alguém antes de ir à guerra?,Onhemombe'upe abá gûarinĩnamo o só îanondé?,Abá supépe épe erimba'e i mongetáû marana ri o só îanondé?,Onhemombe'upe abá gûarinĩnamo o só îanondé?
Confessase alguém antes de embarcar num navio?,Onhemombe'upe abá ygarusupe o 'ary îanondé?,Oîerokype abá ygarusupe o 'ary îanondé?,Onhemombe'upe abá ygarusupe o 'ary îanondé?
"(A gente) se humilha, arrependendose de suas maldades","Onhemomboreaûsub, o angaîpaba moasŷabo","Etupãmongetá, eîerobîá","Onhemomboreaûsub, o angaîpaba moasŷabo"
Atraiuse minha alma pela beleza de tua alma,Onhemomotá xe 'anga nde 'anga poranga ri,Eîpytybõ xe 'anga nde 'anga angaturama suí,Onhemomotá xe 'anga nde 'anga poranga ri
Preocupamse todos os cristãos em saber isso?,Onhemosaînan pabẽpe cristãos aîpoba'e kuabaûama resé?,Oîerokype cristãos i kuapápe aîpó oîkuab'iré?,Onhemosaînan pabẽpe cristãos aîpoba'e kuabaûama resé?
"Preocupamse conosco, de costume, os nossos padrinhos?",Onhemosaînãpe amẽ asé rerokara asé resé?,Onhemosaînãpe amẽ asé rerokara asé resé?,Onhemosaînãpe amẽ asé rerokara asé resé?
Desfaleceram os maus,Onhemote'õ'a moxy,Angaîpaba nhemoŷrõmo,Onhemote'õ'a moxy
Já se juntaram por causa disso as velhas e os velhos,Onheŷnhang umã sesé gûaîbĩ tuîba'e abé,Eîori iî apysykûera,Onheŷnhang umã sesé gûaîbĩ tuîba'e abé
Já se juntaram por causa disso muitos moços bebedores de cauim,Onheŷnhang umã sesé kunumĩetá kagûara,I apysykatu kó kunumĩetá kaûĩ 'uû,Onheŷnhang umã sesé kunumĩetá kagûara
Já se juntaram a eles muitos moços bebedores de cauim,Onheŷnhang umã sesé kunumĩetá kagûara,"I xupé oîké kunumĩetá, kaûĩ gûabo",Onheŷnhang umã sesé kunumĩetá kagûara
"Já se juntaram por causa disso muitos moços bebedores de cauim, velhas e velhos também","Onheŷnhang umã sesé kunumĩetá kagûara, gûaîbĩ, tuîba'e abé","Setá kunumĩgûasu, gûaîbĩ, kaûĩ ru'uba, gûaîbĩ, tuîba'e abé iî aîub","Onheŷnhang umã sesé kunumĩetá kagûara, gûaîbĩ, tuîba'e abé"
"Já se juntaram por causa disso muitos moços bebedores de cauim, os pervertedores desta aldeia","Onheŷnhang umã sesé kunumĩetá kagûara, kó taba moangaîpapara","I îerobîá kunumĩetá kagûara, kó taba moangaîpapara","Onheŷnhang umã sesé kunumĩetá kagûara, kó taba moangaîpapara"
Já se juntaram por causa disso muitos moços bebedores de cauim e as moças que dão de beber às pessoas,"Onheŷnhang umã sesé kunumĩetá kagûara, kunhãmuku i more'ymbara","Setá kunumĩ, kunhataĩ, ka'a abŷara, morosuí, oîemoingeaíb kori","Onheŷnhang umã sesé kunumĩetá kagûara, kunhãmuku i more'ymbara"
beco ou rua estreita,onhoba'ũmirĩ,aputu'ũaoba,onhoba'ũmirĩ
Aumentaram as riquezas para mim,Ono'ong mba'e ixébo,Aûîé bé mba'ekatu amõ me'enga,Ono'ong mba'e ixébo
Coloqueio de boca para baixo,Oobapybo aîmoín,Aîeîurupirar,Oobapybo aîmoín
Jazo de bruços,Oobapybo aîub,tabe'yma,Oobapybo aîub
Estou deitado de bruços,Oobapybo aîub,Aîobabo'o,Oobapybo aîub
Eis que a todos nós vence,Opá ã îandé moaûîéû,Aîpó pabẽ abá mondyki,Opá ã îandé moaûîéû
"Eis que a todos nós vence, como também já venceu os antepassados",Opá ã îandé moaûîéû tamyîpagûama moaûîé ymã îabé bé,Îandé suí o îeîuká îandé ramuîa îabé îandé ramuîagûera supé oîeîuká îabé,Opá ã îandé moaûîéû tamyîpagûama moaûîé ymã îabé bé
Matou todos os homens,Opá abá îukáû,Îamanõmbá abá,Opá abá îukáû
Todos os homens foram,Opá abá sóû,Opá abá sóû,Opá abá sóû
Completamente ele me revistou,Opá ahẽ xe subi,Ema'enãngatu xe ri,Opá ahẽ xe subi
A todos os que assim vivem nosso fogo convém,Opá emonã tekoara îandé ratá îaîarõ,Aîpó opá emonã tekoara îandé ratá pupé sekóû porang,Opá emonã tekoara îandé ratá îaîarõ
"Passaste à frente de tudo, nosso inimigo vencendo para sempre","Opá ereîopûã, oré sumarã reîtyka memẽ","Ereîase'o opakatu, oré sumarã reîtyka memẽ","Opá ereîopûã, oré sumarã reîtyka memẽ"
Todos eles voltaram para trás,Opá i îeakypûereroîebyri,Aîebymbé serã mbá,Opá i îeakypûereroîebyri
Todos eles voltaramse para trás,Opá i îeakypûereroîebyri,Aîopyîybõmbá,Opá i îeakypûereroîebyri
"Todos eles voltaram para trás, caindo no chão de costas","Opá i îeakypûereroîebyri, o atukupé pyterybo o'á ybype","Memẽ i xupé, oîeapyka o atukupé pyterybo o'á ybype","Opá i îeakypûereroîebyri, o atukupé pyterybo o'á ybype"
"Todos eles voltaram para trás, caindo no chão de costas ","Opá i îeakypûereroîebyri, o atukupé pyterybo o'á ybype","Opá i apûan, o'á ybype","Opá i îeakypûereroîebyri, o atukupé pyterybo o'á ybype"
"Todos cercaram Nosso Senhor, achegandose a ele",Opá Îandé Îara moîari sesé osyka,"Opabĩ Tupã resé onhemomosemba'e, oîemoabangábo",Opá Îandé Îara moîari sesé osyka
A todos nós espantaria,Opá îandé moputupabymo,Opá îandé moapaîugûá,Opá îandé moputupabymo
"ambas estas mãos, o número dez",opá kó mbó,mokõî kó pó pupé,opá kó mbó
A cada dez dar um como quinhão de Deus,Opá kó mbó îabi'õ moîepé me'enga Tupã potabamo,Opá kó mbó îabi'õ Tupã oîme'eng i mba'e,Opá kó mbó îabi'õ moîepé me'enga Tupã potabamo
Todos os que estão nesta aldeia conta como seus filhos,Opá kó taba pupîara o membyramo i papari,Kó taba pupé abá nhẽ i nhemonhangi,Opá kó taba pupîara o membyramo i papari
"De cada dez, repartir uma de nossas coisas com Deus",Opá kombó îabi'õ Tupã supé oîepé asé mba'e moîa'oka,Opá kó mbó îabi'õ Tupã supé oîepé asé mba'e me'enga,Opakombó îabi'õ Tupã supé oîepé asé mba'e moîa'oka
Todos os impedimentos do casamento já mencionei,Opá mendara moarûapaba aîmombe'u ymã,Aîmombe'u opakatu mendara moarupaba,Opá mendara moarûapaba aîmombe'u ymã
Riscaram todo o teu corpo com ferro pontiagudo,Opá nde reté raíri itatiãîa pupé,Opá nde reté ogûar ygapéne,Opá nde reté raíri itatîãîa pupé
Riscaram todo o teu corpo com lanças,Opá nde reté raíri itatîãîa pupé,Seté îakatu serasóû,Opá nde reté raíri itatîãîa pupé
Riscaram todo o teu corpo com ferro pontiagudo,Opá nde reté raíri itatîãîa pupé,Opá nde reté ogûar ygapéne,Opá nde reté raíri itatîãîa pupé
Todos os seus discípulos para tuas mãos fazendo passar,Opá o boîá nde pópe i mongûapa,Opá o boîá nde pópe i mongûapa,Opá o boîá nde pópe i mongûapa
Todos os seus discípulos para tuas mãos fazendo passar,Opá o boîá nde pópe i mongûapa,Opá o boîá nde pópe i mongûapa,Opá o boîá nde pópe i mongûapa
Todos os seus discípulos para tuas mãos fazendoos passar,Opá o boîá nde pópe i mongûapa,Opá i boîá nde pópe i kûáî,Opá o boîá nde pópe i mongûapa
Todo seu sangue deu,Opá og ugûy me'engi,Opá og ugûy me'engi,Opá og ugûy me'engi
"Todo seu sangue deu, morrendo","Opá og ugûy me'engi, omanomõ","Opá og ugûy me'engi, omanomõ","Opá og ugûy me'engi, omanomõ"
Visitando o interior de todas as ocas,Opá okybỹnha supa,Aîpysyk pá ka'a pupé,Opá okybỹnha supa
todos os habitantes do Paraíba,opá Paraibygûara,opá Paraibygûara,opá Paraibygûara
Com toda uma corda amarraramno,Opá sama pupé i apytĩû,Ybyrá pupé i nhubani,Opá sama pupé i apytĩû
Tudo faz a aldeia pecar!,Opá taba moangaîpabi!,Opá taba moangaîpabi!,Opá taba moangaîpabi!
"Toda a aflição envolvendo o homem, enfim",Opá tekotebẽ abá amana ko'yté,Opabĩ abá mba'eaíba supé onhemomemûãba'e oîmoasy,Opá tekotebẽ abá amana ko'yté
Já todos os tamoios foram,Opá umã tamũîa sóû,Opá tamũî osóbo,Opá umã tamũîa sóû
Todos os meus pêlos se arrepiaram,Opá xe raba bybyri,Aîpitupyk ã xe raba,Opá xe raba bybyri
Todos os bens de meus avós joguei fora,Opá xe ramyîa ma'epûera aîtyk,Aîerobîá opá xe remieroŷrõsara,Opá xe ramỹîa ma'epûera aîtyk
Todos os bens de meus avós joguei fora,Opá xe ramỹîa ma'epûera aîtyk,Aîerobîá opá xe remieroŷrõsara,Opá xe ramỹîa ma'epûera aîtyk
Ambas as minhas coxas adormeceram,Opá xe uba îesyî,Opá xe îybáîa îaîbeĩ,Opá xe uba îesyî
"Ambas as minhas coxas tremem, endurecendo","Opá xe uba îesyî, oîemoatãmo","Opá xe îybápiring, iî aŷpyra","Opá xe uba îesyî, oîemoatãmo"
"Todo o céu preenches, o mar e a terra firme também","Opá ybaka ereîmopó, paranã, yby abé","Opá ybaka ereîmopó, paranã, yby'y abé","Opá ybaka ereîmopó, paranã, yby abé"
"Todo o céu preenches, o mar e a terra também","Opá ybaka ereîmopó, paranã, yby abé","Opá ybaka ereîmopó, paranã, yby abé","Opá ybaka ereîmopó, paranã, yby abé"
todos os que estão nas ilhas,opá 'ypa'ũmendûara,opá 'ypa'ũmendûara,opá 'ypa'ũmendûara
Levei todos,Opab arasó,Aîeakasó,Opab arasó
Todos os habitantes da terra destruiu com um dilúvio,Opab erimba'e yby pora 'yporu pupé i mokanhemi,Opab erimba'e yby pora 'ybytygûasu pupé i mondoki,Opab erimba'e yby pora 'yporu pupé i mokanhemi
"todo (s, a, as)","opab, opabe, opabengatu, opabenhe, opabL opabinhe, opakatu; pab tomar",pab,"opab, opabe, opabengatu, opabenhe, opabL opabinhe, opakatu; pab tomar"
Todas as aldeias abrasou,Opabẽ taba mondyki,Opabĩ taba îaîyb,Opabẽ taba mondyki
Todas as aldeias abrasou,Opabẽ taba mondyki,Opabĩ taba îaîyb,Opabẽ taba mondyki
Todos vão em procissão,Opabenhẽ gûá sóû îebyîebybo,Xe resaraî tekotebẽeté suí!,Opabenhẽ gûá sóû îebyîebybo
Será que todos aqueles esbofeteadores dele ficaram a injuriálo?,Opabenhẽ serã erimba'e a'e petekara iî a'oîa'oû?,Oîoamotare'ym serã i îukapûera?,Opabenhẽ serã erimba'e a'e petekara iî a'oîa'oû?
Acaso todos os que estavam ali ficaram a injuriálo?,Opabenhẽ serã erimba'e a'epe tekoara iî a'oîa'oû?,Oîkó serã abá i motĩamo?,Opabenhẽ serã erimba'e a'epe tekoara iî a'oîa'oû?
Por acaso todos os que estavam ali ficaram a injuriálo?,Opabenhẽ serã erimba'e a'epe tekoara iî a'oîa'oû?,Oîkó serã abá i motĩamo?,Opabenhẽ serã erimba'e a'epe tekoara iî a'oîa'oû?
Por acaso todos os que estavam ali ficaram a injuriálo?,Opabenhẽ serã erimba'e a'epe tekoara iî a'oîa'oû?,Oîkó serã abá i motĩamo?,Opabenhẽ serã erimba'e a'epe tekoara iî a'oîa'oû?
Todos os homens destrói,Opabĩ abá mondyki,...Opabĩ abá mondyî,Opabĩ abá mondyki
Honrandote mais que a todas as mulheres,Opabĩ kunhã sosé nde momba'etébo é,Aîmoeté pabenhẽ kunhã suí,Opabĩ kunhã sosé nde momba'etébo é
Embelezandote totalmente,Opabĩ nde momoranga,Nde rekokatueté,Opabĩ nde momoranga
Todos os vícios colocaram bem em seus corações,Opabĩ tekoaíba mondebikatu o py'ape,Aîpó tekoangaîpaba opakatu mondebikatu o py'ape,Opabĩ tekoaíba mondebikatu o py'ape
Lembrandose dele assim que acorda,Opaka bé sesé o ma'enduaramo,I ma'enduaramo oúpa,Opaka bé sesé o ma'enduaramo
Todas as pessoas vão fazendo as ladainhas,Opakatu abá sóû ladainhas monhanga,Abá oîmonhang memẽ i moerapûanymbyra,Opakatu abá sóû ladainhas monhanga
Mais que todas as coisas dolorosas que estão neste mundo,Opakatu ikó 'ara pupîara mba'easy sosé,Opá ikó 'ara pupé mba'e iî abaiba'e,Opakatu ikó 'ara pupîara mba'easy sosé
Todos os cristãos honramme muito,Opakatu karaíba xe momba'etékatu,Opá xe rerobîasara xe rerobîá,Opakatu karaíba xe momba'etékatu
Todos os lugares preenche,Opakatu mamõ mopori,Opakatu mamõ mopori,Opakatu mamõ mopori
"Sofrendo tudo o que é doloroso, que não se mitigará",Opakatu sasyeteba'e i arybeba'erame'yma porarábo,Mba'easy porarábo o îoupé onhemomaran kûepe,Opakatu sasyeteba'e i arybeba'erame'yma porarábo
Por acaso ele teve seu intestino caído totalmente pelo lugar em que se rasgou sua cintura?,Opakatu serã sygeapûákuîamo i ku'a sorokaba rupi?,Iî a'ype i pypirá o îubykagûerype?,Opakatu serã sygeapûákuîamo i ku'a sorokaba rupi?
Acaso todo o seu intestino caiu pela fissura de sua cintura?,Opakatu serã sygeapûákuîamo i ku'a sorokaba rupi?,Osapukápukaîpe nde 'anga nde kama pupé?,Opakatu serã sygeapûákuîamo i ku'a sorokaba rupi?
Ama a todos os moradores do lugar,Opakatu tapiîara osaûsu,Asaûsu pabẽ ã abá,Opakatu tapiîara osaûsu
Todas as minhas presas de minhas mãos as levou,Opakatu xe rembiara xe pó suí serasóû,Aîepómopûaratã xe îybá,Opakatu xe rembiara xe pó suí serasóû
Como resgate de todos os que irão para o céu,Opakatu ybakype osoba'erama repyramo,Opabĩ ybakygûara pobupora,Opakatu ybakype osoba'erama repyramo
Todas as línguas dos homens por aí afora fêlos conhecer?,Opakatupe kûeîpe abá nhe'enga kuabukari i xupé?,Opabenhẽ serã abá 'anga rekóû a'epe ereîmombe'u?,Opakatupe kûeîpe abá nhe'enga kuabukari i xupé?
"Tudo, mesmo o que está no coração da gente, Deus vê?",Opakatupe Tupã asé py'apendûara tiruã repîaki?,Opakatupe Tupã asé py'apendûara tiruã repîaki?,Opakatupe Tupã asé py'apendûara tiruã repîaki?
"De cada dez, repartir uma de nossas coisas com Deus",Opakombó îabi'õ Tupã supé oîepé asé mba'e moîa'oka,Opá kó mbó îabi'õ Tupã supé oîepé asé mba'e me'enga,Opakombó îabi'õ Tupã supé oîepé asé mba'e moîa'oka
Todos vieram?,Opápe turi?,Opápe turi?,Opápe turi?
Jazo de lado,Opemo aîub,Aîmoangaîbar,Oykébo aîub
acudir,openhan,i xupé,openhan
sonolento,"opesyi/a (r, s)",asyk,"opesyi/a (r, s)"
Cobrindoo com seu véu,Opîá o akangaobĩ pupé,Aótinga pupé i nhubani,Opîá o akangaobĩ pupé
Tocam na cabeça da gente,Opokok asé akanga resé,Asé akanga mondoka,Opokok asé akanga resé
Censuram? Quem?,Oporakakab? Abá?,Oîaîporakápe?,Oporakakab? Abá?
"Fezlhe perguntas de novo, mas não achando maldade alguma dele","Oporandu benhẽ, n'i angaîpaba amõ supé ogûasema ruãte","Oporandu benhẽ, n'i angaîpaba amõ supé ogûasema ruãte","Oporandu benhẽ, n'i angaîpaba amõ supé ogûasema ruãte"
Perguntou novamente a eles Nosso Senhor?,Oporandu benhẽpe Îandé Îara i xupé?,Oporandu benhẽpe Îandé Îara i xupé?,Oporandu benhẽpe Îandé Îara i xupé?
Perguntou Herodes sobre qualquer coisa para ele?,Oporandupe Herodes mba'e tetiruã resé i xupé?,Oporandupe Herodes i xupé mba'e amõ reséno?,Oporandupe Herodes mba'e tetiruã resé i xupé?
Dançaram a noite toda,Oporaseî pysaré,Xe posé i keri,Oporaseî pysaré
"Dançaram a noite toda, fazendo feitiçarias","Oporaseî pysaré, oîemopaîeangaípa","Xe posé i keri, i moxy monhanga","Oporaseî pysaré, oîemopaîeangaípa"
"Dançaram a noite toda, fazendo feitiçarias, antes de irem para o inferno","Oporaseî pysaré, oîemopaîeangaípa, tatápe o só îanondé","Oporaseî pysaré, oîemopaîeangaípa, tatápe o só îanondé","Oporaseî pysaré, oîemopaîeangaípa, tatápe o só îanondé"
O que batizou não pode casarse com aquela que batizou,Oporoerokyba'epûera nd'e'ikatuî omendá o emierokûera resé,Nd'e'ikatuî oîasukypyra omendá o emierokûera resé,Oporoerokyba'epûera nd'e'ikatuî omendá o emierokûera resé
Irritam completamente as pessoas,Oporoîrarõ mbá,Aîmoerapûãngatu,Oporoîrarõ mbá
O que fica escarnecendo das pessoas,Oporokurákuraba'e,Abá moporoamotare'yma,Oporokurákuraba'e
Ficando a chacotear as pessoas,oporokurákurapa,Aporomoebykatã,oporokurákurapa
Ensina falsamente as pessoas a pronunciar a palavra de Deus,Oporombo'ea'u Tupã nhe'enga ra'anga,Abá motekokuabe'yma Tupã nhe'enga mombegûabo,Oporombo'ea'u Tupã nhe'enga ra'anga
Ensina falsamente as pessoas a provarem a palavra de Deus,Oporombo'ea'u Tupã nhe'enga ra'anga,Abá motekokuabe'yma Tupã nhe'enga ra'anga,Oporombo'ea'u Tupã nhe'enga ra'anga
"Para ensinar as pessoas, assim procedeu",Oporombo'ebo nãîabé sekóû,"Abá mbo'ebo nhẽ, nã e'i",Oporombo'ebo nãîabé sekóû
Está molestando as pessoas,Oporomoaîu oîkóbo,Aporoporupó,Oporomoaîu oîkóbo
"Está molestando as pessoas, ficando a confundir as aldeias",Oporomoaîu oîkóbo taba moapaîugûáîugûabo,"Eporapiti, taba moapaîugûáîugûabo",Oporomoaîu oîkóbo taba moapaîugûáîugûabo
"Está molestando as pessoas, fazendoas cair em erro","oporomoaîu oîkóbo, oporomotekokuabe'yma","Abá momboîa, i moangaîpapa","oporomoaîu oîkóbo, oporomotekokuabe'yma"
"Como que fazendo as pessoas viverem, mas não de verdade","Oporomoingobébo rame'ĩ, na supi ruãte","Abá moingobébo, na supi ruãte","Oporomoingobébo rame'ĩ, na supi ruãte"
Fingindo fazer viver as pessoas,Oporomoingobémo'anga,Abá moingobéuká,Oporomoingobémo'anga
"Ficou saltando, reconhecendo imediatamente Jesus, seu senhorzinho","Oporoporĩ, Îesu o îarĩ kuapa aûnhenhẽ","Îesu, og uba îekuapa, ogûetymãnamongatu","Oporoporĩ, Îesu o îarĩ kuapa aûnhenhẽ"
Ficaram todos gritando com ele,Oposẽposẽ pabenhẽ sesé,Aîoamotare'ym pabẽ sesé,Oposẽposẽ pabenhẽ sesé
Ficaram todos gritando por causa disso,Oposẽposẽ pabenhẽ sesé,Oposẽposẽ pabenhẽ sesé,Oposẽposẽ pabenhẽ sesé
Curase às vezes,Opûerab amõnume,Oîepo'yrõmbab amõnume,Opûerab amõnume
"Curase algumas vezes, segundo os desígnios de Deus para a gente","Opûerab amõnyme, Tupã asé rerekokuapaba rupi é","I poî amõme, Tupã asé rekomonhangaba rupi é","Opûerab amõnyme, Tupã asé rerekokuapaba rupi é"
Sara mesmo minha alma somente com tuas palavras,opûerab é ipó xe 'anga nde nhe'enga pupé nhote,Opûerab é ipó xe 'anga nde nhe'enga pupé nhote,opûerab é ipó xe 'anga nde nhe'enga pupé nhote
Sara mesmo minha alma apenas com tuas palavras,Opûerab é ipó xe 'anga nde nhe'enga pupé nhote,Opûerab é ipó xe 'anga nde nhe'enga pupé nhote,Opûerab é ipó xe 'anga nde nhe'enga pupé nhote
Assento a vila de comprido,Opukubo taba amoín,Aîeatykuku,Opukubo taba amoín
A aldeia está assentada de comprido,Opukubo taba reni,I mombuku taba,Opukubo taba reni
parede de casa,ópyá,anga,ópyá
Cessou a chuva,Opyk amana,Opá amana,Opyk amana
"Estavase calando, não respondendo as palavras deles","Opyk o'ama, i nhe'engobaîxûare'yma","Opyk o'ama, i nhe'engobaîxûare'yma","Opyk o'ama, i nhe'engobaîxûare'yma"
"Calavase, estando de pé, não respondendo as palavras deles","Opyk o'ama, i nhe'engobaxûare'yma","Kalavá opu'ama, i nhe'engobaîxûare'yma","Opyk o'ama, i nhe'engobaxûare'yma"
"Nós assomamos em grande número, nós éramos muitos",Oré akoroí,"Îandé îaîmoeté, îandé moîese'a",Oré akoroí
Nós somos muitos,Oré anangatu,Îandé re'yîa,Oré anangatu
Lavando a maldade de nossa alma,Oré 'anga poxy reîa,Asé 'anga asé reîaû,Oré 'anga poxy reîa
"Que nossa alma ele visite, dispersando os vícios dela","Oré 'anga t'oîosu, sekopoxy mosasãîa","Îandé 'anga t'osepîak, o ekobé moîasekóbo","Oré 'anga t'oîosu, sekopoxy mosasãîa"
Nós estamos juntos,Oré apûanã,Îandé apûanã,Oré apûanã
Nós estamos amontoados,Oré atyr,Îandé ri oîese'a,Oré atyr
nossas coisas mútuas,oré îomba'e,îandé îomba'e,oré îomba'e
Nós somos gêmeos,Oré kõî,Mokõî îandé,Oré kõî
Nós somos portadores de riquezas para ele,Oré ma'e îara ahẽ pé,I nhandaramo îaîkó,Oré ma'e îara ahẽ pé
Não nos deixes tu fazer cair em tentação,Oré mo'arukar umẽ îepé tentação pupé,Oré mo'arukar umẽ îepé,Oré mo'arukar umẽ îepé tentação pupé
Fazenos tu viver,Oré moingobé îepé,Îandé moingobé îepé,Oré moingobé îepé
Nós vos matamos,Oré opoîuká,Îamombá,Oré opoîuká
Oprimenos o coração,Oré py'apyk,Asé 'anga apypyki,Oré py'apyk
Livranos tu,Oré pysyrõ îepé,Nde îepe'a orébo,Oré pysyrõ îepé
Livranos tu dos que nos querem mal,Oré pysyrõ îepé oré amotare'ymbara suí,Îandé raûsubypyra suí îandé pysyrõ îepé,Oré pysyrõ îepé oré amotare'ymbara suí
Mas livranos tu das coisas más,Oré pysyrõte îepé mba'eaíba suí,Oré pysyrõ îepé mba'eaíba suí,Oré pysyrõte îepé mba'eaíba suí
Mas livranos tu das coisas más,Oré pysyrõte îepé mba'eaíba suí,Oré pysyrõ îepé mba'eaíba suí,Oré pysyrõte îepé mba'eaíba suí
Mas livranos do mal!,Oré pysyrõte mba'eaíba suí,Oré pysyrõ îepé mba'eaíba suí,Oré pysyrõte mba'eaíba suí
Compadecete de nós,Oré raûsubá îepé,Arasó tieté,Oré raûsubá îepé
Tem tu compaixão de nós durante nossa vida,Oré raûsubá îepé oré rekobé pukuî,Îandé raûsubá rerekóbo îandé rekobé pukuî,Oré raûsubá îepé oré rekobé pukuî
Arrancando nossos vícios,Oré rekopoxy 'oka,Asé rekopûera mondoki,Oré rekopoxy 'oka
"Nossa comida, a que é de cada dia, dá hoje para nós",Oré remi'u 'ara îabi'õndûara eîme'eng kori orébe,Eîme'eng kori oré remi'u,Oré remi'u 'ara îabi'õndûara eîme'eng kori orébe
Nossa comida de cada dia dá hoje para nós,Oré remi'u 'ara îabi'õndûara eîme'eng kori orébe,Oroîur oré remi'u kori ndebe,Oré remi'u 'ara îabi'õndûara eîme'eng kori orébe
Como o nosso perdão aos que nos tratam mal,Oré rerekomemûãsara supé oré nhyrõ îabé,Îandé rerekomemûãsara supé oré nhyrõ îabé,Oré rerekomemûãsara supé oré nhyrõ îabé
Nós somos muitos,Oré retá,Îandé re'yîa,Oré anangatu
Nós somos poucos (em relação ao número de pessoas que seriam necessárias),Oré retapokang,Oré retapokang,Oré retapokang
Nós somos numerosos,Oré re'yî,Îandé re'yîa,Oré re'yî
Nós estamos enfileirados,Oré rysy,Îandé moatyr,Oré rysy
Nosso inimigo vencendo para sempre,Oré sumarã reîtyka memẽ,Îandé raûsubagûera oîmoasykatu aûîeramanhẽ,Oré sumarã reîtyka memẽ
Nós temos muitas igrejas,Oré tupãoketá,Îandé tupãoketá,Oré tupãoketá
Nós estamos bem arrasados,Oré tygûékatu,Oronheangerur,Oré tygûékatu
Que ela nos destrua para que vivamos contigo,"Orébe t'oré mondyki, nde irũmo t'oroîkobé",Îandé kanhemi nhẽ nde irũmo t'oroîkobé,"Orébe t'oré mondyki, nde irũmo t'oroîkobé"
Que ela nos destrua para que vivamos contigo,"Orébe t'oré mondyki, nde irũmo t'oroîkobé",Îandé kanhemi nhẽ nde irũmo t'oroîkobé,"Orébe t'oré mondyki, nde irũmo t'oroîkobé"
"Sapecarteei, assarteei","Oroapek, oroesyne","Aîmonhang, nde mombegûabo","Oroapek, oroesyne"
"Queimote hoje, como de costume!","Oroapy kori, îandu!","Oroapy kori, îandu!","Oroapy kori, îandu!"
"Queimote hoje, como de costume!","Oroapy kori, îandu!","Oroapy kori, îandu!","Oroapy kori, îandu!"
"Queremos amarte muito, entregandonos a ti","Oroaûsupotákatu, oroîeme'enga endébo","Oroîmoeté nde, oré îeme'enga","Oroaûsupotákatu, oroîeme'enga endébo"
"Queremos muito amarte, entregandonos a ti","Oroaûsupotákatu, oroîeme'enga endébo","Nde raûsubeté, nde momoranga","Oroaûsupotákatu, oroîeme'enga endébo"
A ti nos apegamos,Oroby'a nde resé,Ndebe oronheangerur,Oroby'a nde resé
Levamolos uns atrás dos outros,Oroerokûaka'ar,Peteumẽ peru,Oroerokûaka'ar
Tenhote como meu filho,Orogûerekó xe ra'yramo,Kunumĩnamo aîkó,Orogûerekó xe ra'yramo
Separamonos uns dos outros,Oroîa'ok oré îosuí,Îandé îosuí îaîepe'a,Oroîa'ok oré îosuí
Apoiamonos em ti,Oroîekok nde resé,Oroîerobîá nde ri,Oroîekok nde resé
Estamos entrecruzados,Oroîekunasab,Îaîese'ar,Oroîekunasab
"Vamos (ou passamos) sucessivamente, uns atrás dos outros",Oroîeoî,Îasó îasûá oîepegûasune,Oroîeoî
Abrimos caminho,Oroîepeká,Asetobapyetab,Oroîepeká
Confiamos em ti,Oroîerobîá nde ri,Nde resé orogûerobîá,Oroîerobîá nde ri
Nós nos misturamos,Oroîese'ar,Îandé ri oîese'a,Oroîese'ar
Pusemonos em fila,Oroîeysyrung,Oroîekok,Oroîeysyrung
"Amaldiçoamos o diabo, a ti somente obedecendo muito","Oroîmomburu anhanga, nde nhõ nde rapîaretébo","Nde îoesé oroîkó, nde nhõ nde resé oroîkó","Oroîmomburu anhanga, nde nhõ nde rapîaretébo"
Somos desiguais um do outro,Oroîoaby,Nd'oroîoabyî,Oroîoaby
Ficamos golpeando um ao outro,Oroîoapi  Golpeamos um ao outro Oroîoapiapi,Oroîoapi Golpeamos um ao outro Oroîoapiapi,Oroîoapi Golpeamos um ao outro Oroîoapiapi
Enfrentamonos,Oroîobaîar,Îandé robáîar,Oroîobaîar
Achegamonos um ao outro,Oroîoerobyk,Oroîopopysyk,Oroîoerobyk
"Fizemonos passar uns aos outros, passamos uns com os outros",Oroîoerokûab,"Oroîopytybõ, oroîopytybõ",Oroîoerokûab
Nós nos combatemos uns aos outros,Oroîogûerekó,Oroîogûerekó,Oroîogûerekó
Matamonos um ao outro,Oroîoîuká,Îamanõmo,Oroîoîuká
Recebemonos uns aos outros,Oroîopopysyk,Îandé îoesé t'îaîopopysyk,Oroîopopysyk
Revezamonos uns com os outros,Oroîoporu,Îandé îopore'ym,Oroîoporu
Desencontramonos,Oroîopynekûab,Îaîesub,Oroîopynekûab
Enfileiramonos,Oroîoysyrung,Îandé koty onhemoîar,Oroîoysyrung
"Viemos para te festejar, lançando fora nossa maldade","Oroîu nde momoranga, ore aíba reropó","Îasó nde moetébo, ore aíba reropó","Oroîu nde momoranga, ore aíba reropó"
Viemos muitos,Oroîurusu,Aîurupirar,Oroîurusu
Passamos uns atrás dos outros,Orokûaka'ar,Îoakypûékypûer,Orokûakeó
Passamos uns atrás dos outros,Orokûakeó,Îoakypûékypûer,Orokûakeó
Eis que aqui nós estamos,Orokub ikó,Kó é oroîkó,Orokub ikó
Morrendo nós,Oromanõmo,Îamanõmo,Oromanõmo
Louvote muito por tu me teres salvado,Oromoetékatu nde xe pysyrõagûera resé,Aîmoeté xe re'õ rerekóbo,Oromoetékatu nde xe pysyrõagûera resé
Louvote muito por me teres salvado,Oromoetékatu nde xe pysyrõagûera resé,Aûîebeté xe pysyrõagûera,Oromoetékatu nde xe pysyrõagûera resé
Constituímoste chefe,Oromoingó tubixabamo,Îandé moingó tubixabamo,Oromoingó tubixabamo
Agitamonos,Orondururuk,Îandé mongetá îabé,Orondururuk
Golpeamos um ao outro,Oronheatõî,Îandé îoamotare'ymamo,Oronheatõî
Repartimonos,Oronhemoîa'ok,Îaîese'ar,Oronhemoîa'ok
Ajuntamonos,Oronhemondysyk,Îandé irũmo nhẽ,Oronhemondysyk
"Estamonos espalhando (isto é, andando espalhados)",Oronhemosasãî oroîkóbo,Îaman okara,Oronhemosasãî oroîkóbo
Nós nos igualamos um ao outro,Oronhomoîoîá,Oroîoaby,Oronhomoîoîá
"Morrendo, chegamos ao fim",Oropab oromanõmo,Îamanõmo,Oropab oromanõmo
Já te ungi com o óleo bento,Oropixyb umã îandykaraíba pupé,Aîme'eng mba'ekagûera endébo,Oropixyb umã îandykaraíba pupé
"Ficamos bradando, como desterrados",Orosapukápukaî i pe'apyramo,"Îandé t'îasó, îandé momburu meémo",Orosapukápukaî i pe'apyramo
Vou com Pedro,Orosó Pedro ndi,Asó Pero irũnamo,Orosó Pedro ndi
Vou com Pedro,Orosó Pedro pabẽ,Asó Pero irũnamo,Orosó Pedro ndi
Chegamos sucessivamente,Orosysyk,Îasó oîepegûasu,Orosysyk
Fizemos procissão,Orotupãerogûatá,Îandé moîo'ar,Orotupãerogûatá
feliz,"oryb (r, s) [ v oryba (t)]",toryba,"oryb (r, s) [ v oryba (t)]"
Tremeram após te matarem,Oryryî nde îuká ré,Nde moapysyk îeapyká t'îaîuká,Oryryî nde îuká ré
paciente,"osang/a (r, s)",angaingaíba,"osang/a (r, s)"
paciência,osanga (t),kunusãia,osanga (t)
Obedece bem a mulher a seu marido ao encarregála de boas coisas?,Osapîákatupe kunhã o mena tekókatu resé o pûaîme?,Kunhã kuaûkápe o mena i moetébo?,Osapîákatupe kunhã o mena tekókatu resé o pûaîme?
Obedeceremos a suas palavras quando ele determinar a respeito do futuro procedimento de nossa alma?,"Osapîápe asé i nhe'enga, o 'anga rekorama resé o moingóremene?",Asé nhe'enga rendupápe o nhe'enga îandébe o moingóremene?,"Osapîápe asé i nhe'enga, o 'anga rekorama resé o moingóremene?"
"Obedeceu, enfim, Pilatos à sua palavra, então?",Osapîápe Pilatos i nhe'enga a'ereme ko'yté?,Osapîápe Pilatos i nhe'enga?,Osapîápe Pilatos i nhe'enga a'ereme ko'yté?
Há de prantear a gente o desaparecimento de seu pai e de sua mãe,Osapirõn'asé og uba o sy kanhemagûera,Îase'o îandé sy abé ogûe'õnama reséne,Osapirõn'asé og uba o sy kanhemagûera
A chuva caiu lentamente,Osaybi amana,Osaybi amana,Osaybi amana
"Deus deu, então, determinações para nosso pai primeiro?",Osekomonhangype a'ereme Tupã îandé rubypy?,Oîme'engype Tupã îandé rubypy amõ îandé rubypy?,Osekomonhangype a'ereme Tupã îandé rubypy?
Invocam as mulheres o pajé Caruara,Osekyî kunhã maîé Karûara,Kunhã momondõ paîé Karûara,Osekyî kunhã maîé Karûara
Invocam as mulheres o pajé Caruara,Osekyî kunhã maîé Karûara,Kunhã momondõ paîé Karûara,Osekyî kunhã maîé Karûara
Ficam invocando a morte,Osekyîsekyî te'õ,Îemombe'u te'õ îepi,Osekyîsekyî te'õ
Saiu vivendo após o enterrarem,Osem oîkobébo o tymy roîré,I pupé o tymy roîré sekobeîebyri,Osem oîkobébo o tymy roîré
Saiu vivendo após o enterrarem,"Osem oîkobébo, o tymy roîré",I pupé o tymy roîré sekobeîebyri,Osem oîkobébo o tymy roîré
Saiu para o pátio,Osem okarype,Asem îepé,Osem okarype
Saiu para o pátio chorando muito dolorosamente,Osem okarype oîase'oasykatûabo,Osem okaraíba oîase'oasykatûabo,Osem okarype oîase'oasykatûabo
Saiu para o pátio chorando muito dolorosamente,Osem okarype oîase'oasykatûabo,Osem okaraíba oîase'oasykatûabo,Osem okarype oîase'oasykatûabo
"Saiu para o pátio, chorando muito dolorosamente","Osem okarype, oîase'oasykatûabo","Osem okara pukuî, oîase'oasykatûabo","Osem okarype, oîase'oasykatûabo"
Sairão ainda futuramente dali?,Osemy bépe irã a'e suíne?,Osemy bépe irã a'e suíne?,Osemy bépe irã a'e suíne?
Sairá também futuramente de lá?,Osemy bépe irã eboûinga suíne?,Oîepe'ape irã eboûinga suíne?,Osemy bépe irã eboûinga suíne?
Viram seus discípulos a vinda dele?,Osepîakype i boîá tura?,Osepîakype i boîá tura?,Osepîakype i boîá tura?
"Viram os anjos a Deus, seu criador, quando ele começou a criálos?",Osepîápe karaibebé Tupã o monhangara o monhangypyreme?,Osepîápe Tupã o monhangara o monhangypyreme?,Osepîápe karaibebé Tupã o monhangara o monhangypyreme?
Asperge também a gente as sepulturas com água benta?,Osepyî bépe asé tyby 'ykaraíba pupé?,Îandé bépe tybyra t'îaîuby yby'a pupé?,Osepyî bépe asé tyby 'ykaraíba pupé?
"o que paga, o que resgata",osepyme'engyba'e,i moepyme'engyba'e,osepyme'engyba'e
Pagou outrora por seu proceder assim?,Osepyme'engype erimba'e emonã o ekoagûera?,Oîmoepype emonã sekó?,Osepyme'engype erimba'e emonã o ekoagûera?
"Beijou suas faces, nele tocando também?","Osetobapépytépe erimba'e, sesé obyka bé?","Oîme'engy bépe i xupé, sesé opûápûaramo bé?","Osetobapépytépe erimba'e, sesé obyka bé?"
Deramlhe de beber?,Ose'ymype gûá?,Ereîy'upe i xuí?,Oîmo'y'upe gûá?
Foram de novo alguns soldados para quebrar as pernas daqueles dois ladrões,Osó bé amõ maranaritekoara a'e mokõî mondá retymã mopena,Îori i mondaba mondá mokõî mondá ybŷá pupé i mondóbo,Osó bé amõ maranaritekoara a'e mokõî mondá retymã mopena
"Foram de novo alguns soldados para quebrar as pernas daqueles dois ladrões, fazendoos descer consigo",Osó bé amõ maranaritekoara a'e mokõî mondá retymã mopena seroîypa,Morubixaba onhemoîoîa'ok i mokõî mondá mopaîeangaîpa,Osó bé amõ maranaritekoara a'e mokõî mondá retymã mopena seroîypa
Foram de novo alguns soldados para quebrar as pernas daqueles dois ladrões,Osó bé amõ maranaritekoara a'e mokõî mondabora retymã mopena,Îori i mondaba mondá mokõî mondá ybŷá pupé i mondóbo,Osó bé amõ maranaritekoara a'e mokõî mondá retymã mopena
Se não fosse ele ter ido,Osó é ahẽ îabynomã,Memeté osóbo,Osó é ahẽ îabynomã
Deve ter ido,Osó ipó re'a,Osó ipó re'a,Osó ipó re'a
Deve ter ido,Osó ipó re'ĩ,Osó ipó re'a,Osó ipó re'a
Talvez ele fosse se eu dissesse,Osó ipóne re'a gûi'îabo mona'ẽ,Aûîebétemo xe rekóû re'a,Osó ipóne re'a gûi'îabo mona'ẽ
Vai neste dia,Osó kó 'ara pupé,Kó 'ara risibé,Osó kó 'ara pupé
"Iam mulheres, suas discípulas, pranteandoo",Osó kunhã semimbo'eetá sapirõmo,"I boîá setá kunhã amõ oîmomosembaba, oîase'o monhanga i akyramo",Osó kunhã semimbo'eetá sapirõmo
"Iam mulheres, discípulas dele, pranteandoo",Osó kunhã semimbo'eetá sapirõmo,"I suí bé irã Jesus boîá amõ kunhã oîase'o, oîase'o monhanga",Osó kunhã semimbo'eetá sapirõmo
Teriam ido para longe?,Osó meémo mamõ?,Kûepe ûĩ?,Osó meémo mamõ?
Eis que ele sempre vai,Osó memẽ n'akó îepi,Memẽ nhẽ i xóû îepi,Osó memẽ n'akó îepi
"Iria a gente para o céu ao batizarse, sem mais?",Osó nhẽmope asé ybakype o nhemongaraibireme?,Xe rembiara rembyrûera arurĩ reîa supé,Osó nhẽmope asé ybakype o nhemongaraibireme?
"Vai, por acaso?",Osó nipó?,Osó bépe?,Osó nipó?
Dizem que foi,Osó ra'e,Aîpó i 'éû,Osó ra'e
Dizem que irá,Osó ra'ene,Osómo ra'emo,Osó ra'ene
É certo que foi?,Osó ruãpe é?,Anhẽpe ûĩé?,Osó ruãpe é?
"Mas foi, porventura?",Osó ruãtepe é?,Osó ruãtepe é?,Osó ruãtepe é?
"Foi, porventura?",Osó ruãtepe é?,E'i nhẽpe oîkóbone?,Osó ruãtepe é?
Foram S Pedro e São João,"Osó S Pedro, São João abé","A'e São Pedro, São João","Osó S Pedro, São João abé"
Foi à frente de mim,Osó xe renondé,Aîmoatã xe rapupa'ũ,Osó xe renondé
Foi meu pai também,Osó xe ruba béno,Xe ruba abé,Osó xe ruba béno
Já ia,Osó ymûã,Aîopyîopyk,Osó ymûã
o que vai,osoba'e,mba'e,osoba'e
Benze a gente sua comida?,Osobasápe asé o emi'urama?,Oroîerurépi ndebe oré karaíba?,Osobasápe asé o emi'urama?
Limpou seu rosto com um pano branco,Osobásyb aótinga pupé,Aótinga pupé o robá pupé,Osobásyb aótinga pupé
Limpou seu rosto com um pano branco,Osobásyb aótinga pupé,Aótinga pupé o robá pupé,Osobásyb aótinga pupé
tão logo indo ele,osóbo bé,kai,osóbo bé
Fecharam aquele túmulo com uma pedra grande,Osokendab a'e karamemûã itagûasu pupé,"Aûîé, itagûasu mo'ẽuká i tyma pupé",Osokendab a'e karamemûã itagûasu pupé
Dizse que iria,Osómo ra'emo,kutuk,Osómo ra'emo
Quebrase muitas vezes,Osóosok,Aîkuakuî,Osóosok
Mas será que foi mesmo?,Osótepe ra'e é?,Osótepe ra'e é?,Osótepe ra'e é?
Então foi?,Osótepe ra'e é?,Marãtepe a'e?,Osótepe ra'e é?
Chegou a nós sua luz para sempre,Osyk oré ri sendy îepi nhẽ,Osyk oré poxy îepi nhẽ,Osyk oré ri sendy îepi nhẽ
Chegou a nós sua luz para sempre,Osyk oré ri sendy îepinhẽ,Osyk oré poxy îepi nhẽ,Osyk oré ri sendy îepi nhẽ
Invocam ainda o pajé Caruara,Osykyî mbyté paîé Karûara,Osykyî mbyté paîé Karûara,Osykyî mbyté paîé Karûara
"Tem medo de ti o diabo, odiandote","Osykyîé nde suí Anhanga, nde moabaetébo","Nde suí Anhanga oîemoryryryryîa, nde moabaetébo","Osykyîé nde suí Anhanga, nde moabaetébo"
"Envergonhase o sol, nascendo, diante de teu brilho",Otĩ kûarasy osema nde beraba robaké,Nde kûarasy osema nde beraba robaké,Otĩ kûarasy osema nde beraba robaké
"Envergonhase o sol de nascer, diante de teu brilho","Otĩ kûarasy osema, nde beraba robaké",T'osẽ kûarasy nde beraba robaké,"Otĩ kûarasy osema, nde beraba robaké"
"Envergonharseia, talvez, o que é mau",Otĩ nhẽmo serã i angaîpaba'e,Erenhemoa'ypotar peîkóbo,Otĩ nhẽmo serã i angaîpaba'e
o que se envergonha,otĩba'e,Aîapysyk,otĩba'e
Tão logo vindo ele,Oú abé,I 'areme,Oú abé
Veio também sua panela para que os cozinhe adiante de mim,Oú bé senha'ẽpepó t'omoîy xe renondé,Eîori bé itá xe robaké oîmonhang,Oú bé senha'ẽpepó t'omoîy xe renondé
Veio também sua panela para que os cozinhe adiante de mim,"Oú bé senha'ẽpepó, t'omoîy xe renondé",Eîori bé itá xe robaké oîmonhang,Oú bé senha'ẽpepó t'omoîy xe renondé
"Comeu aquele fruto, causa da morte, que Deus dissera?","O'u nhẽpe a'e 'ybá, tegûama, Tupã 'îaba?","Ere'upe 'ybá, Tupã nde 'îaba, se'õagûera resé é?","O'u nhẽpe a'e 'ybá, tegûama, Tupã 'îaba?"
"Comeu aquele fruto, causa de morte?","O'u nhẽpe a'e 'ybá, tegûama?","O'u nhẽpe 'ybá, se'õagûera resé?","O'u nhẽpe a'e 'ybá, tegûama?"
Veio novamente por tua causa,Oú ramõ nde resé,Nde resé i îeakypûereroîebyri,Oú ramõ nde resé
"Veio há pouco por tua causa, adiantandose aos temiminós","Oú ramõ nde resé, temiminõ rokesyma","Îé, kó nde resé turi, Tupã sykyîeba'e ranhẽ i pyrûabo","Oú ramõ nde resé, temiminõ rokesyma"
Vêm em vão para me afastar,Oú tenhẽ xe pe'abo,Xe reîyîa îasûá,Oú tenhẽ xe pe'abo
"Vêm em vão para me afastar os ditos ""padres""","Oú tenhẽ xe pe'abo ""abaré"" 'îaba","Xe renõî ""papa""","Oú tenhẽ xe pe'abo ""abaré"" 'îaba"
Veio um grande chefe,Oú tubixákatu,Îori morubixaba amõ our!,Oú tubixákatu
Veio um grande chefe de longe para te procurar,Oú tubixákatu mamõ suí nde reká,Îasytatá kûepe suí nde reká,Oú tubixákatu mamõ suí nde reká
Ainda que estivessem presentes as coisas de alguém na prisão,Oubé rakó abá mba'e mundépe oína biã,Abá mba'e amõ resé nhẽ sekóû,Oubé rakó abá mba'e mundépe oína biã
Está por aí teu pai?,Oubépe nde ruba?,I xype nde ruba?,Oubépe nde ruba?
Ele comeu demais aquela coisa,O'uetéeté ahẽ mba'e,I 'uetéeté,O'uetéeté ahẽ mba'e
Voltou a vir ao lugar em que tinha deixado seus discípulos?,Ouîebype erimba'e o boîá reîasagûerype?,Oúîebype erimba'e o boîá reîasagûerype?,Ouîebype erimba'e o boîá reîasagûerype?
Voltou a vir aonde tinha deixado seus discípulos?,Oúîebype erimba'e o boîá reîasagûerype?,Oúîebype erimba'e o boîá reîasagûerype?,Oúîebype erimba'e o boîá reîasagûerype?
Pensa em vir para vos espantar,Oúmo'ang pe mondyîa,Eîori onheangerekóbo,Oúmo'ang pe mondyîa
Pensa em vir para vos espantar,Oúmo'ang pe mondyîa,Eîori onheangerekóbo,Oúmo'ang pe mondyîa
Oxalá ele viesse!,Our be'ĩmo mã!,T'oú ipó!,Our be'ĩmo mã!
"Veio de novo, achandoos novamente no sono",Our benhẽ i kera pé nhẽ obasemano,Oú benhẽ i kera pé ogûasema nhẽ,Our benhẽ i kera pé nhẽ obasemano
Veio de novo ao lugar em que estavam deitados seus discípulos?,Our benhẽpe o boîá rupápe?,Oúîebype erimba'e o a'e rupápe?,Our benhẽpe o boîá rupápe?
Vieram para consolálo,Our i moapysyka,Îori i moîarukapa,Our i moapysyka
"Vieram para consolálo, confortandoo","Our i moapysyka, i motagaypa","Îori i moîarupa, i moîaruká","Our i moapysyka, i motagaypa"
Já agora deve ter vindo,Our ipó ko'yté,Aûîebeté turi,Our ipó ko'yté
Veio para visitar esta minha terra outrora,Our kó xe yby supa rimba'e,Eîori xe retãmbûera repîaka,Our kó xe yby supa rimba'e
Veio a aurora,Our ko'emytanga,Îeîbé turi,Our ko'emytanga
"Cresceram muito as águas (isto é, subiu a maré)",Our paranã  Subiu a água do mar Ourusu 'y,Y arurĩ,Our paranã Subiu a água do mar Ourusu 'y
"Ah, quem me dera uma mulher viesse para o meu lado!",Our temõ kunhã xe posé mã!,Asó temõ xe remirekó xe posé mã!,Our temõ kunhã xe posé mã!
Já veio,Our ugûan,Aîyk,Our ugûan
Graças a Deus meu pai veio!,Oureté'ĩ xe ruba mã!,Iîá tuba rurua'uby gûetupa!,Oureté'ĩ xe ruba mã!
"Virá de novo Jesus Cristo do céu, futuramente?",Oury bépe irã Îesu Cristo ybaka suíne?,Oury bépe irã Îesu Cristo ybaka suíne?,Oury bépe irã Îesu Cristo ybaka suíne?
Virá novamente Jesus Cristo do céu?,Oury bépe irã Jesus Cristo ybaka suíne?,Oury bépe irã Jesus Cristo ybaka suíne?,Oury bépe irã Jesus Cristo ybaka suíne?
Jazo de lado,Oykébo aîub,Aîmoangaîbar,Oykébo aîub
terminar,pab,koty,pab
totalmente,pab,gfietépe,pab
esgotado,pab (v paba); kane'õ,i mokunhãmbyra,pab (v paba); kane'õ
mortandade,paba (mb),te'õ,paba (mb)
Todos e quaisquer homens que morreram com o amor a Cristo,Pabẽ abá tetiruã Cristo raûsuba bé ogûeromanõba'epûera,Pabẽ abá tetiruã Cristo raûsuba bé ogûeromanõmo,Pabẽ abá tetiruã Cristo raûsuba bé ogûeromanõba'epûera
Todos havemos de convidar,Pabẽ t'îaîxo'o,Pabẽ t'îaîxo'o,Pabẽ t'îaîxo'o
Senhor Jesus,Pa'i Îesu,Pa'i Îesu,Pa'i Îesu
Preparandose para a futura ressurreição do senhor Jesus,Pa'i Îesus rekobeîebyragûama resé onhemosako'îabo,Îandé Îara Îesu rekobé îabi'õ onhemosako'i,Pa'i Îesus rekobeîebyragûama resé onhemosako'îabo
o Senhor Deus,Pa'i Tupã,Tupã,Pa'i Tupã
feiticeiro,paié (m),itatyba (v itá),paié (m)
pajé,paié (m),aka,paié (m)
O que manda um falso pajé sugar outra pessoa,Paîéa'uba supé amõ abá oîxubanukaryba'e,Abá mondarõgûyrá amõ abá resé,Paîéa'uba supé amõ abá oîxubanukaryba'e
O que manda a um falso pajé ficar defumando a si,Paîea'uba supé onhemotimbótimborukaryba'e,Moropotara nde mo'ema,Paîea'uba supé onhemotimbótimborukaryba'e
a multidão de companheiros do provincial,Pa'igûasu irũndyba,abaregûasu irũ,Pa'igûasu irũndyba
paca,paka,tygé,paka
caçador de pacas,paka rupîara,aembékorõîa,paka rupîara
morador de Pacatá,Pakataygûara,Pakataygûara,Pakataygûara
banana,pakoba,aka,pakoba
"corda de panacu, a que vai pela cabeça daquele que o leva",panakũsama,"Tataendyetá, i akanga resebé ogueraha",panakũsama
borboleta,panama,amandaba,panama
A borboleta tornouse pássaro,Panama onhemogûyrá,Nde rembiara rembyrûera nde resemõ nde remimotara,Panama onhemogûyrá
azarento,panem,aîub,panem
imprestável,panem/a,aan; aani; na ,panem/a
azar,panema,apara; banga; apena tosar,panema
inútil,panemja,nhemonhangi,panemja
número,papasaba,papasaba,papasaba
pulso,papy,tygé,papy
manchado,parab/a; pinimja,iekuab/a,parab/a; pinimja
"Enchendo o mar, levantandoo bem acima do cume das montanhas","Paranã momungábo, ybytyra apyra sosé katu i mopu'ama","Paranã mopungábo, ybytyra apyra sosé i mopu'ama","Paranã momungábo, ybytyra apyra sosé katu i mopu'ama"
o que está no mar,paranã pora,paranã pora,paranã pora
bem em frente do mar,paranã robaîkatu,paranã robaîkatu,paranã robaîkatu
Segui pelo mar (em navio) 'Y rupi agûatá  Andei pelo rio (de barco),Paranã rupi agûatá,Paranã rupi agûatá,Paranã rupi agûatá
reflexo ou resplendor do mar,paranãendy,Asa'ubar,paranãendy
oceano,paranãgilasu,kilá,paranãgilasu
"Vim, atravessando o oceano",Paranãgûasu rasapa aîu,"Asó, paranã rupi",Paranãgûasu rasapa aîu
"Atravessando o oceano, fui para fazer pecar os tupis","Paranãgûasu rasapa, asó tupi moangaîpapa","Paranã rasapa, asó tupi moîegûaka","Paranãgûasu rasapa, asó tupi moangaîpapa"
"coisas que se criam no mar, a fauna marítima",paranãmbora,"paranãmbora, so'o, ka'a pora",paranãmbora
Vivo de mariscos,Paranãmbora ri aîkó,eíra,Paranãmbora ri aîkó
Trabalho com mariscos,Paranãmbora ri aîkó,Paranã ybyri aîmoîoîá,Paranãmbora ri aîkó
enseada ou baía de mar,paranãngûá,paranã ybyri,paranãngûá
manchas diversas,paráparaba,marangatu,paráparaba
mensageiro,paresara; mimondó; temimondó mentir,kuaukasara (m),paresara; mimondó; temimondó mentir
Estou como mensageiro,Paresaramo aîkó,Moranukar ixé,Paresaramo aîkó
barragem (para pesca),pari,ygasaba,pari
canal (para apanhar peixes),pari,pari,pari
COXO,pari,koty,pari
manco,pari,mba'ee'ym/a,pari
Comunhão a cada Páscoa,Páscoa îabi'õ tupãrara,Páscoa pupé tupãrara,Páscoa îabi'õ tupãrara
Passo jenipapo nele,passo jenipapo Aîîanypámongy,"Aîgûaî i xupé, sesé gûitupa",passo jenipapo Aîîanypámongy
pica,pau,tygé,pau
intervalo,pa'ü; nhopa'ü,kíiarasy,pa'ü; nhopa'ü
entre (prep),pa'üme,amyioka; amundaba,pa'üme
encruzilhada (do caminho),pe,Aîo'o,pe
"vosso (s, a, as)",pe,nde suí,pe
crosta,pé,ybyku'i,pé
trançar,pe (,kutuk,pe (
"Por amar muito vossas almas, como seus discípulos vos tomaram","Pe 'anga raûsukatûápe, o boîáramo pe rari","Pe rekobé raûsukatûabo, o boîá raûsukatûabo îabé","Pe 'anga raûsukatûápe, o boîáramo pe rari"
enxotaos de vossas almas,pe 'anga suí i mondóû,pe 'anga roryb,pe 'anga suí i mondóû
O que entrou em vossas almas,Pe 'angyme oîkeba'epûera,Pe 'angyme oîkeba'epûera,Pe 'angyme oîkeba'epûera
"Será que estais sossegados, sem mais, nos vossos montes de maldades?",Pe apysykĩ serã peîkóbo pe rekomemûã atyatyra pupé?,Ereîmborype angaipaba sekoagûera?,Pe apysykĩ serã peîkóbo pe rekomemûã atyatyra pupé?
"Será que estais sossegados, sem mais, com vossos montes de maldades?",Pe apysykĩ serã peîkóbo pe rekomemûã atyatyra pupé?,Pe apysykape pe angaîpaba rapirõmo?,Pe apysykĩ serã peîkóbo pe rekomemûã atyatyra pupé?
"Será que estais sossegados, como os que não vêem a morte?",Pe apysykĩ serã peîkóbo te'õ repîakare'yma rame'ĩ?,Pe apysykĩ serã peîkóbo te'õ repîakare'yma?,Pe apysykĩ serã peîkóbo te'õ repîakare'yma rame'ĩ?
Não querem que vos toquem,Pe atõîa n'oîpotari,Pe potare'ymi pe remipoîmembeka,Pe atõîa n'oîpotari
De cada um de vós o Senhor Deus encarregou um anjo,Pe îabi'õ Pa'i Tupã karaibebé moingóû,I karaibebé Tupã karaibebé reronhe'eng,Pe îabi'õ Pa'i Tupã karaibebé moingóû
Tornando afável vosso senhor para vós mesmos,Pe îoesé pe îara moaky,"Peîmoeté pe îara, pe 'anga moaysóbo",Pe îoesé pe îara moaky
"Querendo que ele entre para junto de vós mesmos, lançai fora vossas maldades","Pe îoupé seîké potá, peîtyk pe angaîpaba","Pe îoupé seîké potá, pe roŷpyra rapirõmo","Pe îoupé seîké potá, peîtyk pe angaîpaba"
Meu senhor vos mata,Pe îuká xe îara,Pe îuká xe îara,Pe îuká xe îara
Vós mentis,Pe îuraragûaî,Pe aŷpy,Pe îuraragûaî
"Eia vós, avante!",Pe katunhẽ,Pekûá!,Pe katunhẽ
"No meio do caminho, meninos assaltaramme","Pé ku'ape, kunumĩ pu'ama'ubi xe ri","Amõ pé ku'ape, kunumĩ pu'ama'ubi xe ri","Pé ku'ape, kunumĩ pu'ama'ubi xe ri"
"No meio do caminho, meninos fizeram assalto a mim","Pé ku'ape, kunumĩ pu'ama'ubi xe ri","Mamõ pé ku'ape, kunumĩ pu'ama'ubi xe ri","Pé ku'ape, kunumĩ pu'ama'ubi xe ri"
"No meio do caminho, meninos assaltaramme mesquinhamente","Pé ku'ape, kunumĩ pu'ama'ubi xe ri","Memeté, kunumĩ pu'ama'ubi xe ri","Pé ku'ape, kunumĩ pu'ama'ubi xe ri"
baliza do caminho,pé kugûapaba,"(a)pé (r, s)",pé kugûapaba
Vós lembrais,Pe ma'enduar,Pe îuraragûaî,Pe ma'enduar
Estareis aflitos hoje,Pe poreaûsu korine,Ereîeaseî korine,Peporeaûsu korine
"Não vitupereis as pessoas, ó meus filhos, para que tenhais seus bens","Pe poroanga'o umẽ, xe ra'yry gûé, ta perekó i mba'e","Xe ra'yry gûé, peteumẽ abá mondarõmo i mba'ekatu mo'anga","Pe poroanga'o umẽ, xe ra'yry gûé, ta perekó i mba'e"
"ao longo do caminho, todo o caminho",pé pukuî,pé pukuî,pé pukuî
"Vossos avós todos com pranto estavam, recolhendose","Pe ramỹîa pabẽ rakó îase'o rerekóû, îemoingeabo","Opá pe ruba, pe ramỹîa i moîasegûabo, i moîasegûabo","Pe ramỹîa pabẽ rakó îase'o rerekóû, îemoingeabo"
Queimarvosão as chamas!,Pe rapy tataendyne!,Tatá pe rapŷabo,Pe rapy tatáendyne!
Queimarvosão as chamas de fogo!,Pe rapy tatáendyne!,Tatá pe rapŷabo,Pe rapy tatáendyne!
Queimarvosão as chamas!,Pe rapy tatáendyne!,Tatá pe rapŷabo,Pe rapy tatáendyne!
"Apoiandome na vossa valentia, quero ir","Pe ratãngatu resé gûiîekoka, asópotá",Pe ratãngatu suí asó,"Pe ratãngatu resé gûiîekoka, asópotá"
Vós sois avaros com ele,Pe rekate'ym sesé,I xupé peîoŷrõmo,Pe rekate'ym sesé
tendo o dom da vossa vida,pe rekobé me'engaba rerekóbo,pe rekobé me'engaba,pe rekobé me'engaba rerekóbo
enaltecendo vossos antigos pecados,pe rekopoxypûera momoranga,pe rekopoxypûera momoranga,pe rekopoxypûera momoranga
"Chorai continuamente, pranteando vossos pecados","Pe resangá, pe angaîpaba rapirõmo","Îase'o rakó perekó, pe angaîpaba rapirõmo","Pe resangá, pe angaîpaba rapirõmo"
"Alegraivos, meus filhos, por minha causa","Pe rory, xe ra'yretá, xe ri","Xe ra'yry gûé, ta pe rory xe resé","Pe rory, xe ra'yretá, xe ri"
pelo caminho,pé rupi,koty,pé rupi
os que andam pelo caminho,pé rupi ogûataba'e,pé rupi oguataba'e,pé rupi ogûataba'e
vos (pron pess obj),pe; opo,pe'ẽ,pe; opo
afastar,pe'a,(intr): nheapumi; nhepumi; (tr): pumi; 'apiramõ,pe'a
desterrar,pe'a,mombor,pe'a
separar,pe'a; mbo'ir; mombo'ir,mbo'ir; moia'ok,pe'a; mbo'ir; mombo'ir
caminho impraticável,péaíba,péaíba,péaíba
achatado,peb,îepe'amobokaba,peb
chato,peb (v peba),(de h): memí; tykyr; (de m): tykyr doce,peb (v peba)
"o próprio Pedro, Pedro mesmo",Pedro aé,Pedro anhõ,Pedro aé
O próprio Pedro mandoume fazer proceder assim,Pedro aé emonã xe moingóukar,Kó Pedro aé emonã xe moingóû,Pedro aé emonã xe moingóukar
Pedro foi primeiro,Pedro ranhẽ osó,Pedro ranhẽ osó,Pedro ranhẽ osó
"Em Pedro eu te supunha ver (isto é, julgava que tu fosses Pedro)",Pedro resé ixé nde mondari,Pedro resé ixé nde mondari,Pedro resé ixé nde mondari
Vós mesmos vos danais ao ficar perturbando esta aldeia,Peẽ aé peîekûá kó taba pobupobu,Peîori kó taba apamonana,Peẽ aé peîekûá kó taba pobupobu
Mas chorai por vós mesmas,Peẽ aéte peîeapirõ,Enhemopyatã,Peẽ aéte peîeapirõ
vós,"pee; pe; peiepé # a vós, para vós: peême; peêmo",py (,"pee; pe; peiepé # a vós, para vós: peême; peêmo"
"Eia, agora, contai, pois, os impedimentos dele",Pe'ĩ ko'yr sarûaba mombegûabo rõ,"Îori, esenõî angá mba'e i moangaîpapa",Pe'ĩ ko'yr sarûaba mombegûabo rõ
"Eia, para não serdes semelhantes a uma maldição a vosso senhor",Pe'ĩ pe îara momburu îasûara suí,"Îepyme'eng, ta pe angaîpab umẽ pe îara resé",Pe'ĩ pe îara momburu îasûara suí
Sus! Avante!,Pe'ĩ tîá!,"Aûnhenhẽ, taûîé!",Pe'ĩ tîá!
"Eia, nós também jejuemos","Pe'ĩ, îandé bé îaîekuakub","Îé, îandé bé îaputu'u","Pe'ĩ, îandé bé îaîekuakub"
"Eia, amarrai os malditos!","Pe'ĩ, peîpûá muru!",Eîpytápûar apŷabaíba!,"Pe'ĩ, peîpûá muru!"
Tomai este meu sangue como vosso resgate,Peîar kó niã xe rugûy pe repyramo,Asysymongy nde pysyrõmo,Peîar kó niã xe rugûy pe repyramo
Preparaivos!,Peîemosako'i!,Peîemosako'i!,Peîemosako'i!
Desprezandovos completamente antes de fazer entrar vosso senhor,Peîeroŷrõmo aûîékatu pe îara moingé îanondé,"Enhemopyĩngatu, pe îara moingé îanondé",Peîeroŷrõmo aûîékatu pe îara moingé îanondé
Agi ordenadamente,Peîkóaturõ,Aîmoapererákatu,Peîkóaturõ
Agi ordenadamente para que se quede em vós,Peîkóaturõ t'oby'ar pe ri,Aîmomorãngatu pe pupé sekoagûama ri,Peîkóaturõ t'oby'ar pe ri
Vivei verdadeiramente com a rainha Graça,Peîkóeté Grácia rainha ndibé,Aîkóeté Grácia kunhã resé,Peîkóeté Grácia rainha ndibé
Sede corajosos junto de vosso inimigo,Peîkoeté pe robaîara pé,Peîerobîá pe robaîara pé,Peîkoeté pe robaîara pé
Sede valentes junto de vosso inimigo,Peîkoeté pe robaîara pé,Peîerobîá pe robaîara pé,Peîkoeté pe robaîara pé
"Imaginai, em vossa morte, estardes vós deitados",Peîmo'ang pe re'õ pupé pe ruba,Nde renõî tenhẽ nde rekobé re'õmbyramo nde ruba,Peîmo'ang pe re'õ pupé pe ruba
"Imaginai, ó meus filhinhos, imaginai que estais deitados em vossa morte","Peîmo'ang ra'u xe ra'yrĩ gûé, peîmo'ang pe re'õ pupé pe ruba","Peîmo'ang ra'u xe ra'yry gûé, peîmo'ang pe rekobé moaûîébo","Peîmo'ang ra'u xe ra'yrĩ gûé, peîmo'ang pe re'õ pupé pe ruba"
Mostrai bem o que é essa Santíssima Trindade,Peîmoîekuakatu aîpó Santíssima Trindade rekó,Eîmombe'ukatu kó Santíssima Trindade rekó,Peîmoîekuakatu aîpó Santíssima Trindade rekó
Ponde uma cruz diante deste doente como objeto da visão de seus olhos,Peîmoín amõ cruz oîepé kó mara'abora robaké sesá ma'ẽndabamo,Eîmoín amõ cruz kó mara'abora robaké ta sepîaka,Peîmoín amõ cruz oîepé kó mara'abora robaké sesá ma'ẽndabamo
Fazei a Deus Nosso Senhor perdoar a mim,Peîmonhyrõ Tupã Îandé Îara ixébo,"Tupã, îandé îara, ta xe raûsubá",Peîmonhyrõ Tupã Îandé Îara ixébo
Estais na condição de fetos de vosso senhor,Peín pe îara momburu'abamo nhẽ,Peîkó pe îara ra'yramo,Peín pe îara momburu'abamo nhẽ
Vinde todos para festejar a Jesus,"Peîó pabẽnhẽ, Îesu momoranga",Îesu resé opabenhẽ pe rory,"Peîó pabẽnhẽ, Îesu momoranga"
"Vinde índios, em uníssono","Peîori apŷabetá, oîepé","T'oú, oré rubypy, oîepegûasune","Peîori apŷabetá, oîepé"
Vinde para receber as determinações a vós no lugar em que vos ajuntais,Peîori pe nheŷnhangápe pe rekorama rá,Peîori pe ma'eagûera rá,Peîori pe nheŷnhangápe pe rekorama rá
Vinde para vos voltar para Deus,Peîori pebaka Tupã koty,Îandé Tupã koty peîeerekûab,Peîori pebaka Tupã koty
"Vinde para comer a criança, engolindo completamente o menino","Peîori pitanga gûabo, kunumĩ mokona mbá","Eîori pitanga gûabo, pitanga kupébo","Peîori pitanga gûabo, kunumĩ mokona mbá"
"Vinde, para comer a criança, engolindo completamente o menino","Peîori pitanga gûabo, kunumĩ mokona mbá","Kururuypy ogûerur, pitanga kuakupa","Peîori pitanga gûabo, kunumĩ mokona mbá"
"Vinde para comer a criança, o cuidado de Deus","Peîori pitanga gûabo, Tupana resaetá","Îori pitanga nonga, Tupã rari","Peîori pitanga gûabo, Tupana resaetá"
Vinde para pranteálo ao entrar ele em vós,Peîori sapirõagûama resé pe pupé seîkéreme,Eîori i poîa nde kama pupé o iké îéramo,Peîori sapirõagûama resé pe pupé seîkéreme
"Vinde, para vos voltar para Deus, levandoo convosco em vossos corações","Peîori, pebaka Tupã koty, pe py'a pupé serupa","Peîori, pebaka Tupã koty, pe 'anga pupé serupa","Peîori, pebaka Tupã koty, pe py'a pupé serupa"
"Vinde, abraçai o neném compadecedor","Peîori, peîaîubã pitangĩmoraûsubara","Îori, pitangĩporanga reîtyka","Peîori, peîaîubã pitangĩmoraûsubara"
"Vinde, levai os malditos","Peîori, perasó muru","Îori, moxy ru'uba mondóbo","Peîori, perasó muru"
"Vinde, levai os malditos, erguendoos, embrulhandoos","Peîori, perasó muru, supi i pokeka","Îori, enhanong iî u'i, i moîepé, i momembeka","Peîori, perasó muru, supi i pokeka"
"Vinde, levai os malditos, erguendoos para sapecálos em nosso fogo, derretendoos","Peîori, perasó muru, supi îandé ratápe sapeka, i momembeka","Îori, îandé moxy mondóbo, îandé ratápe sapeka îamo'ẽmo, i momembeka","Peîori, perasó muru, supi îandé ratápe sapeka, i momembeka"
"Vinde, levai os malditos, erguendoos para sapecálos em nosso fogo, moqueandoos","Peîori, perasó muru, supi îandé ratápe sapeka, i monga'ẽmo","Peîori, perasó mundé, îandé ratápe mundé moapyka, i momembeka","Peîori, perasó muru, supi îandé ratápe sapeka, i monga'ẽmo"
"Vinde, levai os malditos, erguendoos, para sapecálos em nosso fogo","Peîori, perasó muru, supi, îandé ratápe sapeka","Îori, moîaîuká moxy, i mbo'ane, îaîmoanhã îandé ratápe","Peîori, perasó muru, supi, îandé ratápe sapeka"
"Vinde, levai os malditos, erguendoos, para sapecálos em nosso fogo, tostandoos bem","Peîori, perasó muru, supi, îandé ratápe sapeka, saîmbékatûabo","Peîori, pema'ẽnhemoúna, supi, îandé ratápe sapeka, saîmbékatûabo","Peîori, perasó muru, supi, îandé ratápe sapeka, saîmbékatûabo"
"Vinde, meus companheiros","Peîori, xe irũetá",Eîori xe irũetá,"Peîori, xe irũetá"
"Quereis que eu solte para vós a Jesus, vosso rei?",Peîpotápe Îesus pe rubixaba ixé i mosema peẽme?,Peîpotápe Îesus pe îara ixé pe mondóbo?,Peîpotápe Îesus pe rubixaba ixé i mosema peẽme?
Não o temais,Peîpoûsub ymẽ,I abanga'u umẽ,Peîpoûsub ymẽ
Amarrai os malditos!,Peîpûá muru!,Peîpysyk apŷabaíba!,Peîpûá muru!
"Apanhaio bem hoje, dele tomando conta",Peîpysykatu kori sesé pemaînãngatûabo,"Aîpatu kori sesé, sesé gûinhemoryryîa",Peîpysykatu kori sesé pemaînãngatûabo
varrer,peir,kokaba,peir
abanar,peiu,moepy,peiu
Matais,Peîuká,Îaîuká,Peîuká
Mataio!,Peîuká!,Aûîeté ipó!,Peîuká!
Queimareis em conjunto,Pekaî oîepegûasune,Pekaî oîepegûasune,Pekaî oîepegûasune
Ide depressa!,Pekûá esapy'a!,Pekûá esapy'a!,Pekûá esapy'a!
Ide pelas aldeias,Pekûá taba rupi,Eîpobu taba rupi,Pekûá taba rupi
"Ide logo daqui, apartandovos com vosso grande fedor!","Pekûá, taûîé, ké suí, pe nemeté rerosyîa!","Peîepe'a i xuí, peîepe'a pe îugûasu pupé!","Pekûá, taûîé, ké suí, pe nemeté rerosyîa!"
anguloso,pem,apyra,pem
penca,pema2 (mb),(intr): puk; (tr): mobok,pema2 (mb)
"Como quando olhais para o céu, vedes sua beleza","Pema'ẽ rame'ĩ ybaka resé, pesepîak i poranga","Ybaka resé nde posaûsupa, i porangepîákatûabo","Pema'ẽ rame'ĩ ybaka resé, pesepîak i poranga"
Morrendo vós,Pemanõmo,Pene'õ,Pemanõmo
"carreirão, caminho pequeno para quem vai a pé",pémirĩ,"Eîori, pémirĩ gûataba",pémirĩ
Irritastes o senhor Jesus,Pemoŷrõ Pa'i Îesu,Îandé Îara Îesu eresenõî,Pemoŷrõ Pa'i Îesu
Sus! Ide!,Pene'ĩ pesóbo,"Epu'ã, epu'ã!",Pene'ĩ pesóbo
"Eia, pois, vamos estar sentados aqui","Pene'ĩ, rõ, t'îasó ké îagûapyka îakupa","Îé, îé, t'îa'emo nhẽngatu","Pene'ĩ, rõ, t'îasó ké îagûapyka îakupa"
"Eia, que estejais alegres","Pene'ĩ, ta pe rory",Aîpysykatã,"Pene'ĩ, ta pe rory"
"Pensai que, nalgum dia, a morte virá para bater em vossas portas",Penheangerekó amõ 'ara pupé te'õ pe rokena motaka turagûama resé,Penheangerekó amõ 'ara pupé te'õ pe rokena motaka turagûama resé é,Penheangerekó amõ 'ara pupé te'õ pe rokena motaka turagûama resé
"Pensai que, algum dia, a morte virá para bater em vossas portas",Penheangerekó amõ 'ara pupé te'õ pe rokena motaka turagûama resé é,Penheangerekó amõ 'ara pupé te'õ pe rokena motaka turagûama resé é,Penheangerekó amõ 'ara pupé te'õ pe rokena motaka turagûama resé é
"Pensai que, algum dia, a morte virá mesmo para bater em vossas portas, surpreendendovos",Penheangerekó amõ 'ara pupé te'õ pe rokena motaka turagûama resé é pe pokosupa,Penheangerekó amõ 'ara pupé te'õ o é te'õ pe rokena motaka turagûama resé é pe pokosupa,Penheangerekó amõ 'ara pupé te'õ pe rokena motaka turagûama resé é pe pokosupa
"Pensai que, algum dia, a morte virá para bater em vossas portas, em despreparo, surpreendendovos","Penheangerekó amõ 'ara pupé te'õ pe rokena motaka turagûama resé é, nhemosako'ie'yma pupé, pe pokosupa","Penheangerekó amõ 'ara pupé te'õ pe rokena motaka turagûama resé é, pe nhemosako'ie'yma, pe angaîpabe'yma","Penheangerekó amõ 'ara pupé te'õ pe rokena motaka turagûama resé é, nhemosako'ie'yma pupé, pe pokosupa"
Falastes torpemente para vós mesmos?,Penhe'eng poxype pe îoupé?,Pe îuru'arype pe îoupé?,Penhe'eng poxype pe îoupé?
Lembraivos do que se sofre no inferno,Penhemoma'enduá Anhanga ratápe i porarapyra resé,Îemanõ remimborará resé i ma'enduaramo,Penhemoma'enduá Anhanga ratápe i porarapyra resé
"Lembraivos do que se sofre no inferno para que, de modo nenhum, pequeis",Penhemoma'enduá Anhanga ratápe i porarapyra resé ta pe angaîpab umẽngatutenhẽ,Erenhemoma'enduá Anhanga ratápe o porarasápe oîkóbo marã tekoangaîpaba suí,Penhemoma'enduá Anhanga ratápe i porarapyra resé ta pe angaîpab umẽngatutenhẽ
Lembraivos das almas dos defuntos,Penhemoma'enduar ambyra 'angûera,Aîmoŷrõ ambyra rekobé resé,Penhemoma'enduar ambyra 'angûera
Lembraivos da morte,Penhemoma'enduar te'õ resé,Abá re'õ resé ma'enduasaba,Penhemoma'enduar te'õ resé
Sossegai longe de mim senão vos queimo,Penhemongatu mamõ xe suí n'opoapyî,Eîepe'a i xuí koîpó xe rûaîa suí,Penhemongatu mamõ xe suí n'opoapyî
"Envergonhaivos aqui também, após terdes amado as coisas más",Penhenotĩ iké bé mba'ememûã raûsub'iré,A'ypîak irã pe mba'ememûã raûsub'iré,Penhenotĩ iké bé mba'ememûã raûsub'iré
Ajuntaivos todos com eles!,Penheŷnhang pabẽ sesé!,Penheŷnhang sesé!,Penheŷnhang pabẽ sesé!
descascar,pe'ok; pin (,(intr): nheapumi; nhepumi; (tr): pumi; 'apiramõ,pe'ok; pin (
asa,pepó,u'u,pepó
"Parti dele, para que não vos corte em pedaços!","Pepo'i i xuí, aîpó n'opoasykasykabi",Aîmomburu pe rapopé suí,"Pepo'i i xuí, aîpó n'opoasykasykabi"
Afastaivos daquele que eu guardo!,Pepo'i xe remiarõ suí!,Pepo'i xe suí!,Pepo'i xe remiarõ suí!
Estareis aflitos hoje,Peporeaûsu korine,Ereîeaseî korine,Peporeaûsu korine
"encontros das asas, isto é, a parte superior delas, onde vão fazendo a volta e onde nascem as penas maiores",pepóypy,aryîa îepotasaba,pepóypy
"Levantaivos, vamos em seu caminho para encontrálo","Pepu'am, t'îasó sapépe sobaîtĩamo","Îandé moîeby jevy, t'îasó pé sobaîtĩamo","Pepu'am, t'îasó sapépe sobaîtĩamo"
banquete (antropofágico),pepyra,tembi'u,pepyra
"Ficai, palermões!","Pepytá, manemusu!","Peîeapirõ, pe îurupara gûé!","Pepytá, manemusu!"
baço,peré,apiku'i,peré
ferida,pereba (m),korõi,pereba (m)
"Tendeo por vontade, tendeo para matálo","Perekó potasábo é, perekó i îukábo","N'aîpotare'ymi xûéne, asómo","Perekó potasábo é, perekó i îukábo"
saltitar,pererek,mondykyr,pererek
saltar,pererek; por,iasekó,pererek; por
português,peró,poring,peró
o bom do Pedro,Pero angaba,Pero angaturama,Pero angaba
Ainda mais Pedro,Pero angabatene,Aîme'eng Pedro,Pero angabatene
Ó Pero!,Pero gûe'y!,Pero! (de h): gtié!; gily! (de m): iu!; ió! óleo,Pero gûe'y!
o ofício de Pedro,Peró rekoaba,Aîkó Pedro,Peró rekoaba
Pedro é maior que tu,Peró turusueté nde suí,Peró turusueté nde suí,Peró turusueté nde suí
Mas acreditais realmente em Deus?,Perobîarytepe aé Tupã?,Perobîarytepe aé Tupã?,Perobîarytepe aé Tupã?
Mas que vá Pero,Perote t'osó,ebokûéte,Perote t'osó
Trazei alguns assentos,Peru apykaba amõ,Eru apykaba,Peru apykaba amõ
"Tentastes em vão, por pouco tempo, não dormir perto de mim",Pesa'ang îepé korite'ĩ nhõte xe pyri pekere'yma,"Nde apiti'ĩ nhote, xe pyri nhemimy îepé",Pesa'ang îepé korite'ĩ nhõte xe pyri pekere'yma
"Embora vos tivésseis esforçado, estivestes deitados só pouco tempo junto a mim, não dormindo","Pesa'ang îepé peuî korite'ĩ nhõte xe pyri, pekere'yma","Pesa'ang îepé, peuî korite'ĩ nhote xe pyri, pekere'yma","Pesa'ang îepé peuî korite'ĩ nhõte xe pyri, pekere'yma"
"Embora tentásseis, estivestes deitados só pouco tempo junto a mim","Pesa'ang îepé, peuî korite'ĩ nhote xe pyri","Peîpysykatu îepé, peuî korite'ĩ nhote xe porupi","Pesa'ang îepé, peuî korite'ĩ nhote xe pyri"
"Obedecei ao padre, vosso mestre","Pesapîá abaré, pe mbo'esara","Asapîar abaré, pe mbo'esara","Pesapîá abaré, pe mbo'esara"
Amai vosso criador,Pesaûsu pe monhangara,Pesaûsu pe monhangara,Pesaûsu pe monhangara
Será que amais vosso salvador?,Pesaûsu ra'upe pe pysyrõana?,Ereîosaûsupe nde pysyrõana?,Pesaûsu ra'upe pe pysyrõana?
Vereis também futuramente minha vinda sobre as nuvens,Pesepîak irã ybytinga 'arybo xe rura béne,Pesepîak irã ybytinga pupé xe rura béne,Pesepîak irã ybytinga 'arybo xe rura béne
Vereis também futuramente minha vinda sobre as nuvens,Pesepîak irã ybytinga 'arybo xe rura béne,Pesepîak irã ybytinga pupé xe rura béne,Pesepîak irã ybytinga 'arybo xe rura béne
"Vereis também, futuramente, minha vinda sobre as nuvens",Pesepîak irã ybytinga 'arybo xe rura béne,Pesepîak irã ybytinga 'arybo xe rura béne,Pesepîak irã ybytinga 'arybo xe rura béne
Eis que ides Ides (agora),Pesó ûĩ,Peẽ pekûá,Pesó ûĩ
esbofetear,petek,manhana,petek
golpear,petek; apixab,manhana,petek; apixab
"Guardaivos de inventar impedimentos ao casamento, contando o que não é verdade",Peteumẽ mendara moarupaba mo'anga'upa supindûare'yma mombegûabo,I îekaraíba'e mendara moarupaba mo'anga'upa supindûare'yma ra'anga,Peteumẽ mendara moarupaba mo'anga'upa supindûare'yma mombegûabo
"Guardaivos de ser maus, doravante",Peteumẽ pe poxyramo angiré,Aîpó i 'anga mamõ!,Peteumẽ pe poxyramo angiré
Guardaivos de serdes maus doravante,Peteumẽ pe poxyramo angiré,Aîpó i 'anga mamõ!,Peteumẽ pe poxyramo angiré
"Guardaivos de querer ser como eu, mas, antes, se eu estivesse como vós, todas as coisas dolorosas sofreria neste mundo para aplacar a Deus","Peteumẽ xe îabé peîkópotá, xe monẽ pe îabé gûitekóbomo opá mba'easy aîporará ikó 'ara pupé Tupã monhyrõmomo!","Peîkópotá xe îabé, i xuí, xe monẽ pe îabé gûitekóbomo opá mba'easy aîporará ikó 'ara pupé Tupã monhyrõmomo!","Peteumẽ xe îabé peîkópotá, xe monẽ pe îabé gûitekóbomo opá mba'easy aîporará ikó 'ara pupé Tupã monhyrõmomo!"
Deixai de me prantear,Peteumẽ xe rapirõmo,Aîaseómirĩ,Peteumẽ xe rapirõmo
Guardaivos de serdes maus doravante,"Peteumẽ, pe poxyramo angiré",Aîpó i 'anga mamõ!,Peteumẽ pe poxyramo angiré
fumo (= tabaco),petyma,apytu'u,petyma
tabaco,petyma,(variedades): tagfrató; tupi'a; tupi'a; tupi'a etc,petyma
fumar,petymbu,ambyasy,petymbu
cachimbo,petymbüaba,aka,petymbüaba
pus,peú,moíni,peú
certeiro,pfiakatu,eté ,pfiakatu
curado,pfierab,moîekosupab,pfierab
encomendar,pfrai (,kokaba,pfrai (
caminho,piara,"(a)pé (r, s)",piara
perseguidor,piara (mb),itatyba (v itá),piara (mb)
extinto,píier,mombe'u,píier
"caspa (do corpo, carepa)",piku'i,pysyrõ,piku'i
mandar1 (= ordenar),pilai; ukar,mondarõ2,pilai; ukar
"Levaramno, com suas ataduras, para Pilatos, o governador",Pilatos ybyrarerekoara supé i popûasaba resebé serasóû,I moîaî Pilatos ybyrarerekoara supé,Pilatos ybyrarerekoara supé i popûasaba resebé serasóû
rapar,pin (,(intr): puk; (tr): mobok,pin (
anzol,pindá,nhü,pindá
chumbada do anzol,pindá posyîtaba,apykaba robá,pindá posyîtaba
"estorvo do anzol, isto é, corda com que se reata este",pindáaŷpypûasaba,i pupé i moîáno,pindáaŷpypûasaba
"tempo, lugar, modo, etc de aparar, de rapar, etc",pindaba,mba'e moabaiba,pindaba
"Ao chegarem os pescadores, repartem sempre com suas amantes ruins seu pescado, pelas costas de seus senhores","Pindaîtykara îepotasápe, memẽ o agûasápoxy supé oîmoîa'ok o embiara, o îara kupébo nhẽ","Morubixaba rureme, îara moîekosupara supé pirá me'engi o îara repyramo","Pindaîtykara îepotasápe, memẽ o agûasápoxy supé oîmoîa'ok o embiara, o îara kupébo nhẽ"
linha grossa de pescar,pindasãmuku,Iî arybeba'e,pindasãmuku
linha de pescar delgada,pindasãpo'i,Asapûapin,pindasãpo'i
linha grossa de pescar,pindasãpokuruba,Iî arybeba'e,pindasãmuku
pinta,pinima (m); pitinga,pixam,pinima (m); pitinga
peixe,pirá,pirá,pirá
pele,pira (mb),se,pira (mb)
cabeça (arrancada) de peixe,pirá akangûera,pirá akangûera,pirá akangûera
Levando os peixes todos,Pirá mondóbo pá,Mokaba pirá ogûerur,Pirá mondóbo pá
corpo morto de peixe,pirá re'õmbûera,pirá kangûera,pirá re'õmbûera
"peixão, peixe grande",piragûasu,pirá,piragûasu
piranha,"pirãia, piranha",pirá,"pirãia, piranha"
leproso,piraiõ/a,piraiõ/a,piraiõ/a
lepra,piraiõa (m); piryty (m),piraiõ/a,piraiõa (m); piryty (m)
óleo de peixe,piránhandy,pirá akangûera,piránhandy
"peixe imprestável (isto é, que não é bom para se comer)",pirápoxy,pirápoxy,pirápoxy
listra,piriana (m),se,piriana (m)
listrado (ao comprido),pirianja,Aîabab,pirianja
excitação,piringa; ara'a; (excitação sexual): tegüyrõ; aninga2,moapysyk,piringa; ara'a; (excitação sexual): tegüyrõ; aninga2
canoa de junco,piripiriygara,ybyrá kamby,piripiriygara
faísca,piririka (rn),andub,piririka (rn)
calo,piru'a (mb),(intr): puk; (tr): mobok,piru'a (mb)
"pele esfolada, fora da carne",pirûera,i apenhugûãnhugûanyba'e,pirûera
"pele imunda (isto é, lepra)",piryty,pirá,piryty
criança,pitanga (m),pitanga (m),pitanga (m)
A gente é parecida à criança que não tem pecado?,Pitanga i angaîpabe'ymba'e rapixaramo nhẽpe asé rekóû?,Pitangĩnamo nhẽpe asé rekóû angaîpabe'ymba'e?,Pitanga i angaîpabe'ymba'e rapixaramo nhẽpe asé rekóû?
Recusando uma criança (que iria nascer),Pitanga kuakupa,Pitanga kuakupa,Pitanga kuakupa
as crianças que completam dois anos,pitanga mokõî ro'y omoaûîeba'e,pitanga mokõî ro'y omoaûîeba'e,pitanga mokõî ro'y omoaûîeba'e
Agora comemoramos o dia em que mandou eliminar as crianças que completavam dois anos,Pitanga mokõî ro'y omoaûîeba'e mombabukaragûera 'ara îaîmoeté ko'yr,Pitanga mokõî ro'y omondarõba'e 'ara îaîmoeté ko'yr,Pitanga mokõî ro'y omoaûîeba'e mombabukaragûera 'ara îaîmoeté ko'yr
Ficando a tomar poções para não gerar uma criança,Pitanga nhemonhanga suí oîeposanõsanonga,Asa'ang umẽ pitangamo nhẽ,Pitanga nhemonhanga suí oîeposanõsanonga
Ficando a tomar poções para não se gerar uma criança,Pitanga nhemonhanga suí oîeposanõsanonga,Asaûsu pitangamo nhẽ,Pitanga nhemonhanga suí oîeposanõsanonga
O rosto da criança está alegre para eles,Pitanga robá sesãî i xupé,Kunumĩ robá sesãî i xupé,Pitanga robá sesãî i xupé
como criança gerandose,pitangamo onhemonhanga,kunumĩa'uba,pitangamo onhemonhanga
como criança estando deitado,pitangamo oupa,pitangamo oupa,pitangamo oupa
Como criança está nos braços de Maria,Pitangamo seni Maria îybápe,Kunumĩnamo seni Maria îybápe,Pitangamo seni Maria îybápe
Como criança está sentado nos braços de Maria,Pitangamo seni Maria îybápe,Kunumĩramo seni Maria îybápe,Pitangamo seni Maria îybápe
As criancinhas também têm somente o pecado de nosso pai primeiro,Pitangĩ abé îandé rubypy angaîpaba nhõ ogûerekó,Pitanga bé îandé rubypy angaîpaba ogûerekó îepi,Pitangĩ abé îandé rubypy angaîpaba nhõ ogûerekó
As criancinhas também têm somente o pecado de nosso pai primeiro,Pitangĩ abé îandé rubypy angaîpaba nhõ ogûerekó,Pitanga bé îandé rubypy angaîpaba ogûerekó îepi,Pitangĩ abé îandé rubypy angaîpaba nhõ ogûerekó
"Desejando ardentemente ver o nenenzinho, vim de minha casa","Pitangĩ repîaka'upa, aîur xe roka suí","Nde membyrĩ repîaka'upa, aîur xe roka suí","Pitangĩ repîaka'upa, aîur xe roka suí"
"Tendo saudades do neném, vim de minha casa","Pitangĩ repîaka'upa, aîur xe roka suí","Aîubĩ xe membyrara, aîur xe roka suí","Pitangĩ repîaka'upa, aîur xe roka suí"
"Tendo saudades do nenenzinho, vim de minha casa","Pitangĩ repîaka'upa, aîur xe roka suí","Ixé aé emonã xe reká, xe roka suí aîu","Pitangĩ repîaka'upa, aîur xe roka suí"
neném compadecedor,pitangĩmoraûsubara,kunumĩporanga,pitangĩmoraûsubara
És uma criancinha,Pitangĩnamo ereîkó,Pitangĩnamo ereîkó,Pitangĩnamo ereîkó
És um nenenzinho,Pitangĩnamo ereîkó,Pitangĩnamo ereîkó,Pitangĩnamo ereîkó
Uma criancinha és (ou na condição de uma criancinha estás),Pitangĩnamo ereîkó…,Pitangĩnamo ereîkó,Pitangĩnamo ereîkó...
"Criancinha muito bela, creio muito em ti","Pitangĩporangeté, orogûerobîákatu","Kunhãmarangatumembé, orogûerobîar nde ri","Pitangĩporangeté, orogûerobîákatu"
útero,pitãnhemonhangaba (m),kunumi,pitãnhemonhangaba (m)
borrachudo,pi'ü,kyriri,pi'ü
beliscar,pixam,(tr): moakub; (intr): pindaeityk; (pes car com rede): ieporakar,pixam
bicar,pixam,andub,pixam
chamusco,pixé,kartlaba,pixé
mão,pó (mb) # mão direila: 'ekatfiaba mar,pó (mb) # mão direila: 'ekatfiaba mar,pó (mb) # mão direila: 'ekatfiaba mar
fibra,pó; tabüu,ybypomombykypyra,pó; tabüu
fibras muito grossas,póanamusu,Îusu,póanamusu
gemer,poasem (xe),apysyk (v apysyka),poasem (xe)
gemido,poasema (m),angekoam,poasema (m)
fiar (= fazer fios),poban,mbo'ir; moia'ok,poban
"o que fia (Fig, Arte, 119), fiandeira",pobandara,i moapysykaba'e,pobandara
"fibras esvoaçantes (isto é, fibras finas)",póbebé,póbebé,póbebé
revirar,pobur; poekar,Aîapengok,se
estender,poekyi; pysó; moatã; pirar estender,moatã,poekyi; pysó; moatã; pirar estender
mãos entorpecidas,póe'õ,poxy,póe'õ
revidar,poepyk,a'ang (s),poepyk
vingar (tr),poepyk (o objeto é sempre uma pessoa: vingar alguém); epyk (s),moting,poepyk (o objeto é sempre uma pessoa: vingar alguém); epyk (s)
resposta,po'epykaba (m); nhe'enga restituir,nhe'enga,po'epykaba (m); nhe'enga restituir
alimentar,poi,"(e)nha'e (r, s)",poi
delgado,po'I,puku,po'I
sustentar,poi (,(intr): nheran; nhemobabak; (tr,poi (
fininho,po'i'i,puku,po'i'i
temer,poiisub; sykyié,abangaba; panema (m); membeka covarde,poiisub; sykyié
cessar (de),po'ir,a,po'ir
estouro,poka (m),se,poka (m)
pólvora,pokaku'i (m),aka,pokaku'i (m)
raro,pokangi nhõte,pytasaba (m),pokangi nhõte
hábil,pokarugúar/a,nhynhyng/a,pokarugúar/a
"prenseiro, o que prensa",pokasara,mombe'u,pokasara
embrulhar,pokek,moiegfiak,pokek
cócegas (fazer),pokirik; mokyxyk cochilar,aruru,pokirik; mokyxyk cochilar
guiar,pokok; pekuabe'eng; erekó gula,monharõ; monheran,pokok; pekuabe'eng; erekó gula
fibras sujas,póky'a,se,póky'a
viscoso,pomong/a,îepe'amobokaba,pomong/a
encolhido (pano),ponhea'i,Aîabab,ponhea'i
largo,"popeb/a; obeb/a (r, s); py","eburusu (r, s); sufixos","popeb/a; obeb/a (r, s); py"
largura,popeba; peba; tobeba,puku,popeba; peba; tobeba
arma,popesftara,itaaoba,popesftara
acontecer,por,porará,por
pular,por; popor,mondykyr,por; popor
conteúdo,pora,erekó,pora
salto,pora,se,pora
habitante,pora; tekoara,tekoara,pora; tekoara
trabalhar,porabyky; (trabalhar em grupo): potyrõ,i xupé; marãtekoaba,porabyky; (trabalhar em grupo): potyrõ
compaixão,poraíisubara (m),py'a (mb),poraíisubara (m)
interrogar,porandub,a'ang (s),porandub
perguntar,porandub,Eporandub,porandub
novidade,poranduba (m),mba'epu'ama,poranduba (m)
pergunta,poranduba (m),poranduba (m),poranduba (m)
belo,porang,katu,porang
bonito,porang,katu,porang
beleza,poranga,aysó,poranga
aguentar,porará,gûarinimbyra,porará
suportar,porará,atyká,porará
sofrer,"porará # sofrer dor: asy (r, s) (xe) sofrimento",angekoam,"porará # sofrer dor: asy (r, s) (xe) sofrimento"
bailar,porasei,poraseia (m),porasei
dançar,porasei,poraseia (m),porasei
dança,poraseia (m),poraseia (m),poraseia (m)
coitado ,poreafisub,Atyabor,poreafisub
miserável,poreaiisub/a; tyabor/a miséria,Marani aîkó,poreaiisub/a; tyabor/a miséria
infeliz,poreaúsub/a; panem/a,angekoam,poreaúsub/a; panem/a
agressão,porepenhana,moaiu,porepenhana
refém,porepy1 (m),tebira,porepy1 (m)
orgulhoso,porerobiare'ym/a,momiafisub,porerobiare'ym/a
padrinho,porerokarílera (m),abaré katupyryb,porerokarílera (m)
antropofagia,poro,poro,poro
assassino,poroapitiara,mondá; mondarõ3,poroapitiara
feroz,poroiukafü (v poroiukafba); kagfüuõ (v kagüafüa); marãmotar (v marãmotara); nharõ1,ybyraoba,poroiukafü (v poroiukafba); kagfüuõ (v kagüafüa); marãmotar (v marãmotara); nharõ1
esvaziar,porok; mboapy,mongaraíb,porok; mboapy
médico,poroposanongara (m),posanongara (m),poroposanongara (m)
sensual,poropotar/a,tubixab (v tubixaba),poropotar/a
luxúria,poropotara (m),marane'yma,poropotara (m)
antropófago,poru,moroîuba rerekoara,poru
usar,"poru, puru",mombab; mongôy,"poru, puru"
sonhar,posaílsub,a'ekatu,posaílsub
sonho,posaílsuba (m),nhe'engybõ,posaílsuba (m)
enfeite,posanga (m),kyrirí,posanga (m)
feitiço,posanga (m),nhe'engybõ,posanga (m)
poção,posanga (m),ka'a,posanga (m)
purgante,posanga (m),purgativo,posanga (m)
medicar,posanong,ka'a,posanong
curandeiro,posanongara (m) (v posanong) curar,posanongara (m),posanongara (m) (v posanong) curar
carga,posyia,(s): asyka; : asyk,posyia
peso,posyia (m),nhũasyma,posyia (m)
pesado,posyija; anam/a,ikopuku/ ekopuku (t),posyija; anam/a
recear,posykyié; poílsub; eroangu; eronheangu receber,abangaba; panema (m); membeka covarde,posykyié; poílsub; eroangu; eronheangu receber
isca,potaba (m),kartlaba,potaba (m)
desejar,potar,i potar,potar
querer,potar; sei (só com temas verbais in corporados),i potasápe,potar; sei (só com temas verbais in corporados)
preferir,potari,te'ĩ,potari
camarão,poti,potaba (m),poti
cheirar,Poti,andub,Poti
defecar,poti/ epoti; ka'apiasó; ka'ab defender,moaiu,poti/ epoti; ka'apiasó; ka'ab defender
peito,poti'a (m),pepó,poti'a (m)
florescer,potyr (xe),araba (v 'ar1),potyr (xe)
florido,potyr [v potyra (mb)],potyra (mb); 'ybotyra,potyr [v potyra (mb)]
flor,potyra (mb); 'ybotyra,potyra (mb); 'ybotyra,potyra (mb); 'ybotyra
feio,poxy,karáembó,poxy
nojento,poxy,apara; banga; apena tosar,poxy
desgraça,poxy (m),karáembó,poxy (m)
desonestidade,poxy (m),marãtekoam,poxy (m)
deterioração,poxy (m),erorrõ,poxy (m)
feiura,poxy (m),poxy,poxy (m)
estrago,poxy (m); paba (mb); erekomemfiã saba (t) (v erekomemilã),apara; banga; apena tosar,poxy (m); paba (mb); erekomemfiã saba (t) (v erekomemilã)
na sua preocupação com torpezas,poxy resé o nheangerekosápe,aíbĩ remimomosanga,poxy resé o nheangerekosápe
colar2 (s),po'yra (m),ebokûea é,po'yra (m)
gente,pref poro,anama,pref poro
sarar,ptierab,erekó,ptierab
barulhento,pu,tatã,pu
barulho,pu,nhe'enga,pu
som,pu (mb),nhe'enga,pu (mb)
soar,"pu (xe); yapu (r, s) (xe); pong sob",nhe'enga,"pu (xe); yapu (r, s) (xe); pong sob"
assaltar,pu'am,moaiu,pu'am
assalto,pu'ama,mondá; mondarõ3,pu'ama
prisioneiro (de guerra),pu'amagfiera (m) proceder,amõnamoíra,pu'amagfiera (m) proceder
ultrapassar,puan (,moabrub,puan (
brando,pub,mbegüé,pub
macio,pub/a,ipó,pub/a
mole,pub/a; membekja,kokaba,pub/a; membekja
brandura,puba,py'a (mb),puba
cansado,púerai,púerai,púerai
esburacado,puk; pupuk; kilar (v kilara) escama,iar,puk; pupuk; kilar (v kilara) escama
abertura,puka,koty,puka
buraco,puka,"ynysemja (r, t)",puka
rir,puká,memfiã,puká
fenda,puka (mb),koty,puka (mb)
sorrir,pukamiri,memfiã,pukamiri
comprido,puku,ikopuku/ ekopuku (t),puku
longo,puku,puku,puku
mexer,pukui,kokaba,pukui
durante,pukui; remebé,irõ; rõ,pukui; remebé
boto,pukusi,koty,pukusi
afundar,pumi,moting,pumi
dentro (de),pupé,ybỹîa,pupé
as que vão para o purgatório,Purgatório pupé osoba'e,purgatório pupé osoba'e,Purgatório pupé osoba'e
prenhe,puru'a,i puru'a,puru'a
grávida,puru'a (m),puru'a (m),puru'a (m)
umbigo,puru'ã (m),tygé,puru'ã (m)
azia,pusu'umukaia,asa'ang/a,pusu'umukaia
indo eu de noite,putũ gûixóbo,Putuna asó,putũ gûixóbo
escuridão,putumimbyka; putuna; putunusu escuro,anga,putumimbyka; putuna; putunusu escuro
Numa certa noite,Putuna amõ resé,Putuna amõ resé,Putuna amõ resé
"A noite em que estava ele como presa dos judeus, os cristãos não estavam felizes","Putuna îudeus i pysykagûeramo sekóreme, cristãos rorybe'ymamo","Îudeus supé i nhemombegûabo kerame'ĩ, cristãos rorybe'ymamo","Putuna îudeus i pysykagûeramo sekóreme, cristãos rorybe'ymamo"
A noite não perceberemos,Putuna nd'îaîandubi xûéne,Putuna nd'îaîpó îasepîake'yma,Putuna nd'îaîandubi xûéne
Bebendo cauim durante a noite,Putuna rupi okagûabo,Pysaré kûara nhẽ i gûapyki,Putuna rupi okagûabo
"Suportando a grande noite, estamos muito aflitos","Putunusu porarábo, oroîkotebẽngatu","Pysaré t'îaîarõ, tekotebẽngatu monhanga","Putunusu porarábo, oroîkotebẽngatu"
"Suportando a escuridão, estamos muito aflitos","Putunusu porarábo, oroîkotebẽngatu","Îarasok pytunusu, îasegûabo","Putunusu porarábo, oroîkotebẽngatu"
"toda a noite, pelas noites",putunybo,putunybo,putunybo
de noite (não costumeiramente),putunyme,putunyme,putunyme
admirado,putupab,mara'ar (v mara'ara) envergonhar,putupab
espantado,putupab (v putupaba),mara'ar (v mara'ara) envergonhar,putupab (v putupaba)
maravilhado,putupab/a,Aîmomboîkatu,putupab/a
admiração,putupaba,momiafisub,putupaba
descansar,putu'u,putu'u,putu'u
descanso,putu'u,putu'u,putu'u
avesso,py,mongy; pitub; pixyb; kytyk urina,py
soprar,py (,Aîpomombuk,py (
pé,py (mb),py (mb),py (mb)
fígado,py'a (mb),tepy,py'a (mb)
parede,"pyá; opyá (r, s)",Asa'ubar,"pyá; opyá (r, s)"
fel,py'aftpiara,iekosub,py'aftpiara
pensamento,py'anhemongetá (m); iemonge tá; 'anga,aputu'u,py'anhemongetá (m); iemonge tá; 'anga
tecer,pyasab; pe (,manhana,pyasab; pe (
coragem,pyatã (mb); tekoeté,kyre'ymbab,pyatã (mb); tekoeté
apertar,pyk,mogiieiyb ,pyk
sossegado,"pyk; osang/a (r, s)",kyriri,"pyk; osang/a (r, s)"
pomba,pykasu,gûyrá,pykasu
atolamento,pykilaba,koty,pykilaba
tornozelo,pynhiiãkanga (m),apykaba,pynhiiãkanga (m)
planta2 (dos pés),pypytera (m),yba,pypytera (m)
sola (do pé),pypytera (mb),ybyrá,pypytera (mb)
cru,pyr (v pyra),mopor; porakar; moynysem encobrir,pyr (v pyra)
tirante a vermelho,pyrãmbyryb,aió,pyrãmbyryb
vermelho,pyrang/a,aió,pyrang/a
tirante a vermelho,pyrangaíb,aió,pyrãmbyryb
pisar,pyrung,(variedades): sebo'i; turuygíiera; ura; ybyrapeasoka; ybyrasoka; tasoka; iaruma'i; taburaá etc,pyrung
um pouquinho mais,pyrybĩ,mbegüé,pyrybĩ
rim,pyrykytfi (m),apin/a,pyrykytfi (m)
rodopiar,pyryrym,kokaba,pyryrym
pião,pyryryma (m),tygé,pyryryma (m)
rodopio,pyryryma (m),amandaba,pyryryma (m)
rede2 (de pesca),"pysá; (rede para apanhar ca marões, jereré): iareré",pira2,"pysá; (rede para apanhar ca marões, jereré): iareré"
pescaria com puçáguaçu,pysagûasueîtykaba,pirá piru'a,pysagûasueîtykaba
pescador com puçáguaçu,pysagûasueîtykara,pirájerekoá i pópe,pysagûasueîtykara
"""sob o sono"" da alta noite, nas horas mortas da noite, em que todos dormem",pysaîekatu kégûyrybo,putuna pupé,pysaîekatu kégûyrybo
"""sob o sono da bem alta noite"", isto é, nas horas mortas da noite, em que todos dormem",pysaîékatu kégûyrybo,pysaîme,pysaîékatu kégûyrybo
tropeçar,pysakang/a (xe),erekomarã,pysakang/a (xe)
Eis que a noite toda ele não dormiu,Pysaré kó i kere'ymi,Pysaré kó i kere'ymi,Pysaré kó i kere'ymi
Eis que a noite toda ele não dormiu para ficar perturbando os índios!,"Pysaré kó i kere'ymi, apŷaba pobupobu!",Pysaré kó i kere'ymi abá pûaîtaba ri,"Pysaré kó i kere'ymi, apŷaba pobupobu!"
"A noite toda não durmo, absolutamente",Pysaré n'akerangáî,Putuna nd'akerangáî,Pysaré n'akerangáî
Será que a noite toda ages para fazer sumir as galinhas?,Pysaré serã ereîkó arinhama mokanhema?,"Oporomotasápe pysaîé, u'ipuba nhẽ?",Pysaré serã ereîkó arinhama mokanhema?
Será que a noite toda ages para fazer sumir as galinhas?,Pysaré serã ereîkó arinhama mokanhema?,"Oporomotasápe pysaîé, u'ipuba nhẽ?",Pysaré serã ereîkó arinhama mokanhema?
"A noite toda, após sua grande bebedeira, vou falar aos ouvidos dos índios","Pysaré, i ka'ugûasu riré, asó abá rerobobõmo","Ko'ẽme, pe îuká tuk'iré, asó abá rerobobõmo","Pysaré, i ka'ugûasu riré, asó abá rerobobõmo"
recente,pysasu,pysasu # de novo: bé; benhe nu,pysasu
novo,pysasu # de novo: bé; benhe nu,pysasu # de novo: bé; benhe nu,pysasu # de novo: bé; benhe nu
aprisionar,pysyk,mundeoka,pysyk
segurar (com as mãos),pysyk,Aîepómopikytĩ,pysyk
acolher,pysyrõ,momorandub,pysyrõ
libertar,pysyrõ,enosem,pysyrõ
livrar,pysyrõ,nhã; anhã2,pysyrõ
salvar,pysyrõ,(intr): nheran; nhemobabak; (tr,pysyrõ
socorrer,pysyrõ,kok,pysyrõ
defensor,pysyrõana (v pysyrõ),pytybõana,pysyrõana (v pysyrõ)
prender,pysysk,koty,pysysk
enfrentar (= fazer frente),pytá,moiar preguiça,pytá
ficar,pytá,pytá,pytá
permanecer,pytá,pytá,pytá
alaranjado,pytang,"oby (r, s)",pytang
avermelhado,pytang,aió,pytang
moreno ,pytang/a,"oby (r, s)",pytang/a
pardo,pytang/a,aió,pytang/a
pousada,pytasaba (m),amỹîoka,pytasaba (m)
beijar,pyter,xe ybykfiarusu,pyter
chupar,pyter,andub,pyter
"no meio de, no centro de",pyteri,amyioka; amundaba,pyteri
pelo meio de (sentido difuso),pyterybo,(sensual grito de guerra): gtié; gily; (sensual grito de guerra): iué,pyterybo
respirar,pytu (xe),pytu (xe),pytu (xe)
melancolia,pytubara (m); karukasy; aruru melancólico,piringa; ara'a; (duração): tegüyrõ; (duração): tegüyrõ,pytubara (m); karukasy; aruru melancólico
anoitecer,pytun (xe),anga,pytun (xe)
noite,"pytuna # às noites, pelas noites, todas as noites, de noite: pytunybo; a noite toda, toda a noite: pysaré",putuna,"pytuna # às noites, pelas noites, todas as noites, de noite: pytunybo; a noite toda, toda a noite: pysaré"
"Para uma grande escuridão, na verdade, iriam",Pytunusupe émo i xóûmo,Pytunusupe émo i xóû,Pytunusupe émo i xóûmo
Para uma grande escuridão é que iriam,Pytunusupe émo i xóûmo,Pytunusupe i xóû,Pytunusupe émo i xóûmo
ajudar,pytybõ ,Asepenhan,pytybõ 
ajudante,pytybõana,pytybõana,pytybõana
engasgar (tr),pytym,moaiu,pytym
"Ao passar a quartafeira de cinzas sagradas começa o grande jejum, chamado Quaresma","Quartafeira tanimbukaraíba rasápe, îekuakupabusu Quaresma 'îaba nheypyrungi","Quartafeira tanimbukaraíba rasápe, iî ypype îerobîasu, karanaval 'îaba","Quartafeira tanimbukaraíba rasápe, îekuakupabusu Quaresma 'îaba nheypyrungi"
"Ao passar a quartafeira das cinzas sagradas, o grande jejum chamado Quaresma começa","Quartafeira tanimbukaraíba rasápe, îekuakupabusu Quaresma 'îaba nheypyrungi","Quartafeira tanimbukaraíba rasápe, îekuakuba 'ara Quaresma 'îaba nheypyrungi","Quartafeira tanimbukaraíba rasápe, îekuakupabusu Quaresma 'îaba nheypyrungi"
"Ao passar a quartafeira das cinzas sagradas, começa o grande jejum chamado Quaresma","Quartafeiratanimbukaraíba rasápe îekuakupabusu, Quaresma 'îaba nheypyrungi","Quartafeira tanimbukaraíba rasápe, iî ypype îetéramo Carnaval 'îaba","Quartafeiratanimbukaraíba rasápe îekuakupabusu, Quaresma 'îaba nheypyrungi"
Quatro são as virtudes cardeais,Quatro tekokatuytá,Îarekó é koba'e katu,Quatro tekokatuytá
desenrolar,rab,ekyi ,rab
desligar,rab (,moebykatã,rab (
então,ra'e; (= por ocasião disso): a'e,ra'e; (= por ocasião disso): a'e,ra'e; (= por ocasião disso): a'e
antigamente,raka'e,erimba'endûarûera,raka'e
falhar,rambiler,a'uba,rambiler
ainda agorinha,ramo'ĩ,kó bé sekotebẽ,ramo'ĩ
antes,ranhe,sybá,ranhe
futuro ,raro,sybá,raro
Os reis apressados junto ao nenenzinho vieram,Reîáanhẽ  pitangĩ supé oú,Morubixaba korite'ĩaíbeté oú kunumĩ supé,Reîáanhẽ pitangĩ supé oú
"Apesar de que sejas rainha, apesar de que sejam muitos os teus servos, eu, não obstante, pesco para ti","Reîamo ereîkó tenhẽ, setá tenhẽ nde boîá, xete t'oroporaká","Reîamo ereîkó tenhẽ, setá tenhẽ nde boîá, xete nde reká","Reîamo ereîkó tenhẽ, setá tenhẽ nde boîá, xete t'oroporaká"
quando1 (= por ocasião de),reme,akan2,reme
enquanto,remebé; pukui,iepé,remebé; pukui
ostra,reri,kilá,reri
cal de ostra,reri ku'i,u'u ragûy,reri ku'i
"""ajuntamento de ostras"", nome de um lugar",Rerityba,Rerityba,Rerityba
"Reritiba, minha terra, dela venho aqui","Rerityba, xe retama, i xuí xe ruri ké","Rerityba, xe retama, aîpó suí xe ruri ké","Rerityba, xe retama, i xuí xe ruri ké"
"Reritiba, minha terra, aldeia muito boa","Rerityba, xe retama, tabangaturãngatu","Rerityba, xe retama, tabaporangeté","Rerityba, xe retama, tabangaturãngatu"
"Ostra Grande, nome de pessoa",Reriûasu,Reriûasu,Reriûasu
após,riré,a'e ré,riré
depois (de),"riré, iré # depois disso: a'e riré depressa",riré,"riré, iré # depois disso: a'e riré depressa"
repartir,rnoia'ok # repartir em pedaços: pyse'ong; pese'õ,me'eng,rnoia'ok # repartir em pedaços: pyse'ong; pese'õ
cego,ró,ró,ró
amargo,rob,angekoam,rob
amargor,roba,angekoam,roba
Lourenço tostado atou minhas mãos,Rorẽka'ẽ xe popûá,Lorẽka'ẽ xe popûá,Rorẽka'ẽ xe popûá
"Lourenço tostado atou minhas mãos, queimandome, oprimindome","Rorẽka'ẽ xe popûá, xe rapŷabo, xe apypyka","Rorẽka'ẽ xe popûá, xe rapŷabo, xe arõîa","Rorẽka'ẽ xe popûá, xe rapŷabo, xe apypyka"
Por acaso é o Lourenço tostado?,Rorẽka'ẽpiã?,Kaî! Rorẽka'ẽpiã?,Rorẽka'ẽpiã?
frio (s e adj),ro'y,ro'y,ro'y
inverno,ro'y,ro'y,ro'y
O que não se confessa a cada ano,Ro'y îabi'õ onhemombe'ue'ymba'e,Ro'y îabi'õ i mombe'ue'ymba'e,Ro'y îabi'õ onhemombe'ue'ymba'e
Um frio que faz as pessoas tremerem muito,Ro'y oporomoryryîeteba'e,Ro'y oporomoryryîba'e,Ro'y oporomoryryîeteba'e
"Um frio que fará as pessoas tremerem muito, fazendoas chorar","Ro'y oporomoryryîeteba'e, i moîasegûábone","Ro'y oporomoryryîa, oporomoaîuetébo abá","Ro'y oporomoryryîeteba'e, i moîasegûábone"
"""frio coalhado"", isto é, neve, geada",ro'ynhemoapysanga,ybytinga,ro'ynhemoapysanga
inchaço,rum; pungá,(intr): puk; (tr): mobok,rum; pungá
Finalmente ele vem,Rumby ahẽ oú ko'yté,I 'ari ko'yté,Rumby ahẽ oú ko'yté
Enfim eu vou,Rumby gûixóbo,Asó iã,Rumby gûixóbo
"Enfim, tendose vingado, obedeceramme","Rumby oîeepyka, xe rapîá","Emonã ra'u nde îeapirõmo, xe moingoaba ereîkó","Rumby oîeepyka, xe rapîá"
"Enfim, o Filho de Deus nos julgará",Rumby Tupã Ta'yra îandé rekomonhangane,A'ereme Tupã Ta'yra îandé rekomonhangane,Rumby Tupã Ta'yra îandé rekomonhangane
"Eis que, enfim, chega meu pai",Rumby xe ruba obasema,Kori xe ruba xe rubi,Rumby xe ruba obasema
"Enfim, obedeceramme","Rumby, xe rapîá",A'ereme t'ereîkó xe remiarõ,"Rumby, xe rapîá"
arranjar,rung,ekyi ,rung
desinchar,rurunhyng,nhã; anhã2,rurunhyng
tremer,ryryi,amynyîutyba,ryryi
trêmulo,ryryi/a,aruru,ryryi/a
tremor,ryryia,apPk ,ryryia
São Filipe e São Tiago são os que devem ser honrados neste dia,"S Filipe, STiago kó 'ara i moetepyra","São Filipe, São Tiago kó 'ara i moetepyra","S Filipe, STiago kó 'ara i moetepyra"
São Pedro puxou a espada,S Pedro itangapema osekyî,S Pedro sobá resebé,S Pedro itangapema osekyî
São Pedro puxou a espada,S Pedro itangapema osekyî,S Pedro sobá resebé,S Pedro itangapema osekyî
"São Pedro puxou a espada, cortando sua orelha",S Pedro itangapema osekyî i nambi mondoka,S Pedro o atukupé reropu'am i nambi resebé,S Pedro itangapema osekyî i nambi mondoka
"São Pedro puxou a espada, ferindo um amigo do chefe, chamado Malco",S Pedro itangapema osekyî morubixaba rembiaûsuba Malko seryba'e apixapa,S Pedro o aîuba mondoki morubixaba Malko aîukábo,S Pedro itangapema osekyî morubixaba rembiaûsuba Malko seryba'e apixapa
"O dia de São Sebastião, em que ele morreu, os cristãos comemoram para se santificarem","S Sebastião 'ara, se'õagûera, cristãos oîmoeté oîemotupana","S Sebastião 'ara, se'õagûera, cristãos momoranga o nhemongaraibypyra resé","S Sebastião 'ara, se'õagûera, cristãos oîmoeté oîemotupana"
"São Tiago, primo de Jesus Cristo, Apóstolo, entregou sua cabeça e sua vida","S Tiago, Îesu Cristo ri'yra, Apóstolo, o akanga o ekobé me'engi","Îagûasupara, Îesu Cristo ri'yra, Apóstolo, o anga o ekobé me'engi","S Tiago, Îesu Cristo ri'yra, Apóstolo, o akanga o ekobé me'engi"
o que é (ou deve ser) medido,sa'angymbyra,i mombe'uporangymbyra,sa'angymbyra
começando a pronunciálo,sa'angypŷabo,iî ypyrung,sa'angypŷabo
pena,"saba (v aba (s, r, s)]",angekoam,"saba (v aba (s, r, s)]"
bêbado,sabeypora,ka'u,sabeypora
Perdendo o entendimento por causa de sua bebedeira,Sabeypora suí 'ara mokanhema,Anhanga pe'abo o 'anga i moxyryrykagûera resé,Sabeypora suí 'ara mokanhema
Perdendo o entendimento por causa de bebedeira,Sabeypora suí 'ara mokanhema,Îasytatá 'y arybé i akanga 'arybo,Sabeypora suí 'ara mokanhema
Também por embriaguez ficando a feriremse uns aos outros,Sabeypora suí bé oîoapixápixapa,Ikatu bé oîoa'omarangatûabo o îoupé oîuká potá,Sabeypora suí bé oîoapixápixapa
Também por embriaguez ficando a feriremse uns aos outros,Sabeypora suí bé oîoapixápixapa,Ikatu bé oîoa'omarangatûabo o îoupé oîuká potá,Sabeypora suí bé oîoapixápixapa
sabiá,sabiá,kuab # sei lá!: sé!,sabiá
o que é felpudo,sabiîuakytãba'e,i angaîpaba'e,i îatyrátyraba'e
Ela está afiada,Saembé,I 'ã,Saembé
apenas (= tão somente),sãi,anhõ; nhõte,sãi
Apenas não me fez morrer,Sãî na xe momanõî,N'aîukáî,Sãî na xe momanõî
Apenas não me faz morrer,Sa'ĩ na xe momanõî!,Na xe îukáî,Sa'ĩ na xe momanõî!
Apenas não me matou,Sa'ĩ xe îukae'ymi,Na xe îukáî,Sa'ĩ xe îukae'ymi
Apenas não me matou o terror ao nome da mãe de Deus,Sãî xe îukae'ymi Tupã sy rera abaîté,Na xe îukáî abá Tupã Tuba rera suí oîeangûabo,Sãî xe îukae'ymi Tupã sy rera abaîté
"Ele está azedo demais (lit, azedo de doer)",Saîasy,I mara'a tenhẽ,Saîasy
Ela embarrou nos seus ramos,Sakã resé i îepokoki,Iî apé serasóbo i kangûerĩ pupé,Sakã resé i îepokoki
ponta de galho,sakãpyra,ybyrá'ĩ,sakãpyra
macho,sakfiaimba'e,sakfiaimba'e,sakfiaimba'e
"o que tem pênis, macho",sakûãîba'e,i pene'õba'e,sakûãîba'e
Por seus rastros é que vamos,Sakypûera rupi é îasó,Iî aîuri nhẽ asé i xupé,Sakypûera rupi é îasó
"Estou atrás dele (isto é, no seu encalço)",Sakypûeri aîkó,Asapependûar,Sakypûeri aîkó
Vou atrás dele,Sakypûeri asó,Asapependûar,Sakypûeri asó
"Salve Rainha, nossa esperança",Salve Rainha oré îerobîasaba,"I moetepyrûer Roma, oré îerobîara",Salve Rainha oré îerobîasaba
"Salve Rainha, mãe de misericórdia","Salve Rainha, moraûsubara sy","I moetepyr Rorõana, Tupã syangaturama","Salve Rainha, moraûsubara sy"
"Salve Rainha, mãe de misericórdia, vida, a que é doce","Salve Rainha, moraûsubara sy, tekobé, se'ẽba'e","Îandé moingóbo Rorõana, moraûsubara sy, tekobé, karaimonhã","Salve Rainha, moraûsubara sy, tekobé, se'ẽba'e"
Pelo sinal da Santa Cruz livranos tu,Santa Cruz ra'angaba resé oré pysyrõ îepé,Santa Cruz rera oronheangerur,Santa Cruz ra'angaba resé oré pysyrõ îepé
Jejuar cada vez que a Santa Madre Igreja mandar jejuar,Santa Madre Igreja îekuakupûaîa îabi'õ îekuakuba,I 'upyra Santa Madre Igreja i 'ereme i 'u,Santa Madre Igreja îekuakupûaîa îabi'õ îekuakuba
Santa Maria está supondo a aproximação de seu parto,Santa Maria o membyrákakara omo'ãmo'ang,Santa Maria o membyramo oîerobîá,Santa Maria o membyrákakara omo'ãmo'ang
Santa Maria está pensando na aproximação de seu parto,Santa Maria o membyrákakara omo'ãmo'ang,Santa Maria o membyrasy îandubora resé,Santa Maria o membyrákakara omo'ãmo'ang
A Santa Maria o pecado não chegou,Santa Maria resé tekopoxy nd'obasemi,"Marãtekoarûera, angaîpaba nd'oîporaráî",Santa Maria resé tekopoxy nd'obasemi
Santa Maria é o nome dela,Santa Maria sera,"""Santa Maria"" sera",Santa Maria sera
a que tem nome Santa Maria,Santa Maria seryba'e,Santa Maria seryba'e,Santa Maria seryba'e
"Após fazer a São João Batista, seu primo, batizálo",São João Batista o i'yra pé onhemoîasukukar'iré,São João Batista nde ri'yra ereîmoîekosub'iré,São João Batista o i'yra pé onhemoîasukukar'iré
"São João criancinha, ao estar no ventre, ficou saltando","São João pitangĩ, tygépe o endápe oporoporĩ","São João pitangĩ, o sy rygépe o endápe oporoporĩ","São João pitangĩ, tygépe o endápe oporoporĩ"
"São João criancinha, estando no ventre, ao perceber tua vinda, ficou saltando","São João pitangĩ, tygépe o endápe, nde rura andupápe, o poroporĩ","São João pitangĩ, tygépe, nde rura andupápe, opopu'ama","São João pitangĩ, tygépe o endápe, nde rura andupápe, o poroporĩ"
"Após matarem a São Lourenço, que queimem em teu fogo","São Lourenço îuká ré, t'okaî nde ratá pupé","São Lourenço îuká ré, t'okaî nde ratá pupé","São Lourenço îuká ré, t'okaî nde ratá pupé"
ajudante de São Lourenço,São Lourenço pytybõana,São Lourenço pytybõana,São Lourenço pytybõana
Os antigos inimigos de São Lourenço,São Lourenço rupîarûera,São Lourenço sumarãû,São Lourenço rupîarûera
O bondoso São Lourenço guarda vossa terra,São Lourençoangaturama osarõ nhẽ pe retama,São Lourençoangaturama osarõ nhẽ pe retama,São Lourençoangaturama osarõ nhẽ pe retama
"O bondoso São Lourenço guarda vossa terra, elevandovos","São Lourençoangaturama osarõ nhẽ pe retama, pe mopu'ama","São Lourençoangaturama osarõ nhẽ pe retama, pe mopu'ama","São Lourençoangaturama osarõ nhẽ pe retama, pe mopu'ama"
"São Pedro, com seus companheiros, tomou São Matias como apóstolo",São Matias S Pedro o irũetá resebé tari apóstoloramo,São Matias S Pedro o irũetá resebé tari apóstoloramo,São Matias S Pedro o irũetá resebé tari apóstoloramo
"São Pedro, com seus companheiros, tomou como apóstolo a São Matias, após subir DeusFilho ao céu","São Matias, ybakype Tupã Ta'yra îeupir'iré, S Pedro o irũetá resebé tari apóstoloramo","São Matias, Tupã Ta'yra ybakype îeupir'iré, S Pedro o irũetá resebé tari apóstoloramo","São Matias, ybakype Tupã Ta'yra îeupir'iré, S Pedro o irũetá resebé tari apóstoloramo"
"São Sebastião também, o que cuidava das guerras, destruiu os tamoios, os valentes","São Sebastião abé, marana rerekoarûera, tamũîa, kyre'ymbagûera, omombab erimba'e","São Sebastião abé, marana rerekoarûera, tamũîa, kyre'ymbagûera, omombab erimba'e","São Sebastião abé, marana rerekoarûera, tamũîa, kyre'ymbagûera, omombab erimba'e"
companheiro de São Sebastião,São Sebastião irũ,São Sebastião suí,São Sebastião irũ
"São Sebastião destruiu os tamoios, os valentes","São Sebastião tamũîa, kyre'ymbagûera, omombab erimba'e","São Sebastião tamũîa, kyre'ymbagûera, omombab erimba'e","São Sebastião tamũîa, kyre'ymbagûera, omombab erimba'e"
amado,saOsupyra,xe raûsukatûabo,saOsupyra
sapé,sapé,sapatu,sapé
castrado,sapi'a'okypyra,iaby; ame,sapi'a'okypyra
castrado,sapi'a'ỹî'okypyra,iaby; ame,sapi'a'okypyra
Levando uma outra semelhante a ela,Sapixara rerasóbono,I îaroketé rupîara rerasóbono,Sapixara rerasóbono
raiz,"sapó [v apó (s, r, s)]",(variedades): aty; gílakagílasu etc galho,"sapó [v apó (s, r, s)]"
lombriga,sapoaiobaia; telkíiatatina longe,(variedades): karapuku; urupé etc coisa,sapoaiobaia; telkíiatatina longe
raízes angulosas (nome de lugar),sapopema,ybyrá,sapopema
"raiz fedorenta, SAPOREMA, doença que ataca as plantas",sapórema,karukasy,sapórema
bradar,sapukai,nhe'enga,sapukai
repentinamente,sapy'a; esapy'a,yby,sapy'a; esapy'a
espiga dele,sara,a'e enõi,sara
rio dos sarapós,sarapó 'y,sarapó 'y,sarapó 'y
"Sarauaia, vem para beber cauim","Saraûaî, îori ekagûabo","Saraûaî, îori kaûĩ 'u","Saraûaî, îori ekagûabo"
"Após vir Sarauaia, destruiremos a aldeia, como de costume","Saraûaîa rur'iré, îamombá taba îandune",Saraûaîa supé îasóbo taba apamonana,"Saraûaîa rur'iré, îamombá taba îandune"
gambá,sarigfieia,aka,sarigfieia
"Não faz efeito, às vezes, nosso remédio",Sarûab amõme asé posangygûaba,"N'i tybi mba'e amõ, amõme îandé posanonga",Sarûab amõme asé posangygûaba
"Não faz efeito, às vezes, nosso remédio, fazendo avivar mais a doença","Sarûab amõme asé posangygûaba, mara'ara moîerobubéuká","I îá, amõme, asé posangygûaba nd'e'i omonã, mara'ara moîerebéne","Sarûab amõme asé posangygûaba, mara'ara moîerobubéuká"
"Não faz efeito, às vezes, nosso remédio, fazendo avivar mais a doença, às vezes por sua ineficácia em afastála","Sarûab amõme asé posangygûaba, mara'ara moîerobubéuká, amõme i pe'arunga o arûabíreme","I îeakypûera amõme asé posangygûaba, mara'ara moîereba'e amõme i pe'arunga o arûabíreme","Sarûab amõme asé posangygûaba, mara'ara moîerobubéuká, amõme i pe'arunga o arûabíreme"
Está impedido também o homem de casar com os que sua irmã gera,Sarûaby bé o endyra remimonhanga resé abá mendara,A'e bé o emirekó mũ resé abá n'omendari,Sarûaby bé o endyra remimonhanga resé abá mendara
o cacho delas,saryba,i apysyk,saryba
Dói a separação de nossa alma de nosso corpo,Sasy asé 'anga asé reté suí i îa'oka,Asé 'anga asé ro'o resé i kûáî,Sasy asé 'anga asé reté suí i îa'oka
"Ai, eis que é muito doloroso o que eu sofro perto do diabo!",Sasy iang xe remimborará anhanga pyri hegûé!,Sasy iang xe remimborará anhanga pyri mã!,Sasy iang xe remimborará anhanga pyri hegûé!
"Eis que é penoso, certamente, remar canoa",Sasy nakó ygápukuîa,Sasy nakó ygápukuîa,Sasy nakó ygápukuîa
"É penoso, de fato, remar canoa",Sasy nakó ygápukuîa,Sasy nakó ygápukuîa,Sasy nakó ygápukuîa
"É doloroso deixar o vício, a vida má, contudo, depois disso, o homem consolase muito","Sasy tekopoxy, tekomemûã pe'a biã, aûîeté a'e roîré abá apysykaturamo","Sasy tekopoxy, tekomemûã pe'a biã, aûîeté a'e roîré abá îeapyka","Sasy tekopoxy, tekomemûã pe'a biã, aûîeté a'e roîré abá apysykaturamo"
"Dóime a cabeça (e não o corpo na qual ela está, que não participa do processo descrito pelo verbo)",Sasy xe akanga xe suí,Xe akanga,Sasy xe akanga xe suí
Dói muito ao homem perceber sua morte,Sasyeté abá supé ogûe'õnama anduba,Iîabaíbeté abá supé ogûe'õnama anduba,Sasyeté abá supé ogûe'õnama anduba
É muito doloroso não vir fulano ao meu chamado,Sasyeté ahẽ osóbo  É doloroso irse fulano Sasyeté ahẽ oure'yma ixé o enõîndápe,I abaíbeté xe nhe'enga 'arybo nhẽ xe nhe'enga,Sasyeté ahẽ osóbo É doloroso irse fulano Sasyeté ahẽ oure'yma ixé o enõîndápe
"Eis que sofrem muito, tendo sua vida envergonhada",Sasyeté niã ogûekomara'ara reroína,"Emonã ogûekomara'ara reroína, îekûáîamo o ekobé rerekóbo",Sasyeté niã ogûekomara'ara reroína
Eis que sofrem muito os que Deus repeliu,Sasyeté niã Tupã remipe'apûera,Kó Tupã remipe'apûera oîporará,Sasyeté niã Tupã remipe'apûera
"Eis que sofrem muito os que Deus repeliu, tendo sua vida envergonhada","Sasyeté niã Tupã remipe'apûera, ogûekómara'ara reroína","Ko'yte, Tupã remipe'apûera, tekomemûã pupé o ekó, oîporará sosé","Sasyeté niã Tupã remipe'apûera, ogûekómara'ara reroína"
"Eles são, realmente, muito fortes",Satãngatute nipó,I pyatãeté,Satãngatute nipó
Tendolhe amor,Saûsuba rerekóbo,Amombiaryîar,Saûsuba rerekóbo
"Seus amigos, os franceses, pólvora trouxeram em vão","Saûsupara, aîuruîuba, mokaba ogûeru tenhẽ","I irũ, aîuruîuba, mokaba ogûeru é","Saûsupara, aîuruîuba, mokaba ogûeru tenhẽ"
"Seus amigos, os franceses, trouxeram armas de fogo em vão","Saûsupara, aîuruîuba, mokaba ogûeru tenhẽ","I irũ, aîuruîuba, mokaba ogûeru","Saûsupara, aîuruîuba, mokaba ogûeru tenhẽ"
acalmar,se,Îandé moapysyk,monhyrõ
acomodar,se,ekyi (s); (puxar por corda): samysyk; motyk,se
adiantar,se,kokaba,se
admirar,se,momiafisub,se
adornar,se,moiegfiak,se
agitar,se,Îamopysasu,se
ajuntar,se,monhopa'ümondoar; moioparab; mopa'ü,irumõ
alegrar,se,"oryb (r, s) [ v oryba (t)]",se
angustiar,se,anhanga ratá,se
apartar,se,(intr): nheapumi; nhepumi; (tr): pumi; 'apiramõ,se
apoiar,se,kok,kok
apressar,se,anhe,moanhe
aproximar,se,Aîapengok,se
aquietar,se,Îandé moapysyk,se
arrastar,se,ekyi ,se
arrebentar,se,moebykatã,se
arrepender,se,angekoam,se
arrepiar,se,amotare'yma,se
aspergir,se,andub,se
atolar,se,moaiu,se
avermelhar,se,aió,se
batizar,se,mongaraíb,se
benzer,se,abyare'ymja,se
calar,se,Îandé kyriri,se
cansar,se,púerai,mokane'õ
casar,se,momendar,se
consolar,se,(intr): nheran; nhemobabak; (tr,se
rurv::ir,se,mo}'rõ; moabaeté1,se
derramar,se,moakub; pé (,se
descalçar,se,(intr): nheapumi; nhepumi; (tr): pumi; 'apiramõ,se
desgrudar,se,moabaité,se
desmanchar,se,moaiu,se
divertir,se,morypaba (v mboryb),se
elevar,se,ityk,se
embebedar,se,moasy,mondabeypor
emendar,se,moakasãi,se
encolher,se,nhã; anhã2,se
encostar,se,Îandé moîegûaka,se
enfeitar,se,moiegfiak,moiegiiak
enfurecer,se,moabaité,se
enraivecer,se,moabaité,se
entregar,se,moiebyr; eroiebyr; me'engyieby devorar,se
entristecer,se,angekoam,se
envergonhar,se,nhemote'õ,se
erguer,se,ityk,mopu'am; upir (s)
esconder,se,(intr): nheran; nhemobabak; (tr,se
esforçar,se,ikó ekó,se
espreguiçar,se,mokong,se
esquecer,se,Îandé ma'enduar,se
esquentar,se,moepy,se
estirar,se,mokong,moatã
fartar,se,mundeoka,se
fender,se,apek (s),(intr): puk; (tr): mobok
frustrar,se,erekomemfiã,se
furar,se,manhana,se
gastar,se,kutuk,mombab; mongôy
humilhar,se,ioapiti; paba (mb); porapiti (m) matar,se
inclinar,se,(variedades): sebo'i; turuygíiera; ura; ybyrapeasoka; ybyrasoka; tasoka; iaruma'i; taburaá etc,se
indignar,se,angekoam,se
interessar,se,angerasó,se
juntar,se,aman; apixab; apixab,se
levantar,se,(tr): pepyr; poká; (torcer como corda): pomombyk; (torcer mão ou pé): mongaraú; (intr): iekundab; ie'ab; (mão ou pé): nhe mongaraú,mopu'am; upir (s)
mexer,se,kokaba,pukui
molhar,se,andub,se
mover,se,Aîapŷuban,se
ocultar,se,(intr): nheran; nhemobabak; (tr,se
ofender,se,moiegfiak,se
ornar,se,kutuk,se
pentear,se,ñabok,abyky
perder,se,moting,se
pintar,se,moiegfiak,se
preocupar,se,tembiara,se
quebrar,se,moaiu,se
queixar,se,apysyk (v apysyka),se
rasgar,se,moabaité,se
revelar,se,esapé (s); moendy,se
revirar,se,Aîapengok,se
romper,se,moaiu,mondorok; ká (
sentar,se,apykaba,se
separar,se,mbo'ir; moia'ok,pe'a; mbo'ir; mombo'ir
soltar,se,(intr): nheapumi; nhepumi; (tr): pumi; 'apiramõ,mosem; erab
unir,se,ioaüsuba,se
voltar,se,iebyr # voltar com; fazer voltar consigo: eroiebyr,iebyr # voltar com; fazer voltar consigo: eroiebyr
zangar,se,morerekoara,se
Ele é gostoso,Sé,I 'aysyk,Sé
pretejar,se (= pintar,kokaba,se (= pintar
compadecer,se (de),angekoam,se (de)
Sei lá!,Sé ruã!,Na xe tekokuabi,Sé ruã!
A gente não se esquece do que é saboroso só na aparência,Seba'ea'uba nhote resé asé na sesaraî,Îasepîak îepé mba'ekatu amõ resé é asé na sepîaki,Seba'ea'uba nhote resé asé na sesaraî
Esbofeteei suas nádegas,Sebira aîpetek,Aîpimomemûã,Sebira aîpetek
Vai fartando a mim (a comida),Sebysebykĩ ixébo,Aîporaká,Sebysebykĩ ixébo
Ralandoo,Seébo,Aîepysyrõ,Seébo
Ela é salobra,Se'ẽbyk,I îepe'amobokaba,Se'ẽbyk
Ele está salgado demais,Se'ẽmoxy,Paranãtuîa aîur,Se'ẽmoxy
Acaso o que será deixado é tudo?,Seîarypyrama ruãtepe mba'e tetiruã kûáî?,Aîpó opá mba'e îaîbasemagûama ruã?,Seîarypyrama ruãtepe mba'e tetiruã kûáî?
o que tem ponta em forma de nádegas,seîkûaratĩba'e,Iî kabatĩ,seîkûaratĩba'e
"Em troca de sua criação, deilhe outra",Seîmbaba rekobîáramo amõ aîme'eng i xupé,"I xuí i moîa'ok, i me'engi amõ",Seîmbaba rekobîáramo amõ aîme'eng i xupé
Confessarse a cada ano,Seixu îabi'õ nhemombe'u,Aîmoîarûab 'ara,Seixu îabi'õ nhemombe'u
confessarse a cada ano,Seîxu îabi'õ nhemombe'u,seîxu îabi'õ nhemombe'u potara,Seîxu îabi'õ nhemombe'u
Sua lei pôs ordem em nossa antiga vida má,Sekó omongaturõ îandé rekópoxypûera,I 'angaíba asé rekóû omoporanga,Sekó omongaturõ îandé rekópoxypûera
É usual os bons homens tratarem bem as pessoas,Sekoab apŷabangaturama i porerekókatu,Sekoab apŷabangaturama i porerekókatu,Sekoab apŷabangaturama i porerekókatu
Élhe natural a valentia,Sekoaba é kyre'ymbaba,I abaeté Ele é,Sekoaba é kyre'ymbaba
"É natural dele (pex, um sinal que tem no rosto, que sempre ali esteve, que sempre foi assim e não é coisa nova)",Sekoaba nhẽ,Sekoaba nhẽ,Sekoaba nhẽ
É o modo de ser deles? (ou É natural deles?),Sekoaba nhẽpe?,Marãeté'ĩpipó sekóû?,Sekoaba nhẽpe?
O que é comum é aquela mulher esmagar nossas cabeças,Sekoaba'e kûé kunhã oré akanga i apiti,Kunhã asé akanga i apiti,Sekoaba'e kûé kunhã oré akanga i apiti
O que é comum é aquela mulher quebrar em pedaços nossas cabeças,Sekoaba'e kûé kunhã oré akanga i apiti,Mba'e îabi'õ kunhã oré akanga resé îaîpysykyba'e,Sekoaba'e kûé kunhã oré akanga i apiti
"O que é comum é aquela mulher espedaçar nossas cabeças, ficando a derrubarnos",Sekoaba'e kûé kunhã oré akanga i apiti oré moaparápará,"Sekoaba'e kûé kunhã oré akanga i mondaba'e, oré moapŷabo",Sekoaba'e kûé kunhã oré akanga i apiti oré moaparápará
"De costume, eu não ando a estas horas",Sekoabanhẽ nãnyme xe gûatae'ym,Sekoabanhẽ nãnyme xe sóû,Sekoabanhẽ nãnyme xe gûatae'ym
como retribuição por seu procedimento,sekoagûera repyramo,temimotara rekobîarõmo,sekoagûera repyramo
Está pronto o goitacá ou o filho do guaianá?,Sekoaûîépe gûaîtaká koîpó gûaîanã ra'yra?,Erenhemombe'upe gûaîtaká koîpó gûaîbĩ ra'yra?,Sekoaûîépe gûaîtaká koîpó gûaîanã ra'yra?
Está pronto o guaitacá ou o filho do guaianá?,Sekoaûîépe gûaîtaká koîpó gûaîanã ra'yra?,Sekoaûîépe gûaîtaká koîpó gûaîanã ra'yra?,Sekoaûîépe gûaîtaká koîpó gûaîanã ra'yra?
Está pronto o guaitacá?,Sekoaûîépe gûaîtaká?,Osekyîpe gûaîtaká?,Sekoaûîépe gûaîtaká?
Eu sou acostumado,Sekoba'e ixé,Aîepîakukar,Sekoba'e ixé
Também queima vivo para sempre,Sekobé abé okaî aûîeramanhẽ,A'e abé o'a sekóû aûîeramanhẽ,Sekobé abé okaî aûîeramanhẽ
Interessandose também por sua felicidade,Sekobekaturama resé bé onhemboryryîa,Sekobekaturama resé bé onhemoryryîa,Sekobekaturama resé bé onhemboryryîa
Deio em troca,Sekobîaramo aîme'eng,Aîme'eng sepypûera endébo,Sekobîaramo aîme'eng
Devem ser substituídos a esposa ou o marido verdadeiros que estão em vossas residências?,Sekobîarõmbyrape temirekoeté koîpó meneté pe retãmendûara?,Sekobîarõmbyrape temirekoeté koîpó meneté pe retãmendûara?,Sekobîarõmbyrape temirekoeté koîpó meneté pe retãmendûara?
Deve ser substituída a esposa verdadeira?,Sekobîarõmbyrape temirekóeté?,Sekobîarõmbyrape o emirekó reséne?,Sekobîarõmbyrape temirekóeté?
"Sua vida bondosa tendo, nossa alma regozijase","Sekókatu rerekóbo, îandé 'anga îekosubi","Tekókatu rerekóbo, îandé 'anga îekosubi","Sekókatu rerekóbo, îandé 'anga îekosubi"
Não querendo sua infelicidade,Sekomemûã potare'yma,Nde moesãîa potare'yma,Sekomemûã potare'yma
"Seus antigos pecados fazendo estar diante deles, seus furtos também",Sekomemûãagûera serekóbone sobaké bé i nhemondá bé,I angaîpaba'e o îoesé o îara abé oîmoîa'ok,Sekomemûãagûera serekóbone sobaké bé i nhemondá bé
Ficando a repreendêlo por ocasião de seu erro,Sekomemûãneme senonhẽnonhena,I angaîpaba mombegûabo,Sekomemûãneme senonhẽnonhena
Fazendo vir à tona seus atos escondidos,Sekónhemima monduîa,I angaîpaba mombegûabo,Sekónhemima monduîa
De sua vida má nos afastando,Sekópoxy suí îandé reîyîa,Sekóangaîpaba suí îandé pysyrõmo,Sekópoxy suí îandé reîyîa
A bondade de sua vida em mim se fortaleça,Sekopûera angaturama xe resé t'oîeratã,I angaturama xe moingatûabo,Sekopûera angaturama xe resé t'oîeratã
Mas sua vida é muito má,Sekóte i poxyeté,Sekóte i poxyeté,Sekóte i poxyeté
sair,sem,iabab; nhegílasem; kanhem # fugir com; fazer fugir consigo: eroiabab,sem
saída,sema,ieporakasó,sema
o que tem beiço grande,sembegûasuba'e,i popebusu,sembegûasuba'e
o que apanha o que ele matou,semiîukapûera rasara,Îeporakasara morapitîarûera,semiîukapûera rasara
"Os que ele torna padres e seus substitutos na missa tomam o pão em suas mãos, benzendoo",Semimboabaré sekobîara bé missa pupé miapé rari o pópe sobasapa,"Abaré moingobéera, missa pupé i aso'îara miapé rari o pópe sobasapa",Semimboabaré sekobîara bé missa pupé miapé rari o pópe sobasapa
"Sou íntimo deles, isto é, sou o que eles honram",Semimoetéramo aîkó,I kangûeramo aîkó,Semimoetéramo aîkó
Faremos o que ele fez,Semimonhangûera îamonhangyne,Îamõ îaîmoîa'ubi,Semimonhangûera îamonhangyne
Sua mãe o pôs no lugar onde estava a manjedoura deles,Semi'uru rupápe i xy i nongi,I xy i nongi mboîa kama pupé,Semi'uru rupápe i xy i nongi
"Eles mentem, um de cara para o outro","Semo'ẽ, oîobaúpa",Aîo'o îo'o,"Semo'ẽ, oîobaúpa"
Eles mentem de cara um para o outro,"Semo'ẽ, oîobaúpa","îo'o / o'o (r, s)","Semo'ẽ, oîobaúpa"
a sela dele,sendaba,iî apé,sendaba
o que tem barba ruiva,sendybaáîuba'e,i agûasá pora,sendybaáîuba'e
canto dela,sendybangã,nhe'engar,sendybangã
Ele morre,Se'õ,Se'õ,Se'õ
"Em caso de divulgação de sua morte, o próprio padre responsável por ele que o julgue","Se'õagûera rerapûaneme, abaré serekoara aé t'osekokuab","I mara'aragûera kuapa, t'onhemombe'u abaré serekoara","Se'õagûera rerapûaneme, abaré serekoara aé t'osekokuab"
O que reflete sobre sua morte,Se'õagûera resé onheangerekoba'e,Se'õagûera mombe'uporang,Se'õagûera resé onheangerekoba'e
Por sua morte DeusPai bem perdoa a nós?,Se'õagûera resépe Tupã tuba nhyrõngaturamo asébo?,"Îesu îekyî meémo, Tupã nhyrõngaturamo asébo?",Se'õagûera resépe Tupã tuba nhyrõngaturamo asébo?
a vista dele,sepîaka,sepîaka,sepîaka
"Vendoo, somente, é como pão",Sepîaka nhõ miapé berame'ĩ,Asepîakĩ miapé,Sepîaka nhõ miapé berame'ĩ
"É visto, com efeito, que ela conserva a incorruptibilidade dos cadáveres daqueles",Sepîakypyra niã aîpoba'e re'ombûera o marane'yma rerekó,I pupé se'õmbûera o marane'yma rerekóbo,Sepîakypyra niã aîpoba'e re'ombûera o marane'yma rerekó
Eis que são vistos os cadáveres daqueles manterem sua incorruptibilidade,Sepîakypyra niã aîpoba'e re'õmbûera o marane'yma rerekó,Kó se'õmbûera o marane'yma rerobasema,Sepîakypyra niã aîpoba'e re'õmbûera o marane'yma rerekó
São vistos os cadáveres daqueles manterem sua incorruptibilidade três ou quatro anos após os enterrarem,Sepîakypyra niã aîpoba'e re'ombûera o marane'yma rerekó mosapyr koîpó oîoirundyk seîxu ybŷá o tym'iré,Aîpó seté re'õmbûera o marane'yma rerekóbo mosapyr koîpó oîoirundyk seîxu ybŷá o tym'iré,Sepîakypyra niã aîpoba'e re'ombûera o marane'yma rerekó mosapyr koîpó oîoirundyk seîxu ybŷá o tym'iré
"Ele está enferrujado, ele tem ferrugem (pex, o ferro)",Sepoti,"Îaîur, i potaba",Sepoti
quando ele defeca,sepotireme,ka'a,sepotireme
"Em reparação disso, mudastete de aldeia","Sepyápe, ereîakasó",Aîpó resé ereîemomotá,"Sepŷápe, ereîakasó"
"Em reparação disso, mudastete de aldeia","Sepŷápe, ereîakasó",Aîpó resé ereîemomotá,"Sepŷápe, ereîakasó"
quando ele peida,sepynõneme,i mosẽmemûãmo,sepynõneme
Sua remissão foi meu encargo,Sepyrama xe pûaîtaba,Nde remimotara xe rekorama,Sepyrama xe pûaîtaba
Sua remissão foi minha determinação,Sepyrama xe pûaîtaba,I ku'a nhẽ xe rekopotasaba,Sepyrama xe pûaîtaba
A morte estava dentro deles como sua pena,Sepyramo é anhẽ te'õ rekóû i pupé,Îesu îekyî i moasysaba rupi,Sepyramo é anhẽ te'õ rekóû i pupé
São famosos esses moçacaras,Serapûã kó mosakara,kunumĩgûasuatãba'e,Serapûã kó mosakara
Os furtos de fulano são famosos,Serapûan ahẽ mondá,Aîpó abá mondá kuapa,Serapûan ahẽ mondá
"É famosa Guaraparim, tendo uma igreja","Serapûan Gûaraparĩ, Tupãoka rerokupa","Îandé moingóbo, Tupãokygûara rerekóbo","Serapûan Gûaraparĩ, Tupãoka rerokupa"
"São famosos esses moçacaras, que são uns beberrões","Serapûan kó mosakara, i kaûĩgûasuba'e",kunumĩgûasu kuapamo,"Serapûan kó mosakara, i kaûĩgûasuba'e"
"São famosos esses moçacaras, que esgotam verdadeiramente o cauim","Serapûan kó mosakara, kaûĩ mboapŷareté","Îasûá kó mona, kaûĩ pûapẽnhẽ","Serapûan kó mosakara, kaûĩ mboapŷareté"
"o que tem fama, o que é famoso",serapûanyba'e,i mombe'ukatupyryb,serapûanyba'e
Estando como seu guardião (ou sendo seu guardião),Serekoaramo ûitekóbo,"Marani n'oîkóî îepé, ereropûar ybyrá nde remimotara rupi",Serekoaramo ûitekóbo
"o que é viúvo, o viúvo",seremirekoe'õba'e,menõmbyra,seremirekoe'õba'e
"Tão logo ao ouvir o nome dela, em outra parte eu me escondo",Serenduba rupibé amongoty xe nhemimi,I rera rendupa abé amongoty xe nhemimi,Serenduba rupibé amongoty xe nhemimi
Logo ao ouvir o nome dela eu me escondo em outra parte,Serenduba rupibé amongoty xe nhemimi,I rera rendupa abé amongoty xe nhemimi,Serenduba rupibé amongoty xe nhemimi
Ser chamado ladrão é característica do homem mau,Sereroĩmbyra abámondá apŷabaíba rekoaba é,Abámondá morangûera angaîpaba a'e i momondarõ,Sereroĩmbyra abámondá apŷabaíba rekoaba é
"a descida dele (pex, de um monte)",seroapy'ambaba,gíleiyb # descer com; fazer descer con sigo: erogileiyb,seroapy'ambaba
A gente morrerá com sua crença também?,Serobîara bépe asé ogûeromanõne?,Oîe'õ bépe asé a'e rerobîara?,Serobîara bépe asé ogûeromanõne?
Por causa de sua crença nele não duvidando,Serobîara resé o akasange'ymamo,"I xupé oîerobîábebuîa, i aby'are'yma",Serobîara resé o akasange'ymamo
aquele em quem se deve acreditar,serobîarypyra,I îerobîarypyra,serobîarypyra
"Os que não acreditavam nele trabalharam em conjunto, ficando a flechálo",Serobîasare'yma potyrõû iî ybõîybõmo,"I serobîasare'yma potyrõû, i momarana",Serobîasare'yma potyrõû iî ybõîybõmo
"Os que não acreditavam nele trabalharam em conjunto, ficando a flechálo",Serobîasare'yma potyrõû iî ybõîybõmo,"I serobîasare'yma potyrõû, i momarana",Serobîasare'yma potyrõû iî ybõîybõmo
"Os que não criam nele trabalharam em conjunto, ficando a flechálo","Serobîasare'yma potyrõû, iî ybõîybõmo","I serobîasare'yma potyrõû, sesé opyta","Serobîasare'yma potyrõû, iî ybõîybõmo"
"a descida dele (pex, de um monte)",serogûeîypaba,gíleiyb # descer com; fazer descer con sigo: erogileiyb,seroapy'ambaba
Os pagãos esfolaram São Bartolomeu,Serokypyre'yma São Bartolomeu piroki,São Bartolomeu apŷabapyî,Serokypyre'yma São Bartolomeu piroki
Sendo também odiados,Seroŷrõmbyramo oîkóbo bé,Îandé resé bé i mombe'u,Seroŷrõmbyramo oîkóbo bé
Detestandoos mais que tudo o que deve ser lamentado e o que se deve detestar neste mundo,"Seroŷrõmo opakatu ikó 'ara pupé i moasypyra, seroŷrõmbyra sosé",Aîmoŷrõ nde suí opakatu ikó 'ara pupé xe moŷrõmbyra sosé xe moŷrõmbyra sosé,"Seroŷrõmo opakatu ikó 'ara pupé i moasypyra, seroŷrõmbyra sosé"
Detestandoos mais que tudo o que se deve detestar neste mundo,Seroŷrõmo opakatu ikó 'ara pupé seroŷrõmbyra sosé,Aîmoŷrõ nde suí opakatu ikó 'ara pupé i moŷrõmbyra sosé,Seroŷrõmo opakatu ikó 'ara pupé seroŷrõmbyra sosé
"Tomando o diabo, o maldito fica pisando","Serubu rá, muru ri opurũpurung","Anhanga rerasóbo, anhanga onhana","Serubu rá, muru ri opurũpurung"
o que é cego,sesabyba'e,sesabyba'e,sesabyba'e
A seus olhos eu hei de estar,Sesápe xe rekóû re'ĩ,Aîpó xe repîaka'upa,Sesápe xe rekóû re'ĩ
o que tem olhos que são luxuriosos,sesáporopotaryba'e,I resáporopotaryba'e,sesáporopotaryba'e
Acaso Deus tem vista aguda para me ver?,Sesapysó a'upe é Tupã xe repîaka?,Xe resapysó a'upe é Tupã?,Sesapysó a'upe é Tupã xe repîaka?
"Sua vista aguda desaparece, tapandose seus ouvidos","Sesapysopûera kanhemi, iî apysaká oîe'obo","Sesapysopûera kanhemi, i nhe'enga apypyki","Sesapysopûera kanhemi, iî apysaká oîe'obo"
Fachos para iluminar o caminho pela escuridão,Sesaý pytumimbyka rupi pé resapébo,Ysysaý putumimbyka rupi pé resapébo,Sesaý pytumimbyka rupi pé resapébo
Os homens batem nele à tua vista,Sesé abá pûari nde resápe nhẽ,Apŷaba nde resé i moîoîá,Sesé abá pûari nde resápe nhẽ
Nele as pessoas batem à tua vista,Sesé abá pûari nde resápe nhẽ,A'epe abá nde kuauká,Sesé abá pûari nde resápe nhẽ
"Nela (isto é, na cruz) morrendo crucificado",Sesé i moîarypyramo omanõmo,A'epe i moîarypyramo omanõmo,Sesé i moîarypyramo omanõmo
"Como símbolo de sua união com ela, temos o casamento",Sesé i nhemonanagûera ra'angabamo mendá îarekó,I mombe'ukatupyramo t'îamendar,Sesé i nhemonanagûera ra'angabamo mendá îarekó
"Comemoramos este dia, lembrandonos do tempo em que nôla fizeram alcançar",Sesé îandé moîekosupagûera resé îandé ma'enduaramo kó 'ara îaîmoeté,"Kó 'ara îaîmoeté, 'ara ogûeapyrûere'yma momoranga",Sesé îandé moîekosupagûera resé îandé ma'enduaramo kó 'ara îaîmoeté
Hás de confessar primeiro tua atração por eles,Sesé nde nhemomotaragûera ranhẽ t'ereîmombe'u,Nde ranhẽ temonã sekó ereîkuá,Sesé nde nhemomotaragûera ranhẽ t'ereîmombe'u
Com eles aliome,Sesé nhẽ aîekotyá,Aîopyk ã sekó,Sesé nhẽ aîekotyá
Somente com Ele os olhos dos homens se satisfazem no céu,Sesé nhõ abá resá apysykamo ybakype,Abá resápe nhote i poraûsubane,Sesé nhõ abá resá apysykamo ybakype
"Por causa disso, somente, Deus os fez ser diabos",Sesé nhõ Tupã i moingóû Anhangamo,Nd'e'i te'e Tupã i moingóû anhanga suí,Sesé nhõ Tupã i moingóû Anhangamo
Cada vez que se lembra dela,Sesé o ma'enduara îabi'õ,Memẽ îepi i ma'enduar,Sesé o ma'enduara îabi'õ
A respeito dele lembrandose,Sesé oma'enduaramo,Aîmombe'u,Sesé oma'enduaramo
"Com eles não se misturando, não querendo, igualmente, seu modo de ser","Sesé onhemonane'yma, oîabé sekó potare'yma","N'i arõî, n'i potare'ymi bé, omarane'ymamo","Sesé onhemonane'yma, oîabé sekó potare'yma"
Vou com ele,Sesé orosó,Asó ahẽ irũmo,Sesé orosó
Com eles os animais e os pássaros ajuntarei para destruílos,Sesé so'o gûyrá aîmoîese'a i mokanhemane,"Aîmoîese'ar umûãmo so'o gûyrá supé, aîmoîese'a",Sesé so'o gûyrá aîmoîese'a i mokanhemane
Por ter ele esperança nela e em Deus,Sesé Tupã resé bé o îerobîasápe,"I xupé, Tupã resé bé oîerobîá",Sesé Tupã resé bé o îerobîasápe
São muitas as coisas que são causa de impossibilitar os casamentos,Setá mba'e mendara moabaipaba,Mendara omoarûabeté,Setá mba'e mendara moabaipaba
"É muito, com efeito, o grande zelo",Setá nhẽ kunu'umusu,"Anhẽ, kane'õ aîub",Setá nhẽ kunu'umusu
"São muitas, com efeito, as grandes igaçabas",Setá nhẽ ygasabusu,Aîmomba'etétekatunhẽ,Setá nhẽ ygasabusu
São muitas as grandes igaçabas,Setá nhẽ ygasabusu,I îugûasu ygara,Setá nhẽ ygasabusu
Serão muitos os fatos que assustarão as pessoas,Setá tekó oporomondyîba'ene,I îurupari kó tekó oporomondyîba'ene,Setá tekó oporomondyîba'ene
"Eram muitos, mesmo, todos os que diziam isso",Setá tenhẽ erimba'e opab aîpó 'îarûera,Setá tenhẽ erimba'e opab aîpó 'îarûera,Setá tenhẽ erimba'e opab aîpó 'îarûera
Eram muitos mesmo todos os que diziam isso,Setá tenhẽ erimba'e opab aîpó 'îarûera,I nhe'eregûasu ahẽ aîpó o'îabo,Setá tenhẽ erimba'e opab aîpó 'îarûera
"Eram muitos, para se revezarem uns aos outros nisso, ficando cansados","Setá, sesé oîopurupurûabo o kane'õne'õnamo","I turusu, oîemoabangá, oîeaibok","Setá, sesé oîopurupurûabo o kane'õne'õnamo"
"O nome da terra deles é Mboijy, ali assandoos e comendoos","Setama rera Mboîy, a'epe i moîypa, i gûabo","Setama rera Mboîy, a'epe i pŷabo, i gûabo","Setama rera Mboîy, a'epe i moîypa, i gûabo"
em sua terra,setãme,iî aigûyra rupi nhẽ,setãme
A gente se batiza muitas vezes?,Setápe asé nhemongaraíbi?,Setápe asé nhemongaraíbi?,Setápe asé nhemongaraíbi?
De maneira nenhuma,Setápe asé nhemongaraíbi?  Aani  A gente batizase muitas vezes?,aan ipó re'a,Setápe asé nhemongaraíbi? Aani A gente batizase muitas vezes?
"Eram muitos os que estavam a castigálo? Eram muitos, ficando a revezarse uns com os outros nisso","Setápe i nupãnupãsara? Setá, sesé oîoporuporûabo","Setá serekomemûãsara i apŷabetá, sesé oîoamotare'ymamo","Setápe i nupãnupãsara? Setá, sesé oîoporuporûabo"
São muitos os peixes que são gostosos?,Setápe pirá seba'e?,Setápe pirá katu?,Setápe pirá seba'e?
"o que é raro, poucas vezes visto ou que se não acha a cada passo",setapokãba'e,"Na sepîakiibe'yma, na sa'angyî, na supi ruãte",setapokãba'e
Seu corpo somente verão,Seté anhõ osepîakyne,Seté anhõ osepîak,Seté anhõ osepîakyne
Ficaram fazendo ferimentos em seu corpo todo?,Seté îakatupe ybŷá i moperéperebi?,Opá serã erimba'e i mo'ẽuká?,Seté îakatupe ybŷá i moperéperebi?
Fizeram feridas por seu corpo todo?,Seté îakatupe ybŷá i moperéperebi?,Osẽpe amõ i xuí?,Seté îakatupe ybŷá i moperéperebi?
"Mataram seus corpos, mas suas almas foramse para encontrar a vida que não acabará","Seté îukáû, i 'angate oîeoî tekobé opaba'erame'yma ri oîekosupa","Seté kanhemi, i py'a ûiîekûabeté tekobé opaba'erame'yma ri oîekosupa","Seté îukáû, i 'angate oîeoî tekobé opaba'erame'yma ri oîekosupa"
"o que tem corpo, o que é corpóreo",seteba'e,i kéba'e,seteba'e
Não verão sequer seu corpo brilhante?,Setéberaba tiruãpe n'osepîaki xûéne?,Og ugûera tiruãpe n'asepîaki xûéne?,Setéberaba tiruãpe n'osepîaki xûéne?
Esbofeteando suas faces,Setobapé sosoka,Aîkytyngok,Setobapé sosoka
São numerosos os que não são conhecidos,Se'yî i kuabypyre'yma,I kuabypyre'yma setá,Se'yî i kuabypyre'yma
"São muitos os não conhecidos que Deus somente, o criador deles, conhece",Se'yî i kuabypyre'yma Tupã i monhangara remingûaba nhõ,"I kuabyeté Tupã anhõ o monhangara tekokuabe'yma, o monhangapyramo nhõ sekóû",Se'yî i kuabypyre'yma Tupã i monhangara remingûaba nhõ
São numerosos os que te procuram,Se'yî nde rekasara,Setá nde rekasara,Se'yî nhẽ nde rekasara
São numerosos os que te procuram,Se'yî nhẽ nde rekasara,Setá nde rekasara,Se'yî nhẽ nde rekasara
ida,só,mo}'rõ; moabaeté1,só
ir,só,mo}'rõ; moabaeté1,só
quase,só; sfter,oioirundyk,só; sfter
Ela tem folhas,Sob,Iî ybyrábyĩ,Sob
Em seu rosto ficando a cuspir,Sobá resé onhenomũnomuna,I tobá resé onhe'enga,Sobá resé onhenomũnomuna
à vista dele,sobábo,kuame'eng; kuabe'eng,sobábo
Diante deles passei,Sobabo akûab,Iî robaké ûixóbo,Sobabo akûab
Ele passou defronte de Nhoesembé,Sobábo akûab  Diante deles passei Nhoesembé robábo i kûáî,Mboasab Diante deles passei Nhoesembé robábo i kûáî,Sobábo akûab Diante deles passei Nhoesembé robábo i kûáî
"Diante deles os diabos ajuntandose, querendo engolilos","Sobaké Anhanga onheŷnhanga, i mokona motá","Aûîé Anhanga i mombe'u i xupé, i moŷrõmotá","Sobaké Anhanga onheŷnhanga, i mokona motá"
"Diante deles os diabos ajuntandose, querendo engolilos, estando a abrir suas bocas","Sobaké Anhanga onheŷnhanga, i mokona motá, oîeîurupirá okûapane","I xupé Anhanga moîese'ar, i moŷrõmotá, oîeîurupirá okûapane","Sobaké Anhanga onheŷnhanga, i mokona motá, oîeîurupirá okûapane"
Fazendo zombaria diante dele,Sobaké o memûãnamo,A'emo memûã,Sobaké o memûãnamo
"De diante deles ele foi, aos poucos, subindo",Sobaké suí mbegûémbegûé i xóû oîeupi,Sobaké suí mbegûémbegûé i xóû oîeupi,Sobaké suí mbegûémbegûé i xóû oîeupi
grande folha caída,sobûerusu,ybyráeté,sobûerusu
Ele é azul,Soby,Soby,Soby
"o que é azul, o que é verde, o que é roxo",sobyba'e,karuoby,sobyba'e
bater,sok,manhana,sok
pilar,sok (,itaiuba,sok (
socar,sok (,manhana,sok (
folha tenra,sokyra,ybyku'i,sokyra
folha tenra,sókyra,ybyku'i,sokyra
animal,so'o,"mboí:a, moia",so'o
caça,so'o,kutuk,so'o
convidar,so'o,enõi,so'o
"lugar de vender carne, açougue",so'o ma'e'ĩndaba,so'ombo'isara,so'o ma'e'ĩndaba
"lugar de retalhar a carne, açougue",so'o mbo'isaba,so'o mbo'isaba,so'o mbo'isaba
Tomou a casa dos animais de criação como sua pousada,So'o mimbaba roka ogûar og upabamo,So'o roka ogûâr og upabamo,So'o mimbaba roka ogûar og upabamo
a mortandade da caça,so'o paba,te'õ itatyba,so'o paba
"A lã em roupa transformamos (isto é, da lã fazemos roupa)",So'o ragûera aobamo îaîmonhang,Yby suí asé aoba monhanga,So'o ragûera aobamo îaîmonhang
gosto de carne,so'o ré,to'o,so'o ré
Estou atrás de caça,So'o resé aîkó,Asó mamõ,So'o resé aîkó
Estou em busca de caça,So'o resé aîkó,Asó so'o mopaîeara,So'o resé aîkó
"Este mundo é a terra prometida dos animais quadrúpedes, dos peixes e dos pássaros","So'o, pirá, gûyrá retãme'engaba é ikó 'ara","Kó t'oîkó so'o îekaraíba, pirá, gûyrá retãme","So'o, pirá, gûyrá retãme'engaba é ikó 'ara"
animal quadrúpede que não se come,so'oaíba,so'oaíba,so'oaíba
"conhecedor de animais, bom de caça (fal de cão)",so'okugûaba,mba'ekugûaba,so'okugûaba
"retalhador de carne, açougueiro",so'ombo'isara,so'o amõîa,so'ombo'isara
gado,so'omimbaba,so'o nhũîa,so'omimbaba
couro,so'oragfiera,itá,so'oragfiera
"Estão felizes os anjos, festejando este dia","Sory karaibebé, ikó 'ara momoranga","Gûaîbĩ moytarõ, kó 'ara oîmoeté","Sory karaibebé, ikó 'ara momoranga"
Felizes estão todos os homens,Sory pakatu apŷaba,Gûekókatu pabenhẽ abá t'oîmoeté,Sory pakatu apŷaba
Felizes estão todos os homens,Sory pakatu apŷaba,Gûekókatu pabenhẽ abá t'oîmoeté,Sory pakatu apŷaba
Ele está feliz,Soryb,I amotare'ym,Soryb
"Está alegre, como eu, meu pai tupiniquim","Soryb, xe îabé, xe ruba tupinakyîa","I 'aragûera ixé, xe ruba tupinakyîa","Soryb, xe îabé, xe ruba tupinakyîa"
"Muito feliz está o homem, certamente, após alcançar alguma verdade",Sorybeté rakó abá mba'eeté amõ resé o îekosub'iré,I rorybeté rakó abá mba'eeté ogûarobyreme,Sorybeté rakó abá mba'eeté amõ resé o îekosub'iré
"É muito feliz, certamente, o homem, após alcançar alguma verdade",Sorybeté rakó abá mba'eeté amõ resé o îekosub'iré,I rorybeté rakó abá mba'eeté ogûarobureme,Sorybeté rakó abá mba'eeté amõ resé o îekosub'iré
"Fica muito feliz, de fato, o homem que se defronta com a morte, encontrando o que cura",Sorybeté rakó abá tegûama porarasara moroposanongara supé ogûasema,I rorybeté rakó abá tegûama porarasara moroposanongara supé ogûasema,Sorybeté rakó abá tegûama porarasara moroposanongara supé ogûasema
Estavam felizes ao verme,Sorykatu xe repîaka,Mboîa moîekosupa,Sorykatu xe repîaka
Estão bem felizes,Soryporang,I moasyagûera,Soryporang
Sofre pela gente,Sosang poresé,Îandé resé oma'ẽmo,Sosang poresé
"Sofreu, suportando o fogo","Sosang, tatá porarábo","Eîpysó, tatá porarasápe","Sosang, tatá porarábo"
"Sofreu, suportando o fogo, tendo alegria após sua morte","Sosang, tatá porarábo, o manõ riré toryba rerekóbo","Oporaseî anhanga ratá, tatá porarasápe, o manõ riré toryba rerekóbo","Sosang, tatá porarábo, o manõ riré toryba rerekóbo"
acima,sosé,apé koty,sosé
cantinho dela,sûá'ĩ,i'yba,sûá'ĩ
visitar,sub (,Îori é sepîaka,sub (
por um triz que não,sûerĩ,karáembó,sûerĩ
lugar,suf,suf,suf
Ele virou cinza completamente,Sugûékatu,Aîoamotare'ỹ,Sugûékatu
"Derramando o seu sangue, ficaram a açoitálo","Sugûy mombukapa, îaînupãnupã",Îasytatá t'osenõî i îukábo,"Sugûy mombukapa, îaînupãnupã"
Fazendo escorrer o sangue dele,Sugûy mosyryka i xuí,Sugûy reîtykaba,Sugûy mosyryka i xuí
Seu sangue era muito,Sugûy turusu,Aîaîugûy,Sugûy turusu
"Seu sangue era muito, no chão escorrendo",Sugûy turusu ybype osyryka,Sugûy turusu ybype osyryka,Sugûy turusu ybype osyryka
"Seu sangue era muito, escorrendo no chão",Sugûy turusu ybype osyryka,Sugûy turusu ybype o'á,Sugûy turusu ybype osyryka
"Seu sangue era muito, oprimindo sua alma","Sugûy turusu, i 'anga apypyka","Sugûyeté, i py'a moboka","Sugûy turusu, i 'anga apypyka"
"Seu sangue era muito, na terra escorrendo, dentro do horto","Sugûy turusu, ybype osyryka, mityma pupé","Sugûy turusu, ybype osyryka, ybyrá pupé","Sugûy turusu, ybype osyryka, mityma pupé"
Por acaso ele tinha o sangue escorrido pelo rosto e pelas costas?,Sugûysyryk serã sobá rupi i atukupé rupi bé?,Sugûy serasóbo bépe sobá rupi i kûáî?,Sugûysyryk serã sobá rupi i atukupé rupi bé?
"de (rei a origem, a procedência)",suí debaixo (de),ûiara,suí debaixo (de)
sonoro,sunung/a; pong/a,nhe'enga,sunung/a; pong/a
zunir,sunung; nhe'eng,monhopa'ümondoar; moioparab; mopa'ü,sunung; nhe'eng
zunido,sununga,(intr): puk; (tr): mobok,sununga
contra,supé,ikó / ekó (t) ,supé
"junto (de, a)",supé; pé; pyri,i îomba'e,supé; pé; pyri
Digo isso com razão,Supi aîpó a'é,Anhẽ ûĩ re'a,Supi aîpó a'é
"Como ele, também, curaste os doentes",Supi bé eremombûeîrá mara'abora,A'e bé mara'abora i pupé oîposanong,Supi bé eremombûeîrá mara'abora
É mesmo verdade,Supi é,Anheté a'é,Supi é
"De fato, quiseste matar mesmo o bondoso São Lourenço","Supi é, ereîukápotar é São Lourençoangaturama","Aûîeté, ereîukápotá bé São Lourenço","Supi é, ereîukápotar é São Lourençoangaturama"
Estou de acordo com ele,Supi nhẽ aîkó,Aîkuabe'ube'u,Supi nhẽ aîkó
"Conforme ela, curaste os doentes",Supibé eremombûeîrá mara'abora,Supibé eremombûeîrá mara'abora,Supibé eremombûeîrá mara'abora
Este pajé ruim tem um espírito protetor,Supixûar ikó paîéangaíba,Kó moxy rekóû Espírito Protetorekoara,Supixûar ikó paîéangaíba
Este pajé ruim tem espírito protetor,Supixûar ikó paîéangaíba,Kó moxy rekóû Espírito Protetor,Supixûar ikó paîéangaíba
morder,su'u,moabaité,su'u
mastigar,su'u; su'u,andub,su'u; su'u
limpar,syb (,mongaraíb,syb (
testa,sybá,akanga,sybá
"o sem mãe, o órfão de mãe",sye'yma,sye'yma,sye'yma
Em seu ventre Deus recebeu seu próprio corpo,Sygépe o eterama Tupã tari,I pupé o eterama resé Tupã tari,Sygépe o eterama Tupã tari
Em seu ventre Deus tomou seu próprio corpo,Sygépe o eterama Tupã tari ,Seté pupé Tupã tari seté,Sygépe o eterama Tupã tari 
prostituta,sygfiaraiy; kakuabe'yma; pa takiiera,sygfiaraiy; kakuabe'yma; pa takiiera,sygfiaraiy; kakuabe'yma; pa takiiera
veado,sygíiasu,potyr [v potyra (mb)],sygíiasu
prostituição,syguaraiy,itatyba (v itá),syguaraiy
Terá a mulher ciúmes de seu marido?,Sygûyrõpe kunhã o mena reséne?,Iîá murupe semirekó o mena reséne?,Sygûyrõpe kunhã o mena reséne?
chegar,syk,iekosub,syk
chegada,sykaba,iekosub,sykaba
medo,sykyié; sykyiéba; (ter medo): sykyié medonho,abangaba; panema (m); membeka covarde,sykyié; sykyiéba; (ter medo): sykyié medonho
medroso,sykyîebora,abangaba; panema (m); membeka covarde,sykyîebora
escorregadio,sym (v syma); syryk escorregar,(intr): syi; tumung; tytyk; (tr): mondyi; mopiring; motumung,sym (v syma); syryk escorregar
liso,sym/a,îepe'amobokaba,sym/a
padrasto,symena,xe rubypy,symena
enxada,syra,nhe'eng,syra
deslizar,syryk,kokaba,syryk
escorrer (um líquido),syryk,aputu'uma,syryk
madrasta,sy'yra,i xy,sy'yra
clara (de ovo),t:upi'atinga,Aîopy,t:upi'atinga
Que não te moleste o diabo,Ta nde moangekoaíb umẽ Anhanga,Nd'oîmoasyî nde poropotaramo,Ta nde moangekoaíb umẽ Anhanga
Que vos lembreis deste dia em que descansei após terminálas todas,Ta pe ma'enduar ikó 'ara ixé i moaûîé pá roîré xe putu'uagûera resé,Ta peîkuab ikó 'areté amõ pupé o pab'iré,Ta pe ma'enduar ikó 'ara ixé i moaûîé pá roîré xe putu'uagûera resé
Haveis de bem recobrar o fôlego após vos cansardes,Ta pe putu'ẽngatueté irã pe îemokane'õ ré,Ta pe putu'ẽngatuté irã pe kane'õ ré,Ta pe putuẽngatuté irã pe îemokane'õ ré
Haveis de bem recobrar o fôlego após vos cansardes,Ta pe putuẽngatuté irã pe îemokane'õ ré,Ta pe putu'ẽngatuté irã pe kane'õ ré,Ta pe putuẽngatuté irã pe îemokane'õ ré
"Haveis de bem recobrar o fôlego no futuro, após vos cansardes",Ta pe putu'ẽngatuté irã pe îemokane'õ ré,Ikatu ereîepokyrirĩ nde îekûápe,Ta pe putu'ẽngatuté irã pe îemokane'õ ré
"Haveis de vos consolar muito futuramente, após acabar a batalha",Ta peapysyketé irã marana pab'iré,"Ta peîekûá pe rekorama angaturã kori, marana pab'iré",Ta peapysyketé irã marana pab'iré
Que sejais futuramente os que terão a verdadeira felicidade na nossa terra prometida,Ta peîkó irã mba'ekatueté rerekoaramo îandé retãme'engápe,Ta peîkó irã mba'ekatueté îandé retã me'engaba pupé,Ta peîkó irã mba'ekatueté rerekoaramo îandé retãme'engápe
"Que sejais futuramente os que terão a verdadeira felicidade na nossa terra desejada, no céu","Ta peîkó irã mba'ekatueté rerekoaramo îandé retãpotasápe, ybakype","Ta peîkó irã mba'ekatueté îandé retãme, ybakype perekoaûama","Ta peîkó irã mba'ekatueté rerekoaramo îandé retãpotasápe, ybakype"
"Que vos preocupeis muito com ele, ensinandoo acerca da doutrina","Ta penhemosaînãngatu sesé, nhembo'esaba resé i mbo'ebo","Enhemopyatã sesé, tekokatu mbo'ebo","Ta penhemosaînãngatu sesé, nhembo'esaba resé i mbo'ebo"
Que vades regozijarvos com o que é desejado,Ta pesó peîekosupa i potarypyra ri,Ta pesó peîekosupa i remiekara ri,Ta pesó peîekosupa i potarypyra ri
Que tenhais medo disso,Ta pesykyîé ianga suí,Aîmoîoparab,Ta pesykyîé ianga suí
"Que eles gritem, chorando!","Ta sasẽ, oîasegûabo!","Esendu, eîapysaká!","Ta sasẽ, oîasegûabo!"
Que eles sofram junto dos malditos!,Ta sasy muru supé!,Ta sasẽngatu erimba'e kûepe i kanhemi!,Ta sasy muru supé!
Que tenha reparação o teu roubo,Ta sepy nde mondagûera,Aîmoîa'ok nde rapopé,Ta sepy nde mondagûera
Que tenha reparação teu roubo,Ta sepy nde mondagûera,Aîmoîa'ok nde rapopé,Ta sepy nde mondagûera
Que se alegre esta vossa terra,Ta sesãî kó pe retama,Ta sory kó pe retama,Ta sesãî kó pe retama
Que sejam muitos os meus nomes!,Ta setákatu xe rera!,Setá xe rera!,Ta setákatu xe rera!
"Que não fique de cara feia para ele, tratandoo bem","Ta sobasy umẽ i xupé, serekokatûabo","Erenhemoa'ypyry umẽ, sesé nde ma'ẽmo","Ta sobasy umẽ i xupé, serekokatûabo"
Que se alegrem nossos filhos!,Ta sory îandé ra'yra !,Ta sory îandé ra'yra !,Ta sory îandé ra'yra !
"Que se alegrem, descansando","Ta soryb, oputugûabo","Enhory, orybamo","Ta soryb, oputugûabo"
Que cheire muito bem a palavra de Deus a ele,Ta syapûãngatu Tupã rekó i xupé,Tupã nhe'engaporangeté,Ta syapûãngatu Tupã rekó i xupé
"Que eu não adoeça, comendoo",Ta xe maran umẽ i gûabo,Na xe marani i gûabo,Ta xe maran umẽ i gûabo
Que me faça viver longamente,Ta xe moingobépuku,Aîkó pukuî,Ta xe moingobépuku
Que não me atraia a lei antiga de meus avós,Ta xe momotar umẽ xe ramỹîa rekopûera,Na xe ramỹîa rekopûera reroŷrõmo,Ta xe momotar umẽ xe ramỹîa rekopûera
Que me livre Deus do pecado,Ta xe pe'a Tupã tekoangaîpaba suí,Nde nhyrõ Tupã xe angaîpaba pó suí,Ta xe pe'a Tupã tekoangaîpaba suí
Que me livre das dificuldades,Ta xe pysyrõ marãtekó suí,Nde rupiri marana ri,Ta xe pysyrõ marãtekó suí
Que me livre das dificuldades,Ta xe pysyrõ marãtekó suí,Nde rupiri marana ri,Ta xe pysyrõ marãtekó suí
Que me livre Deus das lembranças ruins,Ta xe pysyrõ Tupã ma'enduasabaíba suí,Eîpysyrõ Tupã xe rekoangaîpaba xe ma'enduasaba suí,Ta xe pysyrõ Tupã ma'enduasabaíba suí
"Que me livre Deus de meus inimigos, em toda parte, em minhas dificuldades",Ta xe pysyrõ Tupã xe sumarã suí kûepe marã xe rekoápe,"Aûîebeté, Tupã xe pysyrõ xe raûsubagûera suí, xe ratãngatûabo",Ta xe pysyrõ Tupã xe sumarã suí kûepe marã xe rekoápe
Que me guarde sempre,Ta xe rarõ memẽ îepi,Aîopy ko'arapukui,Ta xe rarõ memẽ îepi
Que ele se compadeça de mim,Ta xe raûsubar,Ta xe raûsubá îepé,Ta xe raûsubar
Que ele me leve para seu lugar de felicidade,Ta xe rerasó og orypápe,Ta xe sorambûer,Ta xe rerasó og orypápe
Que não deixem de crer em mim,Ta xe rerobîapo'ir umẽ,T'ogûerobîar umẽ xe resé,Ta xe rerobîapo'ir umẽ
nervo,ta1yka,aruru,ta1yka
imagem,ta'angaba,arugilá,ta'angaba
medida,ta'angaba,i porapiti,ta'angaba
sinal,ta'angaba; iekuapaba; pora (mb) siri,poranduba (m),ta'angaba; iekuapaba; pora (mb) siri
aldeia,taba,taba,taba
pelo,taba,se,taba
povoação,taba,anama,taba
Mandou trucidar as crianças habitantes da aldeia de Belém e também as habitantes das vizinhanças dela,Taba Belém pora pitanga i amundaba pora abé apitiukari,"I momboîa îukapûera Belém pora, i agûasábo, kunhãmuku repenhana",Taba Belém pora pitanga i amundaba pora abé apitiukari
"As crianças habitantes da aldeia de Belém e também as habitantes das suas vizinhanças mandou assassinar, nelas querendo incluir Nosso Senhor","Taba Belém pora pitanga i amundaba pora abé apitiukari, sesebé Îandé Îara moîese'apotá",Kunumĩgûasu Belém taba pora i akûaba'e abé Îandé Îara moetesabamo ogûatá tenhẽ,"Taba Belém pora pitanga i amundaba pora abé apitiukari, sesebé Îandé Îara moîese'apotá"
Confundindo as aldeias desde a Galiléia,Taba moapaîugûáîugûábo Galilea suíkatu,Taba Galilea suí i moîepe'a,Taba moapaîugûáîugûábo Galilea suíkatu
cerca da aldeia,taba pîasaba,Taba rupi,taba pîasaba
Nosso Senhor constituiume guardião da aldeia,Taba raroanamo nhẽ Îandé Îara xe moingóû,Kó taba rerekoaramo Tupã xe moingóû,Taba raroanamo nhẽ Îandé Îara xe moingóû
Na cidade chamada Roma,Taba Roma 'îápe,Taba Roma 'îápe,Taba Roma 'îápe
"Para visitar a aldeia, eu fui à serra","Taba supa, ybytyrype xe sóû","Aîpó taba supa, asó ybyrá supé","Taba supa, ybytyrype xe sóû"
despovoado,tabe'ym (v tabe'yma) desprender,anama,tabe'ym (v tabe'yma) desprender
ermo (= desértico),tabe'ym (v tabe'yma) erradamente,ybyku'i,tabe'ym (v tabe'yma) erradamente
deserto,tabe'yma,kilá,tabe'yma
cidade,tabusu,taba,tabusu
Essa é uma cidade?,Tabusupe ûĩ?,Tabusupe ûĩ?,Tabusupe ûĩ?
Estou na medida,Taé a'e,Aîmoîa'ok,Taé a'e
ardido,tai,moakub; pé (,tai
Ela requeima,Taî,nhe'enga,Taî
acidez,taia,aruru,taia
dente,"tãia, tanha",teté',"tãia, tanha"
Hei de tirarlhe as dificuldades,T'aîabaíbokyne,Aîpe'a umẽ nde mara'ara,T'aîabaíbokyne
cocho de porcos,taîasu remi'uru,îukyrapu'a,taîasu remi'uru
curral dos porcos,taîasu rokaîa,nhemimbyra,taîasu rokaîa
porca fêmea,taîasukunhã,kygiiaba,taîasukunhã
dentada,tãibora,kutuk,tãibora
gengiva,tãibyra,ikó / ekó (t) ,tãibyra
Que eu me lave a boca,T'aîeîurueî,Aîeruré ndebe xe îuru momosema,T'aîeîurueî
Que eu esteja contigo,T'aîkó nde irũ,Nde irũmo nhẽ,T'aîkó nde irũ
"marca de dentes, sinal de dentada",tãîmbora,anhangaíba,tãîmbora
Outro dia o contarei mesmo,T'aîmombe'u é îrã,Aîpapáne irã,T'aîmombe'u é îrã
Hei de cumprir tuas palavras,T'aîmopóne nde nhe'enga,Asó nde nhe'enga rupi,T'aîmopóne nde nhe'enga
Hei de reavivar a velha guerra,T'aîopũne marandûera,Asanondó maranagûera,T'aîopũne marandûera
Hei de contar os pecados deles,T'aîpapáne i angaîpaba,Aîpapáne i angaîpaba,T'aîpapáne i angaîpaba
Hei de contar os pecados deles para que tu me acredites,T'aîpapáne i angaîpaba ta xe rerobîá îepé,"T'aîpapáne i angaîpaba, t'erobîá xe resé",T'aîpapáne i angaîpaba ta xe rerobîá îepé
Hei de contar os pecados deles para que tu acredites em mim,T'aîpapáne i angaîpaba ta xe rerobîá îepé,"T'aîpapáne i angaîpaba, t'ogûerobîá xe resé",T'aîpapáne i angaîpaba ta xe rerobîá îepé
Hei de mexer hoje as igaçabas,T'aîpobu kori ygasaba,Aîmoasyk ipó 'ara,T'aîpobu kori ygasaba
Hei de revirar seu ventre opilado!,T'aîpobu sygéaponga!,T'aîatypetek nde îurupara!,T'aîpobu sygéaponga!
Que eu lance fora todas as armadilhas,T'aîtyk pá koty,Aîmoapyterab koty,T'aîtyk pá koty
Hei de flechálo!,T'aîybõne!,T'asabeypó!,T'aîybõne!
veia,taiyka,sepîaka,taiyka
filha (de h),taiyra,kunhataĩa'uba,taiyra
ramo,takã,itatyba (v itá),takã
Vou beber cauim!,T'aka'une!,T'aîmombegûáne kaûĩ!,T'aka'une!
canavial,takfiare'endyba,ka'a,takûare'ẽndyba
pênis,takftãia,"pe'e (r, s)",takftãia
bambu,takíiara,ybyrá,takíiara
virilha,takó,kygiiaba,takó
faca de taquara,takûákysé,aka,takûákysé
faca de taquara,takûákysé,aka,takûákysé
Hei de ir adiante de vós,T'akûáne pe renondé,Ixé t'asepenhan,T'akûáne pe renondé
"Hei de ir adiante de vós, como vosso espião, primeiro","T'akûáne pe renondé, pe manhanamo, ranhẽ","Ixé pe mondóbo, pe manhanamo,","T'akûáne pe renondé, pe manhanamo, ranhẽ"
taquara,taküara,takûara,taküara
canavial,takûare'ẽndyba,ka'a,takûare'ẽndyba
ajuntamento de taquaruçu,takûarusutyba,Tupã îandé rekomondykaba rupi,takûarusutyba
"Taquari e Tapera, que está diante dela, acreditam em mim","Takûary, sobaîygûara, Tapera, xe rerobîá","Takûary, sobaîygûara, Tapera, xe rerobîá","Takûary, sobaîygûara, Tapera, xe rerobîá"
calor,takuba,takuba,takuba
rastro,takypftera; pypora,(s): asyka; : asyk,takypftera; pypora
pegada,takyptlera; pypora (mb),ipó,takyptlera; pypora (mb)
tamanduá topetudo,tamandûáatyrabebó,topetido abé,tamandûáatyrabebó
vizinho (s),tambyagíiá; amundaba; apyri xíiara,maíra; atara; mamõygilaraé # estrangeiro louro: aiuruiuba,tambyagíiá; amundaba; apyri xíiara
Hei de dar ova de peixe para ti,T'ame'ẽne pirá ruba endébo,Aîme'eng pirá ra'ypûera endébo,T'ame'ẽne pirá ruba endébo
Hei de dar ovas de peixe para ti,T'ame'ẽne pirá ruba endébo,T'ame'ẽne pirá ra'ypûera endébo,T'ame'ẽne pirá ruba endébo
"Hei de dar ovas de peixe para ti, retribuindo","T'ame'ẽne pirá ruba endébo, ûiîepyme'enga","T'ame'ẽne pirá pirá, ndebo","T'ame'ẽne pirá ruba endébo, ûiîepyme'enga"
Que eu faça brilhar a face escura de Deus para minha alma,T'amoberab Tupã robápytuna xe 'anga supé,Aîme'eng Tupã robápytuna xe 'anga supé,T'amoberab Tupã robápytuna xe 'anga supé
avô,tamüia,Aîaîuká,tamüia
avós,tamüia,"gûaîbĩ, sy",tamüia
Destruiu outrora os tamoios,Tamũîa omombab erimba'e,Akûeîme tamũîa oîmonhyrõ,Tamũîa omombab erimba'e
"Destruiu outrora os tamoios, os valentes","Tamũîa, kyre'ymbagûera, omombab erimba'e","Omaman umûã tamũîa, kyre'ymbagûera","Tamũîa, kyre'ymbagûera, omombab erimba'e"
O que pratica ainda os velhos hábitos dos avós,Tamyîa rekopûera oîporubyteryba'e,Oîporará bé gûaîbĩ rekopûera,Tamyîa rekopûera oîporubyteryba'e
antepassado,tamYipagOama,yba; ypy; ypyrunga,tamYipagOama
pressa,tanhe,anhe,tanhe
"Hei de me confessar ainda hoje, antes de me surpreender a morte","T'anhemombe'une kori bé, te'õ xe resapy'a e'ymebé","Aîkó kori, xe re'õ îanondé","T'anhemombe'une kori bé, te'õ xe resapy'a e'ymebé ká"
"Hei de me confessar ainda hoje, antes de me surpreender a morte","T'anhemombe'une kori bé, te'õ xe resapy'a e'ymebé ká","Aîkó kori, xe re'õ îanondé","T'anhemombe'une kori bé, te'õ xe resapy'a e'ymebé ká"
cinza (de fogo),tanimbuka,pyrang/a,tanimbuka
amigo,taOsupara,xe rapixara,taOsupara
ponta,tapfiá; apyra # na ponta de: apyri ponte,pora,tapfiá; apyra # na ponta de: apyri ponte
extremidade,tapíiá; apyra,pora,tapíiá; apyra
Os habitantes da aldeia tenhoos bem em minhas mãos,Tapiîara xe pópe arekókatu,Tabusu xe pó gûyrybo sekóû,Tapiîara xe pópe arekókatu
"Os moradores da aldeia, velhos, velhas, moços, homens, moças, como meus súditos todos em minhas mãos os tenho","Tapiîara, tuîba'e, gûaîbĩ, kunumĩgûasu, apŷaba, kunhãmuku, xe boîáramo pabẽ xe pópe arekókatu","Tapiîara, gûaîbĩ, tuîba'e, kunumĩgûasu, apŷaba, kunhãmuku, xe remiaûsuba pupé pabẽ xe pópe arekókatu","Tapiîara, tuîba'e, gûaîbĩ, kunumĩgûasu, apŷaba, kunhãmuku, xe boîáramo pabẽ xe pópe arekókatu"
morador,tapiiara; tekoara; suf,tekoara,tapiiara; tekoara; suf
gordura de vaca,tapi'ikaba,kure'ym (xe),tapi'ikaba
anta,tapi'ira,amõ,tapi'ira
curral de vacas,tapi'irokaîa,tapi'irokaba,tapi'irokaîa
chifre de boi,tapi'irusu 'aka,tapi'ira,tapi'irusu 'aka
Colocando o boi capim às pressas para impedilo,Tapi'irusu sarûápe kapi'ĩ anhẽ rerupa,Îasytatá kûepe erimba'e o îepe'a potá,Tapi'irusu sarûápe kapi'ĩ anhẽ rerupa
coelho,tapiti,taîasu,tapiti
lebre (do mato),tapiti,iurumü,tapiti
colega,tapixara,atfiasaba,tapixara
pico,taptlá,ybykfiarusu,taptlá
prender tapuias,tapuîa rara,gûaîxará kokaba,tapuîa rara
prender escravos,tapuîa rara,miaûsuba rerekoara,tapuîa rara
guardião dos tapuias,tapuîa rarõsara,iara,tapuîa rarõsara
Aos tapuias trouxe as velhas de além de Magueá,Tapuîpe gûaîbĩ aru amõ Magûeá suí,Tapuîasupé amõ Magûeá suí ogûeru,Tapuîpe gûaîbĩ aru amõ Magûeá suí
"Aos tapuias trouxe as velhas de além de Magueá Então, fiquei descansado",Tapuîpe gûaîbĩ aru amõ Magûeá suí A'ereme aputu'u,"Tapuîasupé amõ Magûeá suí gûaîbĩ aru a'ereme abé, mbegûé",Tapuîpe gûaîbĩ aru amõ Magûeá suí A'ereme aputu'u
"Deleitandose com as escravas ruins, não quiseram vir aqui","Tapuîpépoxy mborypa, tupotare'ymi iké","Tapuîpépoxy mborypa, tupotare'ymi iké","Tapuîpépoxy mborypa, tupotare'ymi iké"
vagina,tapupira; akaiá; kfiara,kunhã,tapupira; akaiá; kfiara
forno,tapyaba # forno de fazer farinha: nha'epese2; nha'epyúna,ikó / ekó (t) ,tapyaba # forno de fazer farinha: nha'epese2; nha'epyúna
choça,tapyia,apPk ,tapyia
choupana,"tapyia, tapuia",potaba (m),"tapyia, tapuia"
tapuia,tapy'yia,tapuia,tapy'yia
espiga,tara,tesaetá,tara
Hei de levar esta vasilha,T'arasó kó ygaporaîa,Aseîá kó maîé,T'arasó kó ygaporaîa
Hei de levar todos para meu fogo,T'arasó pá xe ratápe,Aîerasó pá xe ratápe,T'arasó pá xe ratápe
"Hei de levar todos para meu fogo, com seus amigos",T'arasó pá xe ratápe sembiaûsuba resebé,T'arasó pá xe ratápe sembiaûsuba resebé,T'arasó pá xe ratápe sembiaûsuba resebé
impedimento,tarfiaba,kuakub,tarfiaba
obstáculo,tariiaba,iekosub,tariiaba
proteção,tarõaba (v arõ2 (s)),tesaetá,tarõaba (v arõ2 (s))
guardião,tarõana; terekoara,morerekoara,tarõana; terekoara
Que deteste a vida má,T'aroŷrõ tekomemûã,Nde remiepîak,T'aroŷrõ tekomemûã
Que eu deteste muito o diabo,T'aroŷrõngatu Anhanga,Aîeruré ndebe xe pûaîtara,T'aroŷrõngatu Anhanga
Que deteste muito o diabo,T'aroŷrõngatu anhanga,Nde remiepîak,T'aroŷrõngatu anhanga
cacho,taryba,koty,taryba
Hei de embebedarme!,T'asabeypó!,Xe rembykãî gûixóbo!,T'asabeypó!
Hei de me embebedar para perder o juízo,T'asabeypóne 'ara mokanhema,Aka'ab ichéne,T'asabeypóne 'ara mokanhema
passagem,tasapaba [v asab (s)],moeraptlan,tasapaba [v asab (s)]
grito,tasema # grito de guerra: posema (m) grosso,Aîepysó gûitupa,tasema # grito de guerra: posema (m) grosso
Hei de ouvir em vão,T'asendu tenhẽ,Asenduba'e tenhẽ,T'asendu tenhẽ
Que as veja logo,T'asepîak taûîé!,I xupé sekó potá,T'asepîak taûîé!
Hei de vêlo,T'asepîáne,A'emombe'u,T'asepîáne
Hei de ver tua face,T'asepîáne nde robá,T'asepîáne nde robá,T'asepîáne nde robá
Hei de ir obedecer a essas palavras,T'asó aîpó nhe'enga mopó,Aîopyk nhe'enga,T'asó aîpó nhe'enga mopó
Hei de ir para cumprir essas palavras,T'asó aîpó nhe'enga mopó,Aîepó nhe'enga ká,T'asó aîpó nhe'enga mopó
Hei de ir cumprir essas palavras,T'asó aîpó nhe'enga mopó,Asó aîmombe'u nhe'enga,T'asó aîpó nhe'enga mopó
"Hei de ir cumprir essas palavras, juntando muitos dos meus servos","T'asó aîpó nhe'enga mopó, xe boîá reŷnhangetábo","Asó aîpó nhe'enga mombegûabo, xe boîá reŷnhangetábo","T'asó aîpó nhe'enga mopó, xe boîá reŷnhangetábo"
Hei de ir contigo hoje,T'asó nde pyri kori,T'asó nde pyri kori,T'asó nde pyri kori
"Hei de ir junto de ti, hoje, para comer aqueles reis","T'asó nde pyri, kori, aîpó tubixaba gûabo","Asó nde renondé kori, tubixaba îukábo","T'asó nde pyri, kori, aîpó tubixaba gûabo"
Deixa que eu vá para tentálos,T'asó sa'anga tenhẽ,Asó i xuí,T'asó sa'anga tenhẽ
Havemos de ir,T'asóne  Hei de ir T'orosóne,T'asóne Hei de ir T'orosóne,T'asóne Hei de ir T'orosóne
Hei de ir tocar tuas pálpebras,T'asóne nde ropé syka,Asó nde resápûapykaraíba rendupa,T'asóne nde ropé syka
"Hei de ir para o rio dos paratis, ao bando dos tupiniquins","T'asóne parati'ype, tupinakyîa re'yîpe","Asó parati 'ype, tupinakyîa re'yîpe","T'asóne parati'ype, tupinakyîa re'yîpe"
"Ó, hei de ir!","T'asóne, gûy!",Asó temõ mã!,"T'asóne, gûy!"
dor,tasy,korõi,tasy
fogo,tatá,tatá,tatá
dureza,tatã,tatãngatu,tatã
firmeza,tatã,tatãngatu,tatã
"o forte, o bravo",tatã,tatã,tatã
Fogo em que se elimina a dívida de nossos pecados,Tatá asé angaîpaba repy mondykaba,Tatá asé angaîpaba repyme'engagûera resé i mondebypyrûera,Tatá asé angaîpaba repy mondykaba
Acendemos o fogo,Tatá îaîmondyk,Tatá îaîmondyk,Tatá îaîmondyk
"O fogo te convém verdadeiramente, para que nele te asses","Tatá nde arõeté, i pupé t'ereîesy","Tatá nde moaysóbo, nde momotá","Tatá nde arõeté, i pupé t'ereîesy"
O fogo te convém verdadeiramente para que nele te asses,"Tatá nde arõeté, i pupé t'ereîesy","Tatá nde amotá, nde moapyka","Tatá nde arõeté, i pupé t'ereîesy"
"instrumento de aquentar o fogo, abano, abanador",tatá pegûaba,tatáendyetá,tatá pegûaba
Aquecendose perto do fogo,Tatá ypype oîepegûabo,Anhemosako'i tatá ypype,Tatá ypype oîepegûabo
como uma luz de fogo,tatáendy îabé,tatá rendyba,tatáendy îabé
muitas chamas de fogo,tatáendyetá,tatáendy,tatáendyetá
"Viram somente muitas chamas, parecidas com as línguas da gente","Tataendyetá, asé apekũ abŷare'yma anhõ osepîak","Mba'e amõ resé i nema, tatáendy îasûaramo, abá îuru resé oîepebẽmo","Tataendyetá, asé apekũ abŷare'yma anhõ osepîak"
"Viram somente muitas chamas, parecidas com nossas línguas","Tatáendyetá, asé apekũ abŷare'yma anhõ osepîak","Tatáendyetá, asé apekũabyare'yma osepîakĩba'e","Tatáendyetá, asé apekũ abŷare'yma anhõ osepîak"
"Viram somente muitas chamas de fogo, parecidas com nossas línguas","Tatáendyetá, asé apekũabyare'yma anhõ osepîak",Tatá îandé apŷaba rembiarama anhõ osepîak,"Tatáendyetá, asé apekũabyare'yma anhõ osepîak"
força,tatãngatu,tatãngatu,tatãngatu
poder' (s),tatãngatu; 'ekatu,pokatu,tatãngatu; 'ekatu
abano,tatapekfiaba,se,tatapekfiaba
brasa,tatapynha,hakueté,tatapynha
carvão,tatapynha,se,tatapynha
As brasas não falham,Tatapynha n'oîabyî,Kuarepoti n'opyki,Tatapynha n'oîabyî
"""o chupafogo"" (nome próprio)",tatápytera,xe rapixara,tatápytera
fumaça,tatatinga; timbora,nhã; anhã2,tatatinga; timbora
fogão,tataupaba,(intr): puk; (tr): mobok,tataupaba
"Tataurana, traze aqui tua muçurana!","Tataûrana, eru ké nde musurana!","Tataûrana, eru ké nde 'akusu!","Tataûrana, eru ké nde musurana!"
"Cuidado, cuidado, menino, para que não te castigue o homem branco","Taté, taté, kunumĩ, na nde nupãî karaíba","Eteumẽ, nde ateumẽ, xe ra'yrĩ, na nde moabaîtéî karaíba","Taté, taté, kunumĩ, na nde nupãî karaíba"
habitante de fronteira,tatobapyygûara,tapiiara,tatobapyygûara
tatu,tatu,tatu,tatu
ajuntamento de aldeias,tátyba,taba nhemoiereba,tátyba
Hei de comer hoje seus braços (arrancados),T'a'u kori i îybapûera,Ko'y i 'apira 'u,T'a'u kori i îybapûera
"Hei de comer hoje seus braços (fora do corpo, isto é, o que foram seus braços)",T'a'u kori i îybapûera,Kori i 'apira t'o'u,T'a'u kori i îybapûera
"Hei de comer hoje seus braços, Jaguaruçu, suas coxas","T'a'u kori i îybapûera, Îagûarusu, i ugûera","Kori i îybapûera, Îagûarete, i asupe o'u","T'a'u kori i îybapûera, Îagûarusu, i ugûera"
"Hei de comer hoje seus braços, Caburé, suas pernas","T'a'u kori i îybapûera, Kaburé, setymãmbûera","Kori i 'apira, i atukupé, i asupe 'u","T'a'u kori i îybapûera, Kaburé, setymãmbûera"
Hei de comer todo o banquete de Jacaréguaçu!,T'a'u pá Îakaregûasu pepyra!,T'aîmombegûáne Îagûarete suí!,T'a'u pá Îakaregûasu pepyra!
Começandoos logo,Taûîé iîypyrunga,Aîypymoín,Taûîé iîypyrunga
"Pranteai logo vossa miséria, estai a vos lastimar","Taûîé pe poreaûsubagûama rapirõmo, peîemoangekoaíb peína",Ko'ẽme anhẽ pe nhe'enga mamõ t'aîmoŷrõ,"Taûîé pe poreaûsubagûama rapirõmo, peîemoangekoaíb peína"
"Depressa, arrastamme fortemente","Taûîé, xe rekyîatã","Aûnhenhẽ, xe aso'i","Taûîé, xe rekyîatã"
Bem logo nos livremos,Taûîéte t'îanhembo'i,T'îaîeapûan taûîé,Taûîéte t'îanhembo'i
filho (de h),ta'yra,kunumĩ,ta'yra
sêmen,ta'yra,pepó,ta'yra
o que é o único filho dele,ta'yra oîepeba'e,i membyra îepé,ta'yra oîepeba'e
Ele é pequenino Ta'yrĩ'inhota'ub (ou Ta'yrĩ'ia'ub)  Ele é pequenino,Ta'yrĩ'ĩ,Ta'yrĩ'ĩ,Ta'yrĩ'ĩ
Ela é fininha e comprida,Ta'yrĩ'imuku,I atãgûasu,Ta'yrĩ'imuku
muitas coisas miúdas,ta'yrĩrĩ,mirĩmirĩ,ta'yrĩrĩ
"primeiro filho do homem, primogênito",ta'yrypy,abá pyky'yra,ta'yrypy
E também as esposas de seus filhos,Ta'ytaty abé,A'epe asé ogûa'yra temirekó abé?,Ta'ytaty abé
Finalmente ele a levou,Té ahẽ serasóbo ko'yté,Té ahẽ rerasóbo,Té ahẽ serasóbo ko'yté
Eis que eu vou,Té ixé gûixóbo,A'é uman ûixóbo,Té ixé gûixóbo
mas antes,te nakó,"obaké (r, s)",te nakó
Enfim chegou,Té osyka,Aîyk,Té osyka
"Ah, veio mesmo para cá o Ostra Grande!",Té oureté kybõ Reriûasu mã!,Té oureté kybõ Reriûasu mã!,Té oureté kybõ Reriûasu mã!
"Ah, veio de fato para cá o Ostra Grande!",Té oureté kybõ Reriûasu mã!,Té oureté kybõ Reriûasu mã!,Té oureté kybõ Reriûasu mã!
"Oh, eu sou assassino, causa do temor aos pecados, mesmo dos reis","Té! Morapitîara ixé, angaîpaba sykyîeba, morubixaba îepé","Aîuká, angaîpaba sykyîébo, tubixákatu","Té! Morapitîara ixé, angaîpaba sykyîeba, morubixaba îepé"
"Ah, nossos avós muito quiseram verdadeiros substitutos seus para nós",Té! Oîpotareté îandé ramuîa o ekobîareté îandébe,Îandé ramỹîa o a'yra rekyîeté îandé potá mã!,Té! Oîpotareté îandé ramuîa o ekobîareté îandébe
"Oh, muito bem!","Té, aûîé nipó!","Erĩ, aûîé!","Té, aûîé nipó!"
"Ah, excelente!","Té, aûîékatutenhẽ!",Aûîé ipó!,"Té, aûîékatutenhẽ!"
"Ah, esquadrinham todos os lugares por nós","Té, oîoakypûereká îandébe","Té, oîoakypûereká îandé resé","Té, oîoakypûereká îandébe"
"Oh, oxalá viesse!","Té, temõ oú mã!",Tamyîá turi mã!,"Té, temõ oú mã!"
"Ah, sobrame alegria","Té, xe resemõ toryba","Té, toryba rerekóbo","Té, xe resemõ toryba"
finalmente,té; ko'yté,ariré é,té; ko'yté
sabor,té; te'e,i îurupara,té; te'e
nádega,tebira,iî yké,tebira
adulto,teburusu,"kakuab/a; kakuab/a (r, s)",teburusu
grandeza,teburusu,"eburusu (r, s); sufixos",teburusu
peçonhento,"tegtlamja; anhasy (r, s) pedaço",aruru,"tegtlamja; anhasy (r, s) pedaço"
o que se defronta com a morte,Tegûama porarasara,Mbype erimba'e nde re'õ mokanhema,Tegûama porarasara
"Oh, que fulano este!",Te'ĩ kó ahẽ mã!,Tekatueté mã!,Te'ĩ kó ahẽ mã!
"Deixai, pois, estes meus discípulos irem com saúde",T'e'i nhẽ ã xe boîá o marane'yma rerasóbo rõ,"Ene'ĩ, taûîé, kó xe boîá setékatu t'osó",T'e'i nhẽ ã xe boîá o marane'yma rerasóbo rõ
Que vá (com ênfase),T'e'i osóbo,Osó ahẽ,T'e'i osóbo
Não fique ele boquejando a meu respeito,T'e'i tenhẽ umẽ xe ri o îuru'aramo,Aîpe'a umẽ xe suí,T'e'i tenhẽ umẽ xe ri o îuru'aramo
Que Deus te coloque nas alturas como sua própria filha,T'e'i Tupã nde moingóbo o aîyramo ybaté,Nde ra'yra îabé Tupã nde mbo'abo,T'e'i Tupã nde moingóbo o aîyramo ybaté
Que possa conhecerte meu pai Tupinambá!,T'e'ikatu nde kuapa xe ruba Tupinambá!,T'e'ikatu nde kuapa xe ruba Tupinambá!,T'e'ikatu nde kuapa xe ruba Tupinambá!
"Que possa nossa alma crer nele, anunciandoo todos os dias",T'e'ikatu oré 'anga serobîá i mombegûabo 'aré'arebo,"I 'aragûera îandé rerobîá, 'ara îabi'õ i mombe'uû",T'e'ikatu oré 'anga serobîá i mombegûabo 'aré'arebo
entrada,teiké,aso'iaba,teiké
diarreia,teikftarugiiy,aruru,teikftarugiiy
ânus,teikiiara,apysá,teikiiara
Deixaios estar deitados,Te'inhẽ oupa,Aîmoîa'ok,Te'inhẽ oupa
Deixa que vá,Te'inhẽ t'osó,Eteumẽ esóbo,Te'inhẽ t'osó
Que o deixem estar,Te'inhẽne oîkóbo ká,Eîpe'a i xuí,Te'inhẽne oîkóbo ká
"Finalmente abrese a terra engolindoos, finalmente com o diabo vão os que pecam","Teîpó yby oîe'apa, i mokona, teîpó Anhanga irũnamo i angaîpaba'e osóbo","Teîpó yby o'a i mokona, teîpó Anhanga irũmo i angaîpaba'e osóbo","Teîpó yby oîe'apa, i mokona, teîpó Anhanga irũnamo i angaîpaba'e osóbo"
Que se abstenha ele de dizer isso,Te'itenhẽumẽ ahẽ aîpó o'îabo,E'i ymẽ ahẽ aîpó,Te'itenhẽumẽ ahẽ aîpó o'îabo
Que se guarde fulano de falar,Te'itenhẽumẽ ahẽ onhe'enga,Aîpó n'aîpó i nhe'enga,Te'itenhẽumẽ ahẽ onhe'enga
Que não aconteça de alguma coisa te deixar ignorante,Te'itenheumẽ mba'e amõ nde motekokuabe'yma,Nd'oîkóî xópe mba'e amõ nde kuapare'yma,Te'itenheumẽ mba'e amõ nde motekokuabe'yma
Que não aconteça de algo te deixar ignorante,Te'itenhẽumẽ mba'e amõ nde motekokuabe'yma,Eîkuab umẽ nde mba'e i kuabypyre'yma,Te'itenhẽumẽ mba'e amõ nde motekokuabe'yma
O oposto da avareza é a liberalidade,Tekate'yma robaîara tekate'yme'yma,Mba'epotaramo oîobaúpa tekate'yme'yma,Tekate'yma robaîara tekate'yme'yma
"Ah, que atrevido!",Tekatueté mã!,I ranusu nhẽ kûé pe remimonhanga!,Tekatueté mã!
"Ah, que atrevido é esse fulano!",Tekatunheté kó ahẽ mã!,I angaîpabeté kó mã!,Tekatunheté kó ahẽ mã!
"Ah, que enfadonho és tu, de fato!",Tekatunheté rakûé endé hegûy!,Tekatunheté rakûé endé hegûy!,Tekatunheté rakûé endé hegûy!
"Ai, que enfadonho és tu, de fato!",Tekatunheté rakûé endé hegûy!,"Nde poxy ûĩ, anhẽ!",Tekatunheté rakûé endé hegûy!
afazeres,tekó,i porapiti,tekó
compromisso,tekó,tekó,tekó
lei,tekó,tekó,tekó
misérias da vida,tekó poreaûsuba,tekó moasy,tekó poreaûsuba
costume,tekoaba,tekoaba,tekoaba
hábito,tekoaba,tekoaba,tekoaba
morada,tekoaba,momorang,tekoaba
A vida ruim lançamos fora,Tekoaíba oromombó,Tekomemûã pe'a,Tekoaíba oromombó
O vício atiramos fora,Tekoaíba oromombó,Asekonongatu,Tekoaíba oromombó
vício,tekoail>a,tekoaba,tekoail>a
Pecado que assassina as pessoas,Tekoangaîpaba oporapitiba'e,Tekoangaîpaba oporapitiba'e,Tekoangaîpaba oporapitiba'e
Como recompensa de seu afastamento da vida má,Tekóangaîpaba suí o îepe'aagûera repyramo,Sekóangaîpaba repymondykápe,Tekóangaîpaba suí o îepe'aagûera repyramo
Por ser Nosso Senhor Jesus Cristo o que tira os pecados,Tekoangaîpabokaramo Îandé Îara Îesu Cristo rekóreme,"Îandé Îara Îesu Cristo resé, angaîpaba mondykaba",Tekoangaîpabokaramo Îandé Îara Îesu Cristo rekóreme
"Afastando o pecado original, o que Adão lançou na gente",Tekoangaîpabypy moroesé Adão remitykûera pe'abo,Tekoangaîpabypy moroesé Adão reminongûera pe'abo,Tekoangaîpabypy moroesé Adão remitykûera pe'abo
avareza,tekoate'yma,mba'ee'ym/a,tekoate'yma
vida,tekobé,marane'yma,tekobé
"Assim que acaba a vida que Deus nos dá, a morte nos derrota","Tekobé îandébe Tupã remime'enga syka bé, te'õ îandé moaûîéû",Îandé rekobé me'engaba Tupã orébe omanõmo,"Tekobé îandébe Tupã remime'enga syka bé, te'õ îandé moaûîéû"
Senhora da vida,Tekobé îara,tekobé îara,Tekobé îara
"a vida que não acabará (isto é, a vida eterna)",tekobé opaba'erame'yma,tekobéapyrasye'yma,tekobé opaba'erame'yma
vida eterna,tekobéapyrasye'yma,tekobéapyrasye'yma,tekobéapyrasye'yma
substituto,tekobiara,ereb (s),tekobiara
virtude,tekokatu,tekokatu,tekokatu
Não querendo transgredir a boa lei,Tekókatu aby potare'yma,Tekókatu aby potare'yma,Tekókatu aby potare'yma
Levo uma vida boa,Tekókatu aîporará,Aîkóporang,Tekókatu aîporará
A que cuida da virtude é a mãe de Deus bondosa,Tekokatu angagûara Tupã syangaturama,Tupã sy,Tekokatu angagûara Tupã syangaturama
Eis que a virtude somente há de ser o modo de se libertar da morte,Tekokatu anhõ ã te'õ suí îepysyrõsabeté re'a,Îakatu anhõ ã te'õ suí îandé pysyrõ îepé,Tekokatu anhõ ã te'õ suí îepysyrõsabeté re'a
Tenho vida boa,Tekókatu arekó,I porang xe rekó,Tekókatu arekó
a que deseja a virtude,Tekokatu potasara,i angaturambaba,Tekokatu potasara
Vivendo para ir ao encontro da virtude,Tekokatu repenhandápe peîkóbo,Tekomemûã robaîara porarábo,Tekokatu repenhandápe peîkóbo
Como modo de fazer voltar em si a virtude,Tekokatu reroîebysabamo,I moropotare'yma moporakar,Tekokatu reroîebysabamo
A que nos faz viver na virtude,Tekokatu resé îandé moingoara,Îandé reîmbaba îandé reîmbaba,Tekokatu resé îandé moingoara
Os que sofrem algo pela justiça,Tekokatu resé mba'e porarasara,Tekokatu resé oîporarába'e,Tekokatu resé mba'e porarasara
Confortandose tão somente na virtude,Tekokatu resé nhõngatu o apysykamo,Moropotara rerobîákatu,Tekokatu resé nhõngatu o apysykamo
o que deseja a justiça,tekokatu 'useîtara,tekokatu potasara,tekokatu 'useîtara
o que tem sede de justiça,tekokatu 'useîtara,Tekokatu potá nhẽ,tekokatu 'useîtara
Para o vosso encontro da virtude verdadeira,Tekokatueté pé pe gûasemagûama resé,Ta peîkó tekokatueté supé,Tekokatueté pé pe gûasemagûama resé
Os que têm a bemaventurança são os que têm pena das pessoas,Tekokatueté rerekoara i poraûsubaryba'e,I roryba'e hapixaba raûsubaryba'e,Tekokatueté rerekoara i poraûsubaryba'e
O que tem a bemaventurança é o que é pobre por sua própria vontade,Tekokatueté rerekoara o emimotarybo é i mba'ee'ymba'e,I mba'easypotare'ymba'e o îoesé oîkotebẽba'e,Tekokatueté rerekoara o emimotarybo é i mba'ee'ymba'e
Os que têm a bemaventurança são os que choram,Tekokatueté rerekoara oîase'oba'e,Îase'o rakó oîase'oba'e moasy,Tekokatueté rerekoara oîase'oba'e
O que tem a bemaventurança é o que não agride,Tekokatueté rerekoara onherane'ymba'e,Tekokatueté rerekoara mba'easy katupabẽ,Tekokatueté rerekoara onherane'ymba'e
O que tem a bemaventurança é o que não agride,Tekokatueté rerekoara onherane'ymba'e,Tekokatueté rerekoara mba'easy katupabẽ,Tekokatueté rerekoara onherane'ymba'e
O que tem a bemaventurança é o que é manso,Tekokatueté rerekoara onherane'ymba'e,Tekokatueté rerekoara onherane'ymba'e,Tekokatueté rerekoara onherane'ymba'e
Os que têm a beatitude são os que apaziguam as pessoas,Tekokatueté rerekoara oporomonhyrõba'e,I roryba'e oporomonhyrõba'e,Tekokatueté rerekoara oporomonhyrõba'e
juízo,tekokuaba,a'ang (s),tekokuaba
ignorância,tekokuabe'yma,kuapara (v kuab),tekokuabe'yma
ignorante,tekokuabe'ymf a,kuabypyre'ym (v kuab) de t;rever,tekokuabe'ymf a
conhecimento,tekokugiiaba,nhembo'e,tekokugiiaba
engano,tekomemftã,v animal,tekomemftã
injustiça,tekomemúã,ekopoxy (m),tekomemúã
planejando maldades,tekomemûã momboîa,i pe'aparaíb,tekomemûã momboîa
ordem,tekomonhangaba,porará,tekomonhangaba
intenção,tekopotasaba,moiebyr; eroiebyr; me'engyieby devorar,tekopotasaba
maldade,tekopoxy; marã; angaipaba; poxy (m),iekosub,tekopoxy; marã; angaipaba; poxy (m)
Enterrando os antigos maus hábitos,Tekopoxypûera tyma,Tekopoxypûera tyma,Tekopoxypûera tyma
Enterrando os antigos vícios,Tekopoxypûera tyma,Tekopûera tyma,Tekopoxypûera tyma
Que eu afaste o proceder antigo para que não esteja no mal,Tekopûera t'aîpe'a t'aîkó umẽne marani,"Aîpe'a t'asó xe rapupa'ũ suí, xe angaîpaba suí ká",Tekopûera t'aîpe'a t'aîkó umẽne marani
Anunciando os acontecimentos futuros,Tekorama mombegûabo,Mba'e porama mombe'u,Tekorama mombegûabo
Dar atenção aos fatos futuros,Tekorama ri îeapysaká,Îandé reîmbaba irã îandé moarûapa,Tekorama ri îeapysaká
aflição,tekotebe,angekoam,tekotebe
angústia,tekotebe,tembiara,tekotebe
necessidade,tekotebé,tekotebé,tekotebé
Tu não tens o coração arrebentado de aflição,Tekotebẽ suí nde nhy'ãboke'ymi,Na tenhẽ ruã nde 'anga moingotebẽsaba,Tekotebẽ suí nde nhy'ãboke'ymi
estando aflito,tekotebẽboramo oîkóbo,îase'o jave,tekotebẽboramo oîkóbo
ociosidade,tekotenhe,marãbirĩ resé,tekotenhe
a lei primeira,tekóypy,Tekóypy,tekóypy
beiço (inferior),tembé,poti'a (m),tembé
borda,tembé,tabe'yma,tembé
margem,tembé; tembe'yba,Asypûera,tembé; tembe'yba
beira,tembe'yba,amyioka; apé; apé # ao lado: aib/a; apé,tembe'yba
presa,tembiara,moiatimung,tembiara
alimento,tembi'u,"(e)nha'e (r, s)",tembi'u
comida,tembi'u; i 'upyra (v 'u),"(e)nha'e (r, s)",tembi'u; i 'upyra (v 'u)
sobra,tembyra,Aytarõ,tembyra
escravo,temiailsuba; miailsuba; tapy'yia escrever,tapuîa rara,temiailsuba; miailsuba; tapy'yia escrever
aluno,temimbo'e,posanga (m),temimbo'e
"Os temiminós de dia confessam seus pecadilhos, somente",Temiminõ 'arybo nhẽ oîmombe'u o angaîpámirĩ anhõ,"Aûîeté, Tupã resé îerobîasara, 'ara pupé bé oîmombe'u o angaîpámirĩ anhõ",Temiminõ 'arybo nhẽ oîmombe'u o angaîpámirĩ anhõ
"Os temiminós, de dia, confessam seus pecadilhos, somente",Temiminõ 'arybo nhẽ oîmombe'u o angaîpámirĩ anhõ,"Tupã suí onheangûabo, kûarasy sembaba pupé oîmombe'u o angaîpámirĩ anhõ",Temiminõ 'arybo nhẽ oîmombe'u o angaîpámirĩ anhõ
obra,temimonhanga; marãtekoaba obrigar,marãtekó; marãtekoaba; pora byky2 (m),temimonhanga; marãtekoaba obrigar
vontade,temimotara,se,temimotara
desejo,temimotara; (sensual): poropotara (m),i potar,temimotara; (sensual): poropotara (m)
esposa,temirekó,temirekó,temirekó
oxalá,temo! mã!,(rel a lugar):,temo! mã!
mentira),temo'ema,a'uba,temo'ema
mentiroso,temo'emilara,"(e)mo'ema (r, s)",temo'emilara
O mentiroso perde a vida de sua alma,Temo'emyîara o 'anga rekobesaba mokanhemi,Îandé moingobé îandé mo'anga,Temo'emyîara o 'anga rekobesaba mokanhemi
Oxalá chegasse então,Temone a'ereme osykamo,Aîykatûer,Temone a'ereme osykamo
"Oxalá agora alguma pessoa, habitante do fogo do inferno, levantasse aqui na nossa multidão","Temone ko'yr Anhanga ratá pora, abá amõ opu'ama iké îandé re'yîpemo","Ikatu kori abá, tatá pora, opu'ama iké îandé re'yîpemo","Temone ko'yr Anhanga ratá pora, abá amõ opu'ama iké îandé re'yîpemo"
Façoo ficar com firmeza,Ten amo'e,Aîpysykatã,Ten amo'e
"Mostrase fixo, está fixo, apresentase fixo",Ten e'i,Eîmo'ang ra'u,Ten e'i
"Mostrase com firmeza, está fixo",Ten e'i,"Nde ratãngatu, nde arõana",Ten e'i
Fazendoo estar com firmeza,Ten i mo'îabo,Aîmoatã,Ten i mo'îabo
quadril,tenangupy,iî yké,tenangupy
pouso,tendaba,tygé,tendaba
saliva,tendy,nhe'enga,tendy
barba,tendybaaba,akanga,tendybaaba
cotovelo,tendybangã; puraké,i apé,tendybangã; puraké
joelho,tendypy'ã # de joelhos: endypyãe'ybo jogar (= lançar fora),apykaba,tendypy'ã # de joelhos: endypyãe'ybo jogar (= lançar fora)
baba,tendysyryka,erekó,tendysyryka
injustamente,tenhe,a'ub,tenhe
Muitíssimas lorotas invocaram contra ele,Tenhẽngatupabẽ osykyî i xupé,Aîkuakupabẽ parĩ senõî i xupé,Tenhẽngatupabẽ osykyî i xupé
antecessor,tenondeara,raro,tenondeara
precursor,tenotara,raro,tenotara
morte,te'õ,te'õ,te'õ
"Da mesma forma, como componente deste mundo, a morte também entrou",Te'õ abé reîkéû ikó 'ara poramo oîá,"A'e îá, ikó 'ara pora ramo bé, omanomõne",Te'õ abé reîkéû ikó 'ara poramo oîá
"Da mesma forma, a morte também entrou como componente deste mundo",Te'õ abé reîkéû ikó 'ara poramo oîá,Te'õ abé reîkéû ikó 'ara pupé,Te'õ abé reîkéû ikó 'ara poramo oîá
A morte é o que separa os verdadeiros cônjuges,Te'õ a'e mendasabeté mombo'isaramo,Te'õ omendáneté oîopîarûera oîo'o,Te'õ a'e mendasabeté mombo'isaramo
"A morte, na verdade, é a ameaça dos que se casam verdadeiramente",Te'õ a'e mendasareté momboîsabamo,Tekobéeté omendarybeté moxy,Te'õ a'e mendasareté momboîsabamo
A morte é a ameaça daqueles que se casam verdadeiramente,Te'õ a'e mendasareté momboîsabamo,Tekobé a'e mendasareté moîekosupaba,Te'õ a'e mendasareté momboîsabamo
A morte somente é a causa de afastálos,Te'õ anhõ i mombo'isaba,Tekobé anhõ i xuí,Te'õ anhõ i mombo'isaba
Sofreste a morte,Te'õ ereîporará,Te'õ ereîporará,Te'õ ereîporará
"Quando chegou a morte, para junto de DeusPai Jesus fezte subir","Te'õ mbasembápe, Tupã Tuba pyri Îesu nde rupiri","Te'õ suí, Tupã sy pyri, Îesu îeupiri","Te'õ mbasembápe, Tupã Tuba pyri Îesu nde rupiri"
"Ficando a esperar ansiosamente a morte (Ar, Cat, 158v) Korikorinhẽa'ub 'ara repîaki, i moanhẽmo  Deseja logo ver o dia, ficando ansioso por ele",Te'õ moanhẽanhẽmo,Te'õ moanhẽmo,Te'õ moanhẽanhẽmo
Quando supõe cair em si a morte,Te'õ o îoesé i 'amo'angeme,Nde resé te'õ o'ar umẽne,Te'õ o îoesé i 'amo'angeme
"É, totalmente, uma comida de morte",Te'õ remi'u pabẽ,"Îé, kó te'õ remi'u",Te'õ remi'u pabẽ
"Aproximandome da morte, meus antigos e grandes pecados farei sair","Te'õ rerobyka é, xe angaîpátubixagûera amosẽne","Îekyî te'õ agûasábo, xe angaîpátubixagûera aîpe'a re'a","Te'õ rerobyka é, xe angaîpátubixagûera amosẽne"
"Aproximandome da morte, meus pecados antigos e grandes farei sair","Te'õ rerobyka é, xe angaîpátubixagûera amosẽne","Aîkóbo, xe angaîpátubixagûera aîpe'a re'a","Te'õ rerobyka é, xe angaîpátubixagûera amosẽne"
"Aproximandome da morte, meus grandes pecados antigos farei sair","Te'õ rerobyka é, xe angaîpátubixagûera amosẽne",Aîkó se'õagûera resé nhẽ xe angaîpagûera repyme'engagûama resé,"Te'õ rerobyka é, xe angaîpátubixagûera amosẽne"
"Aproximandose da morte, suou bastante","Te'õ rerobyka, syaîtekatu","Te'õ rerobyka oín, o'arusu","Te'õ rerobyka, syaîtekatu"
Adversária da morte,Te'õ rupîara nhẽ,Te'õ rupîara,Te'õ rupîara nhẽ
Adversária da morte,Te'õ rupîara nhẽ,Te'õ rupîara,Te'õ rupîara nhẽ
"Adversária da morte, senhora da vida","Te'õ rupîara nhẽ, tekobé îara","Tekobé îara, te'õ momosembara","Te'õ rupîara nhẽ, tekobé îara"
Morro de morte natural,Te'õ suí amanõ,a'e; (= através de):,Te'õ suí amanõ
Cada vez que tem medo da morte,Te'õ suí o nheangu îabi'õ,Abá te'õ suí onheangûabo,Te'õ suí o nheangu îabi'õ
"Da morte tentando inutilmente livrarse, amedrontandose, enfim","Te'õ suí o nhepysyrõ ra'angyîepébo, opiringamo ko'yté","Îukasara suí o nhepysyrõ ra'angyîepébo, oîemoryryryryîa ko'yté","Te'õ suí o nhepysyrõ ra'angyîepébo, opiringamo ko'yté"
Entregandome à morte tu me beijas o rosto,Te'õ supé xe me'enga xe robápyter îepé,Xe îuká meémo ereîasó xe robápyter,Te'õ supé xe me'enga xe robápyter îepé
cadáver,te'õmbíiera,teté',te'õmbíiera
E finalmente?,Tépe?,Tépe?,Tépe?
saudades,tepiaka'uba # ter saudades de: epiaka'ub (s),apy'ama,tepiaka'uba # ter saudades de: epiaka'ub (s)
espremedor (de massa de mandioca),tepiti espremer,îepe'amobokaba,tepiti espremer
prensa (para retirar o sumo de plantas),tepiti preocupado,moîypabyka,tepiti preocupado
esterco,tepoti,ybyrá kamby,tepoti
ferrugem,tepoti,manhana,tepoti
pagamento,tepy,me'eng,tepy
preço,tepy,moepy,tepy
resgate,tepy,kok,tepy
nome,tera,tera,tera
fama,terapíiana,momiafisub,terapíiana
Vamos ver se vem!,Tera'umo ou!,Tera'umo ou!,Tera'umo ou!
"Ah, se viesse!",Tera'ute oú,Asó me'ĩmo mã!,Tera'ute oú
Que te regozijes muito com a virtude,T'ereîekosubeté tekoporanga resé,I moasyagûera t'îambory,T'ereîekosubeté tekoporanga resé
Que venhas para levarme para o alto,T'ereîu ybaté xe rerasóbo,Eîori xe momba'etébo,T'ereîu ybaté xe rerasóbo
Que estejas prostrado no lugar de se fazerem sofrimentos,T'ereîub moreaûsuba monhangápe,Nde t'ereîub moreaûsuba repyramo,T'ereîub moreaûsuba monhangápe
Que o mates para mim diante do pajé ruim,T'ereîuká ixébe paîéaíba supé,Eîeîuká ixébe angaîpaba robaké,T'ereîuká ixébe paîéaíba supé
"Hás de ir, pois, para teu fogo, para que estejas para sempre prostrado no lugar em que se faz sofrer","T'eresó rõ nde ratápe, aûîerama t'ereîub moreaûsuba monhangápe","Emonãnamo t'eresó rõ nde ratápe, aûîerama nhẽ moxy monhangápe","T'eresó rõ nde ratápe, aûîerama t'ereîub moreaûsuba monhangápe"
descida (de morro),teroapy'ambaba descobrir,ybytyra,teroapy'ambaba descobrir
crença,terobiara,terobiara,terobiara
olho,tesá,xe resá,tesá
cuidado,tesaetá,Îandé rarõmo,tesaetá
olheira,tesagfiyrumbyka,ai ,tesagfiyrumbyka
enjoo,tesaguyryba,piringa; ara'a; (duração): tegüyrõ; (duração): tegüyrõ,tesaguyryba
tontura,tesagúyryba,piringa; ara'a; (duração): tegüyrõ; (duração): tegüyrõ,tesagúyryba
Com alegria honramos este dia,Tesãîa pupé kó 'ara îaîmoeté,Tesãîa pupé kó 'ara îaîmoeté,Tesãîa pupé kó 'ara îaîmoeté
esquecimento,tesaraia,tesaraia,tesaraia
lágrima,tesa'y,ok,tesa'y
pupila,tesa'yra,posanga (m),tesa'yra
frente,"teseia; tenondé2; tobaia # na frente de: esei (r, s); obai (r, s); obaké (r, s)",sybá,"teseia; tenondé2; tobaia # na frente de: esei (r, s); obai (r, s); obaké (r, s)"
abundância,tesemõ,ka'apílanama,tesemõ
pátria,tetama,anama,tetama
região (= terra em que se habita),tetama relâmpago,región,tetama relâmpago
corpo,teté',teté',teté'
"Ah, que dizes!?",Teté marã e'îabo mã!?,Marã e'îabo?,Teté marã e'îabo mã!?
substância,teté1,erekó,teté1
corpo morto,Tetékanhema,tetékanhema,Tetékanhema
tapete,tetobapy,anama,tetobapy
"ponta de topete, pontinha aguda de cabelo que alguns têm na testa",Tetobapyapûá,agiieá2,Tetobapyapûá
Não te apropries das coisas de ninguém,Teumẽ abá mba'e resé é mondarõmo,Nde remo'em umẽ abá mba'e resé,Teumẽ abá mba'e resé é mondarõmo
Guardate de o levares,Teumẽ ké serasóbo rá,Eîmosem umẽ sesé,Teumẽ teké serasóbo nhandu ruã
Guardate de abandonar tua obra,Teumẽ nde rekó mote'ebo,Eîpotare'ymumẽ nde rekorama,Teumẽ nde rekó mote'ebo
Guardate de o levares,Teumẽ teké serasóbo nhandu ruã,Eîmosem umẽ sesé,Teumẽ teké serasóbo nhandu ruã
Guardate de me estranhares,Teumẽ xe mote'ebo,Arasó umẽ,Teumẽ xe mote'ebo
bando,te'yia,te'yia,te'yia
multidão,te'yia,te'yia,te'yia
Sempre eu ensinei publicamente as pessoas,Te'yîpe memẽ nhẽ ixé aporombo'e,Aîmbo'e memẽ opabĩ abá,Te'yîpe memẽ nhẽ ixé aporombo'e
Eu sempre ensinei as pessoas publicamente,Te'yîpe memẽ nhẽ ixé aporombo'e,Aporombo'e memẽ nhẽ,Te'yîpe memẽ nhẽ ixé aporombo'e
Sentouse em público,Te'yîpe nhẽ i gûapyki,Aîkó te'yîpe,Te'yîpe nhẽ i gûapyki
"Sentouse em público, aquecendose perto do fogo","Te'yîpe nhẽ i gûapyki, tatá ypype oîepegûabo","Te'yîpe nhẽ i gûapyki, tatá ypype oîepegûabo","Te'yîpe nhẽ i gûapyki, tatá ypype oîepegûabo"
publicamente,te'yipe; ikatupe,tembe'yba,te'yipe; ikatupe
cauda,tfiaia,aseî,tfiaia
atar,ti,koty,ti
focinho,ti,poti'a (m),ti
nariz,ti,îandé robábo,ti
vergonha,ti,nhemote'õ,ti
Confiemos nesses homens,T'i îerobîar apó abá ri,T'i îerobîar apó abá ri,T'i îerobîar apó abá ri
Confiemos nesses homens,T'i îerobîar apó abá ri,T'i îerobîar apó abá ri,T'i îerobîar apó abá ri
Sejamos bons para aqueles homens,T'i marangatu apó abá pé,T'îaîkó ã abá irũmo,T'i marangatu apó abá pé
Que não prejudiquemos os que portam bens para nós,T'i momuru umẽ ma'e îara îandébe,Nd'îaîpoxyî ma'e îara îandébe,T'i momuru umẽ ma'e îara îandébe
Que perdoe Deus a nós,T'i nhyrõ Tupã orébo,I nhyrõ Tupã orébo,T'i nhyrõ Tupã orébo
"Que eles bem perdoem hoje a nós, dando anzóis","T'i nhyrõngatu kori îandébo, pindá me'enga","I xupé kori îandé pyatã, îandé posanga me'enga","T'i nhyrõngatu kori îandébo, pindá me'enga"
Procuremos alimentos para aqueles homens,T'i poraká apó abá,T'i poraká apó abá,T'i poraká apó abá
"Que se frustre esse meu futuro sofrimento, que eu o faça passar","T'i rambûer iã xe remimborarama, t'amongûabyne","Ikó xe remimborará t'oîporará ranhẽ, i moîegûaka","T'i rambûer iã xe remimborarama, t'amongûabyne"
Que se impeça esse meu futuro sofrimento,T'i rambûer iã xe remimborararama,Eîpe'a xe remimborararama kó xe remimborararama,T'i rambûer iã xe remimborararama
"Tratemolos bem, junto de nós",T'i rekókatu îandébe,I moingókatûabo îandébe,T'i rekókatu îandébe
Encalhemos,T'îaîar,Îaîepysó,T'îaîar
Estejamos pondo armadilhas,T'îaîekotyrung îaîupa,Kyá îaîmoîar,T'îaîekotyrung îaîupa
"Que não conheçamos senão a Deus, nosso criador","T'îaîkuáte Tupã, îandé monhangagûera",Tupã îandé monhangara anhõ îaîkuab,"T'îaîkuáte Tupã, îandé monhangagûera"
Havemos de anunciar futuramente sua partida,T'îaîmombe'u é irã i îepaboka,Îepîakukariamo,T'îaîmombe'u é irã i îepaboka
Matemos meu marido,T'îaîuká xe mena,T'irur xe mena,T'îaîuká xe mena
"Matemos meu marido e, então, casemos um com o outro","T'îaîuká xe mena, a'ereme t'îamendar îandé îoesé","Aîuká xe mena, a'ereme t'îamendar","T'îaîuká xe mena, a'ereme t'îamendar îandé îoesé"
Que nos leve para seu lugar de felicidade consigo,T'îandé rerasó o orypápe o îoesé,Eîmonhegûasem oré ri nde 'anga rupîara,T'îandé rerasó o orypápe o îoesé
Que nos leve para seu lugar de felicidade para nos fazer regozijar consigo,T'îandé rerasó o orypápe o îoesé îandé moîekosupa,"Îandé reîké o 'anga rupápe, oré moeteagûama resé",T'îandé rerasó o orypápe o îoesé îandé moîekosupa
"Cantemos um pouquinho, primeiro",T'îanhe'engámirĩ ranhẽ,Îanhe'engámirĩ ranhẽ,T'îanhe'engámirĩ ranhẽ
"Cantemos um pouquinho, primeiro, para festejarmos bem o dia",T'îanhe'engámirĩ ranhẽ 'ara momorãngatûabo,"Îanhe'engypyramo, kó 'ara moîegûaka",T'îanhe'engámirĩ ranhẽ 'ara momorãngatûabo
"Cantemos um pouquinho, primeiro, para festejar bem o dia","T'îanhe'engámirĩ, ranhẽ, 'ara momorãngatûabo","Îanhe'engypyramo, kó 'ara moîegûaka","T'îanhe'engámirĩ, ranhẽ, 'ara momorãngatûabo"
"Que nos renovemos, repelindo completamente os costumes antigos","T'îanhemopysasu, tekopûera pe'apapa","Îaîakasó, opakatu mba'epûera posyîa","T'îanhemopysasu, tekopûera pe'apapa"
dianteira (= vanguarda),tiapyra,sybá,tiapyra
Amemos todos Santa Maria,T'îasaûsu pabẽ Santa Maria,I apysyk pabẽ Santa Maria,T'îasaûsu pabẽ Santa Maria
"Vamos, como nós, para enfeitar nossas almas, para leválas diante dele","T'îasó îandé îabé îandé 'anga moîegûaka, serasóbo sobaké","Îasó, îasó, îandé 'anga moîegûaka, i moîegûaka","T'îasó îandé îabé îandé 'anga moîegûaka, serasóbo sobaké"
"Havemos de ir à dura guerra, cara a cara uns contra os outros?",T'îasó maranatãûãme o îoupé oîobaúpa?,T'îasó maranatãûãme o îoupé?,T'îasó maranatãûãme o îoupé oîobaúpa?
Havemos de ir à árdua guerra?,T'îasó maranatãûãme?,T'îasó maranatãûãme?,T'îasó maranatãûãme?
Vamos ao seu caminho,T'îasó sapépe,Îasó sapépe,T'îasó sapépe
Vamos em seu caminho para encontrálo,T'îasó sapépe sobaîtĩamo,Îasó pé o îekosupa,T'îasó sapépe sobaîtĩamo
Vamos comigo,T'îasó xe irũnamo,Eîori xe irũnamo,T'îasó xe irũnamo
Vamos comigo somente até Nhoesembé,T'îasó xe irũnamo Nhoesembépe nhote,Îasó xe irũnamo Nhoesembé supé,T'îasó xe irũnamo Nhoesembépe nhote
Vamos a terra (diz o que está no navio),T'îasó ybyetépe,Îasó ybyetépe,T'îasó ybyetépe
"Vamos, devagar, para queimar a terra dos malditos","T'îasó, mbegûé t'ixapy moxy retama","T'îasó, mbegûé, yby remimborará mbo'îabo","T'îasó, mbegûé t'ixapy moxy retama"
"Vamos, devagar, para fazer o assalto","T'îasó, mbegûé, îapu'ama","Îasó, mbegûé, mbegûé, i moîa'ok","T'îasó, mbegûé, îapu'ama"
"Vamos, devagar, para fazer o assalto, para queimar a terra dos malditos","T'îasó, mbegûé, îapu'ama, t'ixapy moxy retama","Îasó, mbegûé, mbegûé, îemopaîeangaípa, t'îasó yby pora","T'îasó, mbegûé, îapu'ama, t'ixapy moxy retama"
Cuidado ao esconderlhe o que faz,Tîaté i mĩme i xupé marã oîkóbo,Erasó umẽ i xupé nde remimoaûîé suí,Tîaté i mĩme i xupé marã oîkóbo
"Ah, que mau é o pecado! Que mau que é fulano!",Tieté kó angaîpaba maniîabo mã! Tieté kó ahẽ maniîabomã!,Tieté kó angaîpaba maniîabo! Tieté kó angaîpaba maniîabo!,Tieté kó angaîpaba maniîabo mã! Tieté kó ahẽ maniîabomã!
Que mau é ele!,Tieté maniîabo a'e!,I ranusu nhẽ kûé sekó!,Tieté maniîabo a'e!
nariz achatado,tĩmbeba,iî yké kutuk,tĩmbeba
fumegar,timbor,(tr): mopur; (intr): pungá (xe); ruru (xe),timbor
bafo,timbora,pytu (xe),timbora
vapor,timbora,yty,timbora
bico de pássaro fora do corpo,tĩmbûera,Gûyrá anhẽ rerupa,tĩmbûera
"lit, tromba comprida, gorgulho, inseto coleóptero",tĩmuku,asura,tĩmuku
branco,ting,ting,ting
claro,ting,nhe,ting
enjoativo,ting (v tinga),korõi,ting (v tinga)
brancura,tinga,ting,tinga
entorpecente (para peixes),tingy; timbó entortar,Asapy,tingy; timbó entortar
coisa mirrada ou muito seca,tiningatã,i aŷpyra,tiningatã
Que tenhamos estes homens contra nossos inimigos,T'irekó ikó apŷaba îandé robaîara ri,Ikó apŷaba îandé robaîara robábo nhẽ,T'irekó ikó apŷaba îandé robaîara ri
Tragamolo!,T'iru! ou Iru!,T'i nupã!,T'iru! ou Iru!
sequer,tiruã,ikó bé,tiruã
Tragamos quaisquer coisas para esses,T'irur ma'e tiruã anga pé,T'irur ma'e tiruã anga,T'irur ma'e tiruã anga pé
Experimentemos a força dos homens conosco,T'isa'ang apŷaba marã îandé irũ,Îarekó abaposykyîa îandé irũ,T'isa'ang apŷaba marã îandé irũ
Que experimentemos a força dos homens conosco,T'isa'ang apŷaba marã îandé irũ,Apŷabaíba îandé resé serekóbo,T'isa'ang apŷaba marã îandé irũ
Queimemolo!,T'ixapy! ou Ixapy!,T'îaîuká!,T'ixapy! ou Ixapy!
"ah, sim! ah, já entendi!",tó eẽ,mã!,tó eẽ
Oh! Que multidão estes peixes são! (ou Quanto peixe é este!),Tó te'ĩ kó pirá rekóû mã!,Tó te'ĩ kó pirá rekóû mã!,Tó te'ĩ kó pirá rekóû mã!
Ó! Não há modo de contar isso,Tó! Aîpó n'i papasabi!,Aîpó n'i papasabi,Tó! Aîpó n'i papasabi!
"Ó! Isso não seria possível contar, ainda que o sol se pusesse!","Tó! Aîpó n'i papasabi, kûarasymo oîké îepémo!",Aîpó n'i papasabi kûarasymo oîké îepémo!,"Tó! Aîpó n'i papasabi, kûarasymo oîké îepémo!"
"Oh! Que há aqui, na verdade, semelhante a um canindé azul?","To! Anhẽ, mba'epe ké kanindéoby îasûara?",Mba'epe ké îagûaraoby îasûara?,"To! Anhẽ, mba'epe ké kanindéoby îasûara?"
Oh! Estes são castelhanos?,Tó! Kasîanap'ikó?,Té! Kasîanap'ikó?,Tó! Kasîanap'ikó?
Eh! Onde ele está?,Tó! Mamõpe ahẽ rekóû?,"Tó, mamõpe?",Tó! Mamõpe ahẽ rekóû?
Eh! Onde ele está?,Tó! Mamõpe ahẽ rekóû?,"Tó, mamõpe?",Tó! Mamõpe ahẽ rekóû?
Oh! Quem aqui dá a cara?,"To, ahẽ! Abápe ké sobasẽ?","Îu, abá ké?","To, ahẽ! Abápe ké sobasẽ?"
"Oh, então assim é, na verdade!","Tó, inã îepé ra'e!",Anhẽ ûĩ ûĩ!,"Tó, inã îepé ra'e!"
cara,tobá,Aîo'ok,tobá
rosto,tobá,tobá,tobá
espinhas do rosto,Tobá kuruba,poti'a (m),Tobá kuruba
sardas do rosto,tobá pinima,resáporopotara,tobá pinima
enfeites do rosto,tobá posanga,tesá pora,tobá posanga
folha,toba; ka'a,ybypomombykypyra,toba; ka'a
máscara,tobara'angaba,tesaetá,tobara'angaba
Que chegue logo ao lugar de o matarem,T'obasem esapy'a o îukaûãme,Eîori anhẽ morapitîagûera pé oú,T'osyk esapy'a o îukaagûãme
Que chegue logo ao lugar em que o matarão,T'obasem esapy'a o îukaûãme,Koromõ i xupé Ebapó i îukáû,T'obasem esapy'a o îukaûãme
"cara ruim, mau humor",tobasy,nhemoŷrõ,tobasy
"Que retire as coisas más de minha alma, enchendoa com seu amor",T'ogûenosem mba'eaíba xe 'anga suí o poroaûsuba resé i moynysema,"Eîpe'a mamõ xe 'anga suí mba'eaíba, xe poroaûsuba resé i moynysema",T'ogûenosem mba'eaíba xe 'anga suí o poroaûsuba resé i moynysema
Para que creiam os que se batizarão,T'ogûerobîá oîemongaraiba'erama,I mongaraibypyra rerobîá,T'ogûerobîá oîemongaraiba'erama
"Que não se desvie de Deus, seu criador",T'oîaby umẽ Tupã o monhangara,N'opabi Tupã o monhangara,T'oîaby umẽ Tupã o monhangara
"Que ouça, então, alguma coisa, para fazer estar bem sua alma",T'oîapysaká a'ereme marã o 'anga moingókatuagûama resé,"Mba'e resé nhenduba, o ekobé moaysóbo",T'oîapysaká a'ereme marã o 'anga moingókatuagûama resé
Que se arranquem de mim meus olhos concupiscentes,T'oîe'ok ixé suí xe resáporopotara,Eîpytybyrok xe resá ixébo,T'oîe'ok ixé suí xe resáporopotara
Que recrudesça minha antiga maldade!,T'oîepun xe marandûera!,Eîpotarĩ xe angaîpagûera!,T'oîepun xe marandûera!
Que pareçam juntarse como um só,T'oîese'ary berame'ĩ oîepekaturamo,Îasûareté t'oîese'a oîepegûasu,T'oîese'ary berame'ĩ oîepekaturamo
Que pareçam juntarse como um só,T'oîese'ary berame'ĩ oîepekaturamo,Îasûareté t'oîese'a oîepegûasu,T'oîese'ary berame'ĩ oîepekaturamo
Vivendo como se estivessem unidos,T'oîese'ary berame'ĩ oîkóbo,Îoîoaby oîkóbo,T'oîese'ary berame'ĩ oîkóbo
"Há de se me deparar algum, primeiro",T'oîesub amõ ixébo ranhẽ,A'ekatu amõ resé,T'oîesub amõ ixébo ranhẽ
Que esteja tudo o que está na terra segundo a tua vontade,T'oîkó pabẽ ybypesûara nde remimotara rupi,Esó tuîba'e opakatu ikó ybype oîkoba'e,T'oîkó pabẽ ybypesûara nde remimotara rupi
Que não esteja o maldito perto de mim,T'oîkó umẽ moxy xe ypybo,Eîpotare'ym kó mara'abora xe ypybo,T'oîkó umẽ moxy xe ypybo
Que ele não esteja pelas ocas a agitar nossas almas,T'oîkó umẽ oka rupi oré 'anga monguébo,T'oîkó umẽ xe pyri oré 'anga mopu'ama,T'oîkó umẽ oka rupi oré 'anga monguébo
Que não esteja pelas casas para afrouxar nossas almas,T'oîkó umẽ oka rupi oré 'anga monguébo,T'oîkó umẽ oka rupi oré 'anga monguébo,T'oîkó umẽ oka rupi oré 'anga monguébo
Que conheça o caminho do céu,T'oîkuab ybaka piara,T'oîkuab ybaka piara,T'oîkuab ybaka piara
"Que conheça o caminho do céu, obra de Deus (lit, o que Deus faz)","T'oîkuab ybaka piara, Tupana remimonhanga","Ybaka piara, Tupana remimonhanga kuapa","T'oîkuab ybaka piara, Tupana remimonhanga"
Que dê hoje a nós seu filho muito belo,T'oîme'eng kori îandébo o membyporangeté,Eîme'eng kori îandébo o membyporangeté,T'oîme'eng kori îandébo o membyporangeté
Que reparta teu filho um pouquinho de virtude conosco,T'oîmoîa'ok nde membyra tekokatu'ĩ amõ orébe,Nde membyra tekomemûã anhõ orébe oîmoîa'ok,T'oîmoîa'ok nde membyra tekokatu'ĩ amõ orébe
Que se compadeçam dele os judeus,T'oîporeaûsuberekó îudeus,Îudeus i poraûsubari,T'oîporeaûsuberekó îudeus
Que ele deseje muito a lei de Deus,T'oî'useîkatu Tupã rekó,Tupã asé rekomonhanga potá nhote,T'oî'useîkatu Tupã rekó
Que queimem em teu fogo,T'okaî nde ratá pupé,Îandé ratápe t'okaî,T'okaî nde ratá pupé
"Que queimem em teu fogo, para que os pecados dos malditos tenham retribuição","T'okaî nde ratá pupé, ta sepy muru angaîpaba","T'okaî nde ratá pupé, t'oîemoîekosub i pysyrõba'epûera tekoangaîpaba repyramo","T'okaî nde ratá pupé, ta sepy muru angaîpaba"
cercado,tokaia,atyra,tokaia
curral,tokaia,monhopa'ümondoar; moioparab; mopa'ü,tokaia
gaiola,tokaia,(variedades): karapuku; urupé etc coisa,tokaia
Que desapareça vossa lei antiga,T'okanhẽ pe rekopûera,Îandé reîmbaba rekopûera t'okaî,T'okanhẽ pe rekopûera
Que olhe para nós o neném compadecedor,T'oma'ẽ îandé resé pitangĩmoraûsubara,Pitanga'uba osepîak irã,T'oma'ẽ îandé resé pitangĩmoraûsubara
Ele há de morrer!,T'omanõ ká!,T'omanõ ká!,T'omanõ ká!
Que morra!,T'omanõ!,T'okanhem!,T'omanõ!
Que o faça perdoar a nós,T'omoîerekûab orébo,Nde nhyrõ orébo,T'omoîerekûab orébo
Que fuja o diabo dele,T'onhegûasem Anhanga i xuí,Anhanga pe'abo,T'onhegûasem Anhanga i xuí
Que se lembre bem de que Deus branqueou sua alma,T'onhemoma'enduákatu Tupã o 'anga momorotingûera resé,I ma'enduákatu Tupã i py'a moîasukaagûera resé,T'onhemoma'enduákatu Tupã o 'anga momorotingûera resé
Façase tua vontade,T'onhemonhang nde remimotara,Nde remimotara t'onhemonhang,T'onhemonhang nde remimotara
Façase tua vontade,T'onhemonhang nde remimotara,Nde remimotara t'onhemonhang,T'onhemonhang nde remimotara
Que se acautelem futuramente os habitantes da terra para que não creiam nele,T'onhemosako'i irã yby pora t'ogûerobîar umẽ,T'oîkotebẽ kori yby pora t'ogûerobîar umẽ i xupé,T'onhemosako'i irã yby pora t'ogûerobîar umẽ
carne,to'o,to'o,to'o
polpa (de fruta),to'o,Asyaîká,to'o
A mirra de polpa era o anúncio de sua futura morte pela gente,To'o suí mirra moroesé se'õagûama mombegûaba,To'o suí mirra morapitîagûama porarábo,To'o suí mirra moroesé se'õagûama mombegûaba
pálpebra,topé,poti'a (m),topé
vagem,topé,pe'a,topé
pestana,topeaba,poti'a (m),topeaba
vagem cheia,Topépungá,urupema,Topépungá
sono,"topesyia # estar com sono: opesyi (r, s) (xe)",kunusãia,"topesyia # estar com sono: opesyi (r, s) (xe)"
vagem seca (pronta para ser colhida),Topétininga,gûyrákysé,Topétininga
"vagem seca, pronta para ser colhida",topétininga,aîpi 'y,topétininga
Que perguntem ao padre ao se confessarem,T'oporandu abaré supé o nhemombegûápe,Abaré supé sóû îemombegûabo,T'oporandu abaré supé o nhemombegûápe
Que estejam atacando gente,T'oporepenhã oîkóbo,T'oúne moroupá,T'oporepenhã oîkóbo
Que bata no diabo,T'opûar anhanga ri,I angaîpabetépe aîpó,T'opûar anhanga ri
tora,topytá,só,topytá
Para que sejamos dignos do que Cristo prometeu,T'oré angaturãne Cristo remienõîûera resé,Cristo îandé rekomonhangaba rupi nhẽ,T'oré angaturãne Cristo remienõîûera resé
Que sejamos dignos do que Cristo prometeu,T'oré angaturãne Cristo remienõîûera resé,Cristãos remienõîûera resé nhẽ t'îaîkó,T'oré angaturãne Cristo remienõîûera resé
Que sejamos dignos do lugar futuro de nosso regozijo,T'oré angaturãne oré îekosubagûama ri,Îandé rekokaturama resé îandé moingobébo,T'oré angaturãne oré îekosubagûama ri
Que nós sejamos corajosos,T'oré pyatã,Îarekó kane'õ,T'oré pyatã
"Que sejamos corajosos, sim","T'oré pyatã, angá",Îandé pyatã,"T'oré pyatã, angá"
"Que sejamos corajosos, sim, suportando as coisas dolorosas","T'oré pyatã, angá, mba'easy porarábo",I abaíbeté nhẽ asé o aîpó o angaîpaba tekóreme,"T'oré pyatã, angá, mba'easy porarábo"
"Que sejamos corajosos, sim, suportando as coisas dolorosas","T'oré pyatã, angá, mba'easy porarábo",I abaíbeté nhẽ asé o aîpó o angaîpaba tekóreme,"T'oré pyatã, angá, mba'easy porarábo"
"Que sejamos corajosos, sim, suportando as coisas dolorosas como tu","T'oré pyatã, angá, mba'easy porarábo nde îá","Îandé ratãngatu, îandé angaturama resé, mba'easy porarábo nde îabé","T'oré pyatã, angá, mba'easy porarábo nde îá"
Que eu te busque as pegadas,T'oroakypûereká,Nde reká tenhẽ,T'oroakypûereká
Havemos de chegar ao céu,T'orobasẽne ybakype,T'orobasẽne ybaky,T'orobasẽne ybakype
"Havemos de chegar ao céu, ao lugar em que tu te revelas",T'orobasẽne ybakype nde îepîakukasápe,T'orobasẽne ybakype nde îepîakukasápe,T'orobasẽne ybakype nde îepîakukasápe
"Que tenhamos, em sua terra, junto de ti, a vida eterna","T'orogûerekó, setãme, nde pyri, tekopuku","T'orogûerekó, setãme, nde pyri, tekópuku","T'orogûerekó, setãme, nde pyri, tekopuku"
"Que tenhamos, em sua morada, junto de ti, a vida eterna","T'orogûerekó, setãme, nde pyri, tekópuku","T'orogûerekó nde pyri, nde roka pupé, tekópuku","T'orogûerekó, setãme, nde pyri, tekópuku"
Choremos sempre,T'oroîase'o memẽ,Îandé rarõmo îepi,T'oroîase'o memẽ
Que estejamos perto de ti,T'oroîkó nde ypype nhẽ,T'oroîkó nde pyri,T'oroîkó nde ypype nhẽ
"Que estejamos perto de ti, espantando nossos inimigos","T'oroîkó nde ypype nhẽ, oré sumarã mondyîa","Îaîkó nde pyri, îandé sumarã mondyîa","T'oroîkó nde ypype nhẽ, oré sumarã mondyîa"
Havemos de nos ajudar um ao outro para criarmos nossos filhos,T'oroîopytybõne oré poromonhangagûera mongakuapa,Îandé îopytybõmo îandé poromonhangagûera mongakuapa,T'oroîopytybõne oré poromonhangagûera mongakuapa
Que ajudemos um ao outro para criarmos nossos filhos,T'oroîopytybõne oré poromonhangagûera mongakuapa,Îandé poromonhangagûera mongakuapa,T'oroîopytybõne oré poromonhangagûera mongakuapa
Com minha esposa ajudarnosemos um ao outro,T'oroîopytybõne xe remirekó ndi,T'oroîopytybõne xe remirekó ndi,T'oroîopytybõne xe remirekó ndi
Que lancemos fora nossa maldade,T'oroîtyk oré poxy,Îandé aíba suí îaîpe'a,T'oroîtyk oré poxy
"Que lancemos fora nossa maldade, não acreditando nos pajés","T'oroîtyk oré poxy, paîé rerobîare'yma","Îaîpe'a îandé aíba suí, abá rerobîare'yma","T'oroîtyk oré poxy, paîé rerobîare'yma"
"Que lancemos fora nossa maldade, não acreditando nos pajés, em danças e rodopios","T'oroîtyk oré poxy, paîé rerobîare'yma, moraseîa, mbyryryma","Îandé poxy reîtyk, paîé rerobîare'yma, moraseîa, mbyryryma","T'oroîtyk oré poxy, paîé rerobîare'yma, moraseîa, mbyryryma"
"Que lancemos fora nossa maldade, não acreditando nos pajés, em danças, rodopios com feitiços","T'oroîtyk oré poxy, paîé rerobîare'yma, moraseîa, mbyryryma karaimonhanga ndi","Îandé aíba suí îaîpe'a, tinga ruã, moraseîa, mbyryryma, mbyryryma","T'oroîtyk oré poxy, paîé rerobîare'yma, moraseîa, mbyryryma karaimonhanga ndi"
Hei de pescar para ti,T'oroporaká,T'oroîyb pirá endébo,T'oroporaká
Hei de cobrirte,T'oropyk,Aîur nde 'arybo,T'oropyk
Hei de te ajudar,T'oropytybõne,Ixé t'oropytybõne,T'oropytybõne
jato,tororõma,ryryi,tororõma
Que amemos nosso pai,T'orosaûsu îandé ruba,Îandé ruba raûsupa,T'orosaûsu îandé ruba
"Que amemos nosso pai, nosso verdadeiro criador","T'orosaûsu îandé ruba, îandé monhangareté","Îandé ruba, îandé monhangareté, t'orosaûsu","T'orosaûsu îandé ruba, îandé monhangareté"
Havemos de ir contigo,T'orosóne nde rupi,Nde resebé oroîkó,T'orosóne nde rupi
alegria,toryba,"oryb (r, s) [ v oryba (t)]",toryba
Geração da alegria,Toryba nhemonhangaba,Toryba nhemonhangaba,Toryba nhemonhangaba
Tendo alegria,Toryba rerekóbo,Toryba pupé,Toryba rerekóbo
Estou saltando de alegria,Toryba suí apópor gûitekóbo,Apuapuk tekokatu suí,Toryba suí apópor gûitekóbo
felicidade,toryba; torypaba (v oryba (t)]; tekokatu,toryba,toryba; torypaba (v oryba (t)]; tekokatu
Que saia o diabo dela,T'osẽ anhanga i xuí,T'oú i xuí,T'osẽ anhanga i xuí
"Que saia o diabo dela, apartandose com seu mau proceder","T'osẽ Anhanga i xuí, gûekópoxy rerosyîa","Anhanga pe'abo i xuí, i angaîpaba suí i pysyrõmo","T'osẽ Anhanga i xuí, gûekópoxy rerosyîa"
Que ouçam aquilo que tu dizes,T'osendu aîpó nde 'é,Nde nhe'enga renduba,T'osendu aîpó nde 'é
Que não vejam mais o sol!,T'osepîaky bé umẽ kûarasy!,T'osepîaky bé umẽ kûarasy!,T'osepîaky bé umẽ kûarasy!
Que não vá longe a esposa,T'osó umẽ temirekó kûepe,N'opyki ymẽ temirekó reîyîa,T'osó umẽ temirekó kûepe
Que vá sempre minha alma ajuntando virtudes,T'osó xe 'anga îepi tekokatu mono'onga,"Eîmoatã xe 'anga, i angaturamba'e rerekóbo",T'osó xe 'anga îepi tekokatu mono'onga
Que vá toda a minha doença para longe de minha alma,T'osópá xe mara'ara kûepe xe 'anga suí,Eîmosem xe mara'ara xe 'anga suí,T'osópá xe mara'ara kûepe xe 'anga suí
Que chegue logo ao lugar de o matarem,T'osyk esapy'a o îukaagûãme,Eîori anhẽ morapitîagûera pé oú,T'osyk esapy'a o îukaagûãme
Que acabem logo meus afazeres,T'osyk esapy'a xe rekó,Aîmonhang opabĩ xe remimonhanga,T'osyk esapy'a xe rekó
Que não tenha medo de anunciar a Jesus Cristo,T'osykyîé umẽ Îesu Cristo mombegûabo,N'oîkotebẽî Îesu Cristo mombegûabo,T'osykyîé umẽ Îesu Cristo mombegûabo
"Que rezem por mim a Deus como retribuição de eu os amar, de eu os honrar","T'otupãmongetá xe resé ixé o aûsuba, ixé o moeté repyramo","T'i îeruréuká Tupã supé xe resé, ixé o aûsuba, ixé o moetébo","T'otupãmongetá xe resé ixé o aûsuba, ixé o moeté repyramo"
Que venha para nos curar,T'oú îandé posanonga,Eîori oré posanonga,T'oú îandé posanonga
Que venha para nos ajudar meu irmão mais moço,T'oú îandé pytybõmo xe rybyra,Îandé pytybõagûama ri xe rybyra,T'oú îandé pytybõmo xe rybyra
Que os comam os que ficaram em nossas casas,T'o'u îandé roŷpyrûera,Îandé roŷpyrûera t'o'u,T'o'u îandé roŷpyrûera
Que venha para nos fazer felizes,T'oú oré moorypa,Eîori oré moorypa,T'oú oré moorypa
Que venha para leválos todos,T'oú serasóbo pá,Îori opá ogûeraso,T'oú serasóbo pá
"Que venha logo o que me guarda para me livrar dele, combatendoo","T'oú taûîé xe rarõana xe pysyrõmo i xuí, i momarana!","Anhemoanhẽanhẽ xe rarõana, i momarana!","T'oú taûîé xe rarõana xe pysyrõmo i xuí, i momarana!"
Que venha Deus para nos alegrar,T'oú Tupã oré moorypa,Tupã îandé moaûîébo t'oú,T'oú Tupã oré moorypa
Deixa que venha primeiro,T'oú turi  Deixao que venha T'oú turi ranhẽ,Îarûab ranhẽ,T'oú turi Deixao que venha T'oú turi ranhẽ
"Que venha, por teus pedidos, Deus para nos fazer felizes","T'oú, nde îeruresápe, Tupã oré moorypa","Îori, nde îeruresaba resé, Tupã oré moorypa","T'oú, nde îeruresápe, Tupã oré moorypa"
Deixa que venha,T'oúne turi,Eîmoîar,T'oúne turi
Que venha neste dia para aquecer nossa alma,T'our kó 'ara pupé oré 'anga moakupa,Eîori kó 'ara îandé 'anga mo'ẽsabamo,T'our kó 'ara pupé oré 'anga moakupa
Parece bem que sua morte fosse a finalidade com que seu pai o fez viver,Tuba i moingoaba se'õ a'e i aîarõ,I aîarõba'e re'õagûera i aîarõmbyra,Tuba i moingoaba se'õ a'e i aîarõ
ova (de peixe),tuba2,îugûá,tuba2
pai,tuba2,"xe ruba, xe sy",tuba2
enorme,tubixab (v tubixaba),"eburusu (r, s); sufixos",tubixab (v tubixaba)
chefe,tubixaba,yba,tubixaba
(o) muito maior (superlativo),tubixabeté,tubixab (v tubixaba),tubixabeté
Ele é muito grosso,Tubixabeté,I atyragûasu,Tubixabeté
o grande chefe Aimbirê,tubixákatu Aîmbiré,abaregftasu Aîmbiré,tubixákatu Aîmbiré
"O grande chefe Aimbirê, o pervertedor dos índios","Tubixákatu Aîmbiré, apŷaba moangaîpapara","Karaibebé Aîmbiré, apŷaba moangaîpapara","Tubixákatu Aîmbiré, apŷaba moangaîpapara"
empoeirado,tubyr (v tubyra); yi (v yia) emprestar,ikó / ekó (t) ,tubyr (v tubyra); yi (v yia) emprestar
poeira,tubyra; ybytimbora,ybyku'i,tubyra; ybytimbora
sangue,tugiiy,tugiiy,tugiiy
o que foi pai,tugûera,xe ruba mba'e,tugûera
Semelhante a gotas de sangue,Tugûy tykyrûera abŷare'yma,kanga putu'uma,Tugûy tykyrûera abŷare'yma
"Morreu na velhice (D'Evreux, Viagem, 133), O tuîba'e pupé te'õ kuapa  Conhecendo a morte em sua velhice",Tuîba'epe se'õû,Tuîba'epe se'õû,Tuîba'epe se'õû
apodrecer,tuiuk,moaiu,tuiuk
atoleiro,tuiuka,koty,tuiuka
pântano,tuiuka,ybyku'i,tuiuka
lama,"tuiuka; u'uma (r, s); ybyu'uma lamaçal",potaba (m),"tuiuka; u'uma (r, s); ybyu'uma lamaçal"
lamacento,"tuiukja; u'umja (r, s)",apysyk (v apysyka),"tuiukja; u'umja (r, s)"
"tijucal, grande atoleiro, pântano",tuîukusu,tuîukusu,tuîukusu
tucano,tukana,tukura,tukana
"pena de tucano para dança (isto é, pena que os índios levavam comumente quando dançavam",tukana táporaseîa,tupi'aîaraka,tukana táporaseîa
"O tucum é estopento (isto é, fibroso como a estopa)",Tukũ sybyr,Tukũ sybyr,Tukũ sybyr
gafanhoto,tukura,(variedades): karapuku; urupé etc coisa,tukura
Deus,Tupã,Tupã,Tupã
"O próprio Deus a gente honra, de costume",Tupã aé namẽ asé oîmoeté,Tupãeté îandé oîmoeté îandune,Tupã aé namẽ asé oîmoeté
"O próprio Deus, com sua santidade, as almas e os corpos deles fez","Tupã aé, o karaíba pupé, i 'anga seté monhangi",Tupã o karaíba pupé seté o py'a monhangi,"Tupã aé, o karaíba pupé, i 'anga seté monhangi"
Deus fez certa mulher bondosa,Tupã amõ kunhãngatu monhangi,Tupã amõ kunhãngatu monhangi,Tupã amõ kunhãngatu monhangi
Deus fez certa mulher bondosa,Tupã amõ kunhãngatu monhangi,Tupã amõ kunhãngatu monhangi,Tupã amõ kunhãngatu monhangi
Deus fez uma certa mulher bondosa,Tupã amõ kunhãngatu monhangi,Tupã amõ kunhãngatu monhangi,Tupã amõ kunhãngatu monhangi
Deus somente seja a causa de temor ao diabo,Tupã anhõ Anhanga sykyîabamo t'oîkó,Tupã anhõ Anhanga sykyîabamo t'oîkó,Tupã anhõ Anhanga sykyîabamo t'oîkó
Somente Deus é a verdade,Tupã anhõ mba'eeté,Tupãeté,Tupã anhõ mba'eeté
O julgamento de Deus de nós,Tupã asé rekokuapaba,Tupã asé rekomonhangaba,Tupã asé rekokuapaba
Trazendo o resplendor de Deus,Tupã beraba reru,Tupã beraba pupé,Tupã beraba reru
Querendo ser servo de Deus somente,Tupã boîáramo nhõ oîkópotá,Tupã boîáramo nhõ nde rekóû,Tupã boîáramo nhõ oîkópotá
O próprio Deus distinguiu o padre como seu substituto,Tupã é abaré oîmoîa'ok gûekobîaramo,Tupã é abaré oîmoîa'ok gûekobîaramo,Tupã é abaré oîmoîa'ok gûekobîaramo
O próprio Deus distinguiu o padre como seu substituto,Tupã é abaré oîmoîa'ok gûekobîaramo,Tupã é abaré oîmoîa'ok gûekobîaramo,Tupã é abaré oîmoîa'ok gûekobîaramo
Não respeitando o que Deus dissera,Tupã 'éagûera moabaetee'yma,Tupã 'éagûera moabaetee'yma,Tupã 'éagûera moabaetee'yma
"Não era Deus Espírito Santo, mas um sinal da sua vinda","Tupã Espírito Santo anhẽ a'e tatá? Nda Tupã Espírito Santo ruã, tura îekuapaba é  Deus Espírito Santo era, na verdade, aquele fogo?","Na Tupã Espírito Santo ruã, tekobé tiruã é","Tupã Espírito Santo anhẽ a'e tatá? Nda Tupã Espírito Santo ruã, tura îekuapaba é Deus Espírito Santo era, na verdade, aquele fogo?"
"Após não realizar nosso pai primeiro o que Deus havia dito, a morte surgiu nele e em nós também","Tupã 'îaba îandé rubypy i mopore'ym'iré, te'õ 'ari sesé îandé resé béno","Îandé rubypy Tupã 'îaba ogûeba'epûera ogûeromanõmo, oré resebémo bé","Tupã 'îaba îandé rubypy i mopore'ym'iré, te'õ 'ari sesé îandé resé béno"
Segundo o julgamento de nós por Deus,Tupã îandé rekomondykaba rupi,Anhynhyng Tupã remimotara rupi,Tupã îandé rekomondykaba rupi
Deus revelarseá a mim,Tupã îepîakukari xebene,Aîepîakukari Tupã ixébo,Tupã îepîakukari xebene
Estando nós no amor de Deus,Tupã îoaûsuba pupé îaîkóbo,Tupã îoaûsuba pupé îaîkóbo,Tupã îoaûsuba pupé îaîkóbo
"Estando nós no amor de Deus, a verdadeira felicidade temos","Tupã îoaûsuba pupé îaîkóbo, tekokatueté îarekó","Tupã îoaûsuba pupé îaîkóbo, îarekó toryba","Tupã îoaûsuba pupé îaîkóbo, tekokatueté îarekó"
Deus fez vir um anjo no sonho de São José para o avisar,Tupã karaibebé mbouri São José mosaûsuba pupé i momorandupa,Tupã karaibebé mbouri São José 'angype i momorandupa,Tupã karaibebé mbouri São José mosaûsuba pupé i momorandupa
Invocando a Deus ou sua própria alma ou a cruz ou algo verdadeiro,Tupã koîpó o 'anga koîpó cruz koîpó anheté renõîa,Tupã koîpó o ekobéetéramo koîpó cruz koîpó anheté renõîa,Tupã koîpó o 'anga koîpó cruz koîpó anheté renõîa
Honrar a Deus,Tupã moabaeté,Tupã moeteapûanymbyra,Tupã moabaeté
Para honrar a Deus,Tupã moeteagûama resé,Tupã moeteagûama resé,Tupã moeteagûama resé
Aplacando a Deus,Tupã moîerekûapa,Tupã momburûabo,Tupã moîerekûapa
"Sendo igual a Deus, está nas alturas","Tupã moîoîapa, sekóû ybaté","Tupã resé oîemoîoîa'oúreme, i 'ari","Tupã moîoîapa, sekóû ybaté"
Verdadeiros amaldiçoadores de Deus no fogo te assaram,Tupã momburûareté tatá pupé nde resyri,Anheté Tupã nde pe'abo tatápe,Tupã momburûareté tatá pupé nde resyri
Para nos ensinar a orar a Deus,Tupã mongetá resé îandé mbo'ebo nhẽ,Tupã mongetá resé îandé mbo'ebo nhẽ,Tupã mongetá resé îandé mbo'ebo nhẽ
"Deus amate muito, enchendote de graça","Tupã nde raûsubeté, graça ri nde moynysema","Nde raûsubeté Tupã, nde mboepyka","Tupã nde raûsubeté, graça ri nde moynysema"
Para o desaparecimento dos vestígios da transgressão da palavra de Deus,Tupã nhe'enga abŷagûera rakypûera kanhemagûama resé,Tupã nhe'enga abŷagûera mondyka,Tupã nhe'enga abŷagûera rakypûera kanhemagûama resé
"Que confesses a transgressão da palavra de Deus, a persistência nisso também","Tupã nhe'enga abŷagûera t'ereîmombe'u, apore'ymagûera béno",Tupã nhe'enga abŷagûera resé ndeerekomemûãagûera resé bé,"Tupã nhe'enga abŷagûera t'ereîmombe'u, apore'ymagûera béno"
A palavra de Deus experimentei,Tupã nhe'enga asa'ang,Tupã nhe'enga andube'u,Tupã nhe'enga asa'ang
o ensinamento a nós da palavra de Deus,Tupã nhe'enga asé mbo'esaba,Tupã nhe'enga mbo'esaba,Tupã nhe'enga asé mbo'esaba
ensinamento da palavra de Deus,Tupã nhe'enga morombo'esaba,Tupã nhe'enga mbo'esaba,Tupã nhe'enga morombo'esaba
Para escutar a palavra de Deus,Tupã nhe'enga rendubagûama resé,Tupã nhe'enga rendubagûama resé,Tupã nhe'enga rendubagûama resé
consentimento na transgressão da palavra de Deus,Tupã nhe'engaby morybagûera,nhe'ẽ ekoaíba,Tupã nhe'engaby morybagûera
Para bem pagarmos nós a transgressão da palavra de Deus,Tupã nhe'engabŷagûera îandé i moepykatûagûama resé,Tupã nhe'enga abŷagûera resé îandé nhemoîekoagûama resé,Tupã nhe'engabŷagûera îandé i moepykatûagûama resé
A ira de Deus atrairás para ti mesmo,Tupã nhemoŷrõ nhẽ ereîxûé nde îoupéne,Nde resy Tupã,Tupã nhemoŷrõ nhẽ ereîxûé nde îoupéne
a ira de Deus,Tupã nhemoŷrõama,Tupã nhemoŷrõama,Tupã nhemoŷrõama
o que retribui verdadeiramente o amor de Deus a si,Tupã o aûsuba poepykareté,Tupã o aûsuba repyramo oîkóbone,Tupã o aûsuba poepykareté
Consolandose com a compaixão de Deus,Tupã o aûsubaraûama resé onhemoapysyka,Tupã o aûsubaraûama resé îandé moîekosupa,Tupã o aûsubaraûama resé onhemoapysyka
"O que não honra a Deus, seu verdadeiro criador",Tupã o monhangareté moetesare'yma,"Tupã momburûare'yma, monhangareté",Tupã o monhangareté moetesare'yma
Narrar as coisas segundo o modo em que Deus o instruiu,Tupã o motekokuapaba rupi mba'e mombe'u,Tupã remimbo'esaba rupi mba'e mombe'u,Tupã o motekokuapaba rupi mba'e mombe'u
"Deus é um só, de fato, sendo santíssimo, sendo poderoso","Tupã oîepé nhõ nhẽ gûekókaraibetéramo, abaetéramo","Tupã oîepé nhõ, gûekókaraibetéramo, abaetéramo","Tupã oîepé nhõ nhẽ gûekókaraibetéramo, abaetéramo"
"Fazem aplacar a Deus a si mesmos, ao eliminarem a dívida dos pecados de muitos anos",Tupã oîmonhyrõ o îoupé setá nhẽ seîxutatá tekoangaîpaba repymondykápe,E'i Tupã oîmoŷrõmo o îoupé setá nhẽ seîxutatá repyramo,Tupã oîmonhyrõ o îoupé setá nhẽ seîxutatá tekoangaîpaba repymondykápe
Fazem aplacar a Deus a si mesmos para eliminar a dívida dos pecados de diversos anos,Tupã oîmonhyrõ o îoupé setá nhẽ seîxutatá tekoangaîpaba repymondykápe,Tupã moîekosupa oîkóbo setá nhẽ seîxutatá tekoangaîpaba repymondykápe,Tupã oîmonhyrõ o îoupé setá nhẽ seîxutatá tekoangaîpaba repymondykápe
Deus deixou de amálos,Tupã osaûsupe'a,I xupé Tupã osaûsupe'a,Tupã osaûsupe'a
"Deus deixou de amálos, n'Ele confiando fracamente","Tupã osaûsupe'a, sesé oîerobîábebuîa","Tupã osaûsupe'a, o îerobîara oîeapokab","Tupã osaûsupe'a, sesé oîerobîábebuîa"
quinhão de Deus dízimo,Tupã potaba,Tupã mba'e rerekóbo,Tupã potaba
o que está junto de Deus,Tupã pyri oîkoba'e,Tupã pyri oîkoba'e,Tupã pyri oîkoba'e
imagem de Deus,Tupã ra'angaba,Tupã ra'angaba,Tupã ra'angaba
filha de Deus,Tupã raîyra,Tupã raîyra,Tupã raîyra
Do amor a Deus encheu suas almas,Tupã raûsuba resé i 'anga porakari,Tupã raûsuba resé i py'a îaîporaká,Tupã raûsuba resé i 'anga porakari
O que ama verdadeiramente a Deus não tem dificuldades em viver segundo os mandamentos de Deus,Tupã raûsupareté n'oîmoabaíbi Tupã asé rekomonhangaba rupi o ekó,Tupã raûsupareté n'oîmoabaíbi Tupã asé rekomonhangaba rupi o ekó,Tupã raûsupareté n'oîmoabaíbi Tupã asé rekomonhangaba rupi o ekó
"O que ama muito a Deus, bem como o que ama a seu próximo também, não têm dificuldades em viver segundo os mandamentos de Deus","Tupã raûsupareté oîabekatu o apixara raûsupara bé, n'oîmoabaíbi Tupã asé rekomonhangaba rupi o ekó",Tupã o apixara raûsuba'e Tupã asé rekomonhangaba resé o nheangûaba reroîebypyre'yma,"Tupã raûsupareté oîabekatu o apixara raûsupara bé, n'oîmoabaíbi Tupã asé rekomonhangaba rupi o ekó"
"Filho verdadeiro de Deus é, de fato, esse homem",Tupã ra'yreté anhẽ ikó abá,Tupã ra'yreté a'e abá,Tupã ra'yreté anhẽ ikó abá
Lançando palavras contra a lei de Deus,Tupã rekó koty nhe'enga reîtyka,Tupã rekó koty nhe'enga mombegûabo,Tupã rekó koty nhe'enga reîtyka
Proclamando a lei de Deus,Tupã rekó mombegûabo,Tupã asé rekomonhangaba mondarõmo,Tupã rekó mombegûabo
Maldizendo a lei de Deus,Tupã rekó momburûabo,Tupã rekó momburûabo,Tupã rekó momburûabo
interesse pela lei de Deus,Tupã rekó resé nhemoryryîa,Tupã rekó resé,Tupã rekó resé nhemoryryîa
desinteresse pela lei de Deus,Tupã rekó resé nhemoryryîe'yma,Tupã rekó resé n'aîkee'ymi,Tupã rekó resé nhemoryryîe'yma
o que Deus dá segundo seus propósitos,Tupã remime'enga o ekopotasaba rupi,Tupã remime'enga o ekopotasaba rupi,Tupã remime'enga o ekopotasaba rupi
Segundo a vontade de Deus,Tupã remimotara rupi,Tupã remimotara,Tupã remimotara rupi
O que nos faz estar segundo a vontade de Deus,Tupã remimotara rupi asé moingosara,Îandé moingobé Tupã remimotara rupi,Tupã remimotara rupi asé moingosara
Pondome segundo a vontade de Deus,Tupã remimotara rupi xe moingóbo,Tupã remimotara rupi aîmoín,Tupã remimotara rupi xe moingóbo
"Verdadeira morada de Deus, filha de Deus","Tupã rendabeté, Tupã raîyra","Tupã rendabeté, Tupã raîyra","Tupã rendabeté, Tupã raîyra"
"Verdadeira estância de Deus, filha de Deus","Tupã rendabeté, Tupã raîyra","Tupã rendabeté, Tupã raîyra","Tupã rendabeté, Tupã raîyra"
A boa crença em Deus de teu coração não se desprendeu,Tupã rerobîákatu nde py'a suí nd'o'iri,Nde py'a pupé Tupã rerobîara nd'e'i nhyrõî nde suí,Tupã rerobîákatu nde py'a suí nd'o'iri
"Por não recear proclamar a fé em Deus, os pecadores mataram São Mateus","Tupã rerobîara mombe'u posykyîee'yma resé, angaîpaba São Mateus îukáû","Tupã rerobîara mombe'u posykyîee'yma resé, angaîpaba São Mateus îukáû","Tupã rerobîara mombe'u posykyîee'yma resé, angaîpaba São Mateus îukáû"
Fazendo Deus descer consigo do céu,Tupã reroîypa ybaka suí,Tupã osó ybaka suí nde irũmo,Tupã reroîypa ybaka suí
Eis que estou à vista de Deus,Tupã resápe ã xe rekóû,Kó Tupã robaké aîkó,Tupã resápe ã xe rekóû
Bem aos olhos de Deus essas vossas ações são contadas,Tupã resápekatu kó pe rekó rekóû i paparypyramo,Tupã resápe iî tekorama nde repyramo ûĩ,Tupã resápekatu kó pe rekó rekóû i paparypyramo
A partilha entre si de suas obras por Deus,Tupã resé marã o ekó o îoupé moîa'oîa'okaba,I Tupã resé i porabykysaba îaîmoîa'ok,Tupã resé marã o ekó o îoupé moîa'oîa'okaba
O que se preocupa com Deus,Tupã resé o nheangerekosara,Tupã resé o nheangerekosara,Tupã resé o nheangerekosara
Ficando de mal com Deus,Tupã resé oîeerekomemûãmo,Îandé Tupã moasy,Tupã resé oîeerekomemûãmo
Os que se fizeram matar por causa de Deus,Tupã resé oîeîukáukaba'epûera,Tupã resé oîeîukáukaba'epûera,Tupã resé oîeîukáukaba'epûera
os que se salvam em Deus,Tupã resé oîepysyrõba'e,Tupã resé îerobîara,Tupã resé oîepysyrõba'e
Eis que até mesmo contra Deus murmura,Tupã resé tiruã kó nhe'enga reîtyki,Tupã resé tiruã nhe'enga mombegûabo,Tupã resé tiruã kó nhe'enga reîtyki
Até mesmo em Deus este lança palavras,Tupã resé tiruã kó nhe'enga reîtyki,Tupã resé tiruã kó nhe'enga reîtyki,Tupã resé tiruã kó nhe'enga reîtyki
"Estando diante de Deus, de mim não te afastas","Tupã robaké eîkóbo, xe suí nd'eresyryki","Tupã robaké, xe mo'ar umẽ îepé","Tupã robaké eîkóbo, xe suí nd'eresyryki"
A não ser que Deus não a fizesse estar consigo,Tupã serekó e'ymetemonaémo,Nde resé Tupã îepé i moingó îepé,Tupã serekó e'ymetemonaémo
Querendo que eles se afastem de Deus,Tupã suí i îepe'apotá,Tupã suí i îepe'apotá,Tupã suí i îepe'apotá
os reis inimigos de Deus,Tupã sumarã reîa,Morubixaba Tupã resé o aîuri'yma,Tupã sumarã reîa
Orando eu para Deus,Tupã supé ûiîerurébo,Ixé Tupã mongetá resé ûiîerurébo,Tupã supé ûiîerurébo
O nosso chamado à mãe de Deus fálo sofrer muito,Tupã sy îandé senõîa oîmoasykatueté,Îandé sy Tupã sy t'îasó sapirõngatu resé,Tupã sy îandé senõîa oîmoasykatueté
A mãe de Deus está sabendo todas as coisas,Tupã sy opabenhẽ mba'e oîkuab oîkóbo,I Tupana opabenhẽ mba'e oîkuab,Tupã sy opabenhẽ mba'e oîkuab oîkóbo
"Que amemos a mãe de Deus, por ela interessandonos","Tupã sy t'îasaûsu, sesé îanhemoryryîa","Asaûsu Tupã sy, sesé gûinhemoryryîa","Tupã sy t'îasaûsu, sesé îanhemoryryîa"
"A mãe de Deus, senhora desta aldeia, não queirais apresála","Tupã sy, kó tabyîara, na pemoembiápotari","I Tupã, kó taba îara, nd'oîpotari anhẽ","Tupã sy, kó tabyîara, na pemoembiápotari"
"A mãe de Deus, a que me ameaça","Tupã sy, xe momburûara","karaiõ, xe suí osykyîéba'e","Tupã sy, xe momburûara"
Mãe de Deus muito bela,Tupã syporangeté,karaiõporangeté,Tupã syporangeté
Foi ela feita para ser a futura mãe de Deus,Tupã syrama ri i monhangymbyra,I pupé Tupã syrama ri i monhangymbyra,Tupã syrama ri i monhangymbyra
Para mãe de Deus é feita,Tupã syrama ri i monhangymbyra,I Tupã Tuba ri i monhangymbyra,Tupã syrama ri i monhangymbyra
Para mãe de Deus é que é feita,Tupã syrama ri i monhangymbyra,Tupã syrama ri i monhangymbyra,Tupã syrama ri i monhangymbyra
Para ser a futura mãe de Deus ela foi feita,Tupã syrama ri i monhangymbyra…,I Tupã syramo nhẽ sekóû re'a,Tupã syrama ri i monhangymbyra...
Sendo mãe de Deus é que ela é a causa verdadeira da bondade dele,Tupã syramo oîkóbo é i angaturambabetéramo sekóû,I Tupã Tuba ramo é i angaturambabetéramo sekóû,Tupã syramo oîkóbo é i angaturambabetéramo sekóû
Deus o tomou,Tupã tari,Tupã tari,Tupã tari
"Após nascer DeusFilho de sua mãe, os judeus cortaram seu prepúcio",Tupã Ta'yra o sy suí i 'ar'iré îudeus i 'apira mondoki,Tupã sy membyramo i 'ar'iré îudeus i akanga kábo,Tupã Ta'yra o sy suí i 'ar'iré îudeus i 'apira mondoki
"Dos mandamentos de Deus eu era transgressor, na verdade",Tupã tekomonhangaba i abŷaramo ra'e,Tupã asé rekomonhangaba rupi ahẽ rekóû anhẽ,Tupã tekomonhangaba i abŷaramo ra'e
DeusPai,Tupã Tuba,Tupã,Tupã Tuba
DeusPai fezte vir,Tupã Tuba nde mbouri ,Nde resemõ Tupã,Tupã Tuba nde mbouri 
trovão,tupã; amãsununga; tupãsununga trucidador,ybytu ratá,tupã; amãsununga; tupãsununga trucidador
leito,tupaba,apykaba,tupaba
raio,tupãberaba,amandaba,tupãberaba
A crença no Deus verdadeiro encheu meu interior,Tupãeté rerobîara îaîporaká xe ybỹîa,Tupãeté rerobîara îaîporaká xe 'anga,Tupãeté rerobîara îaîporaká xe ybỹîa
Pelo Deus verdadeiro faço perguntas a ti,Tupãeté resé aporandub endébe,Tupãeté resé aporombo'ebo,Tupãeté resé aporandub endébe
antigo jazigo,tupagûera,ypeka,tupagûera
por meio da oração,tupãmongetá pupé,ierurébo,tupãmongetá pupé
conhecendo a Deus,Tupana kuapa,Tupã kuapa,Tupana kuapa
"Conhecendo a Deus, agora amo meu senhor Jesus","Tupana kuapa, ko'y asaûsu xe îara Îesu","Tupã kuapápe, ko'y asaûsu xe îara Îesu","Tupana kuapa, ko'y asaûsu xe îara Îesu"
a palavra de Deus,Tupana nhe'enga,Tupana nhe'enga,Tupana nhe'enga
"o que Deus faz, o feito de Deus",Tupana remimonhanga,Tupã remimonhangara,Tupana remimonhanga
"Contendo a Deus, está cheio teu ventre","Tupana rerupa, i por nde rygé",Tupã resé nhõ nde rygé porakari,"Tupana rerupa, i por nde rygé"
Em Deus somente faze estar tua alma,Tupana ri nhõ nde 'anga eîmoín,Tupã anhõ nde rekobé rerekóbo,Tupana ri nhõ nde 'anga eîmoín
Sendo tu Deus também,Tupãnamo eîkóbo bé,Nde abé Tupã îabé,Tupãnamo eîkóbo bé
Por ocasião de um dia santo foste para longe?,Tupãneme nhẽpe eresó kûepe?,Tupãneme nhẽpe eresó kûepe?,Tupãneme nhẽpe eresó kûepe?
igreja,tupãoka,tupãoka,tupãoka
"apropriada para igreja (pex, roupa)",tupãoka arõana,tupãoka,tupãoka arõana
É o que deve ser expulso da igreja,Tupãoka suí i mosemymbyra,Akó Tupãoka suí i mosemymbyra,Tupãoka suí i mosemymbyra
lugar em que estará fundada a igreja,Tupãokupagûama,tupãoka reîtykaba,Tupãokupagûama
ovo,tupi'a,tupi'a,tupi'a
"o amarelo do ovo, isto é, a gema",tupi'aîuba,îukyruru,tupi'aîuba
adversário,tupiara,adversário,tupiara
"os tupiniquins, habitantes daqui",tupinakyîa keygûara,Tupiniku'iygûara,tupinakyîa keygûara
"Tupiniquins, habitantes daqui, espiões inimigos","Tupinakyîa, keygûara, tĩapyra moroupîara","Tupinakyîa, keygûara, tĩapyra moroupîara","Tupinakyîa, keygûara, tĩapyra moroupîara"
Os tupinambás que esfregavam a seu Deus arrasamos todos,Tupinambá i Tupã osyba'epûera opakatu îamombá,I Tupã sy momburuba'e îandé moaûîéû,Tupinambá i Tupã osyba'epûera opakatu îamombá
"Como modo de honrar sua vinda, este dia honramos",Turagûera moetesabamo kó 'ara îamoeté,"I îaregûara moîegûaka, kori îamoeté",Turagûera moetesabamo kó 'ara îamoeté
"Como modo de honrar sua vinda, comemoramos este dia",Turagûera moetesabamo kó 'ara îamoeté,"I rura moîegûaka, îamoeté kó 'ara",Turagûera moetesabamo kó 'ara îamoeté
enquanto ele não vem,ture'yma pukuî,i 'o'are'yma,ture'yma pukuî
maior algum tanto,turusu bé'ĩ,turusu bé'ĩ,turusu bé'ĩ
Ele é medianamente grande,Turusu nhote,I popebusu Eu sou grande I popebusu,Turusu nhote
Grande é meu cansaço,Turusu xe kane'õ,Aîerépépépyryb,Turusu xe kane'õ
Muito é o meu cansaço,Turusu xe kane'õ,Aîerépépépyténe,Turusu xe kane'õ
Ele é mais bonito,Turusueté  Ele é maior I porangeté,I porangeté,Turusueté Ele é maior I porangeté
Ele é medianamente grande,Turusu'ĩ,I popebusu Eu sou grande I popebusu,Turusu nhote
Era muito grande Por isso mesmo ficava caindo com ela,Turusukatu Nd'e'i te'e sero'aro'a,"I îugûasu, a'e suí o'á",Turusukatu Nd'e'i te'e sero'aro'a
muito maior,turusukatueté,turusu bé'ĩ,turusukatueté
Era muito grande aquela cruz?,Turusukatupe a'e cruz erimba'e?,Turusukatupe a'e cruz?,Turusukatupe a'e cruz erimba'e?
É medianamente grande,Turusunhota'ub,I popebusu Eu sou grande I popebusu,Turusunhota'ubĩ
É medianamente grande,Turusunhota'ubĩ,I popebusu Eu sou grande I popebusu,Turusunhota'ubĩ
Elas são grandes?,Turusupe?,Turusupe?,Turusupe?
É algum tanto grande,Turusupyryb,Aîmomboîkatu,Turusupyryb
líquido,ty2; tyku,moapy esmagar,ty2; tyku
umidade,ty2; yby'y; akymaíba,amanybá,ty2; yby'y; akymaíba
suor,tyaía,ambyasy,tyaía
gancho,tyãia,apykaba,tyãia
"água cheia grande, maré alta",tyapogûasu,ybaté,tyapogûasu
cheiro,tyapúana,marãmotara; iurupari; tagílafüa demoradamente,tyapúana
ajuntamento,tyba,monhopa'ümondoar; moioparab; mopa'ü,tyba
jazida,tyba,ybyku'i,tyba
sepultura,tyby,nhemim # segredos: nhemim escorar,tyby
cova de sepultura,Tybykûara,nhemim # segredos: nhemim escorar,Tybykûara
sobrancelha,tybytaba,iekuakubusu,tybytaba
abdômen,tygé,aruru,tygé
barriga,tygé,popesftara,tygé
ventre,tygé,tygé,tygé
intestino,tygeapftá,tygé,tygeapftá
cio,tygfiyrõ,(rel a lugar):,tygfiyrõ
destruído,tygüer (v tygüera),kanhemja,tygüer (v tygüera)
ciúme,tygüyrõ # ter ciúme: mondar,nhe'eng,tygüyrõ # ter ciúme: mondar
Na dor dos ciúmes ficaste suspeitando das mulheres?,Tygûyrõ rasype é kunhã eremondámondá?,Ereîkapyrokype kunhã resé nde posaûsupa?,Tygûyrõ rasype é kunhã eremondámondá?
bolor,tygynõ,kartlaba,tygynõ
mofo,tygynõ,kartlaba,tygynõ
espuma,tyiuia,se,tyiuia
"Estão em grande número, são muitos",Tyk e'i,Aîbyîebeté,Tyk e'i
"o que é líquido, o que é ralo",tykuba'e,tykuba'e,tykuba'e
pingar,tykyr (xe),ka'aysá,tykyr (xe)
gota,tykyra,pytu (xe),tykyra
enterrar,tym (,"atiaija (r, s)",tym (
canela (parte do corpo),tymãkanga,tymãkanga,tymãkanga
Elas estão sempre cheias,Tynysẽ memẽ,Tynysẽ memẽ,Tynysẽ memẽ
Estão sempre cheias as igaçabas,Tynysẽ memẽ ygasaba,Aîporaká memẽ,Tynysẽ memẽ ygasaba
Estão sempre cheias as igaçabas,Tynysẽ memẽ ygasaba,Aîporaká memẽ,Tynysẽ memẽ ygasaba
Estão sempre cheias as igaçabas Não abrem mão do cauim,Tynysẽ memẽ ygasaba N'i apori kaûĩ resé,I gûapyî mokongatu,Tynysẽ memẽ ygasaba N'i apori kaûĩ resé
Abundava o amor de Deus em teu coração outrora,Tynysẽ Tupã raûsuba nde nhy'ãme erimba'e,I 'anga pupé Tupã raûsuba ture'ym,Tynysẽ Tupã raûsuba nde nhy'ãme erimba'e
Já transborda o cauim,Tynysẽ umã kaûĩ,Kaûĩ reîtyka nhẽ,Tynysẽ umã kaûĩ
Já transborda o cauim,Tynysẽ umã kaûĩ,Kaûĩ reîtyka nhẽ,Tynysẽ umã kaûĩ
"Está muito cheia Santa Maria daquela coisa muito boa chamada ""graça""?","Tynysẽngatupe Santa Maria aîpó mba'eeté ""graça"" 'îaba resé?","Oîmomboreaûsubok serã Santa Maria aîpó mba'eeté ""graça"" 'îaba resé?","Tynysẽngatupe Santa Maria aîpó mba'eeté ""graça"" 'îaba resé?"
Ele secou,Typab,(intr): syi; tumung; tytyk; (tr): mondyi; mopiring; motumung,Typab
Ele tem a água esgotada,Typab,Îasytatá serã,Typab
suco,typílera,aîpi 'y,typílera
fundura dele,typy,pora,typy
Ele é fundo,Typy,Iî apuku,Typy
"farinha de tipiaca, isto é, feita da mandioca crua coalhada em suspensão na água",Typy'aku'i,ka'a,Typy'aku'i
farinha da mesma água da mandioca crua coalhada,typy'oku'i,'é 'ykaraíba ruru,typy'oku'i
arrepio,tyrá,aruru,tyrá
arisco,tyryk,tupi'a,tyryk
fila,tysy,apykaba,tysy
fileira,tysy,apykaba,tysy
palpitar,tytyk,moepy,tytyk
bexiga,tyuru,aruru,tyuru
beber,u,(fal de fruto): 'ueté; 'upé,u
"ingerir (comida, bebida, fumo)",u (v tr Lrr) inglês,Aî'useî,u (v tr Lrr) inglês
palmito,u'ã,(variedades): pindoba; tukü; pati; pysandó; ieisara; inaiá; karaná; iupati; maraia'yba; karana'yba etc,u'ã
coxa,uba,ipó,uba
cana,ubá,(variedades): aty; gílakagílasu etc galho,ubá
envoltório,ubandaba,koty,ubandaba
imenso,"ubixab/a (r, s); katupabé; matueté imigrar",Aîmomboîkatu,"ubixab/a (r, s); katupabé; matueté imigrar"
ensanguentado,"ugiiy (r, s) [v ugiiy (t)] enseada",kyrá,"ugiiy (r, s) [v ugiiy (t)] enseada"
quarto traseiro que se parte de um animal ou de uma pessoa,ugûera,ugûera,ugûera
farinha,"u'i # farinha mole, farinha",to'o,"u'i # farinha mole, farinha"
"de acolá, dali",ûĩ suí,eboûinga suí,ûĩ suí
"Tendo falta do acompanhamento da farinha (isto é, da carne ou do peixe)",U'i tyrama resé ekotebẽmo,Nde resemõ umẽ so'o,U'i tyrama resé ekotebẽmo
"pelouros grandes que se faziam da mandioca curtida, com que depois davam cor à farinha de guerra",u'iapu'a,u'iapu'a,u'iapu'a
grão de farinha,U'iesakytã,eíra,U'iesakytã
"dali, daquele lugar",ûĩinga suí,aîpó suí,ûĩinga suí
Indo eu para trabalhar,Ûiporabykŷabo gûixóbo,Ûiporabykŷabo asó,Ûiporabykŷabo gûixóbo
"farinha puba, farinha d'água, ou seja, de mandioca curtida, que se espremia no tipiti e que se passava pela urupema",u'ipuba,îukyrapu'a,u'ipuba
var de farinha de mandioca,u'ipuku,amynyîuaoba,u'ipuku
de onde? donde?,umã suí?,umã suí?,umã suí?
"de que parte de, de que lugar específico? (Pex, perguntando a alguém que vem de Paraguaçu de qual das fazendas ali situadas ele vem)",umã suíkatu?,marãngoty suí?,umã suíkatu?
Qual? Aquele Lourenço tostado?,Umã? Akó Rorẽka'ẽ?,"Mba'epipó, Rorẽka'ẽ?",Umã? Akó Rorẽka'ẽ?
Em quais dias a gente se confessa?,Umãba'e 'ara pupé asé nhemombe'uû?,Mba'emba'eremepe asé îeruréû i moîá?,Umãba'e 'ara pupé asé nhemombe'uû?
Com quais mulheres um homem não se casará?,Umãba'e kunhã resépe abá nd'omendari xûéne?,Umãba'e kunhã resépe abá nd'omendari xûéne?,Umãba'e kunhã resépe abá nd'omendari xûéne?
Qual foi o primeiro?,Umãba'e ranhẽpe erimba'e oîkó?,Marãba'e ranhẽpe erimba'e oîkó?,Umãba'e ranhẽpe erimba'e oîkó?
"E onde está aquele limbo, morada das crianças que não foram batizadas?",Umãmepe a'e putunusu pitanga nhemongaraibypyre'yma rekoaba rekóû?,"Umãmepe a'e limbó, pitanga nhemongaraibypyre'yma rekoaba rekóû?",Umãmepe a'e putunusu pitanga nhemongaraibypyre'yma rekoaba rekóû?
Onde deixou os outros?,Umãmepe amoaé reîari?,Umãmepe amoaé reîari?,Umãmepe amoaé reîari?
Onde a gente se reunirá?,Umãmepe asé nheŷnhangine?,Umãmepe asé nheŷnhangine?,Umãmepe asé nheŷnhangine?
"Na igreja, publicamente, diante de duas pessoas","Umãmepe i poromomendari? Tupãokype, ikatupe nhẽ, mokõî abá robaké Onde ele casa as pessoas?","Umãmepe i poromomendari? Tupãokype, setá apŷaba robaké, mokõî abá robaké Onde ele casa as pessoas?","Umãmepe i poromomendari? Tupãokype, ikatupe nhẽ, mokõî abá robaké Onde ele casa as pessoas?"
Onde tu roubaste?,Umãmepe nde mondá?,Umãmepe asé mondá?,Umãmepe nde mondá?
Onde ele mora?,Umãmepe sekóû?,Umãmepe sekóû?,Umãmepe sekóû?
"Que é, porventura, daquele?",Umãpakó? Umãtakó? ou Umãpakó akûea?,Mba'ep'ipó?,Umãpakó? Umãtakó? ou Umãpakó akûea?
Onde (está) Tatapitera? Onde (está) Caumondá?,Umãpe Tatapytera? Umãpe Ka'umondá?,Umãpe Tatapytera? Umãpe Ka'umondá?,Umãpe Tatapytera? Umãpe Ka'umondá?
Onde está meu caminho?,Umãpe xe raperama?,Umãpe xe raperama?,Umãpe xe raperama?
antigo,umüan,erimba'e,umüan
almofariz,unguá,(intr): puk; (tr): mobok,unguá
batedor (de pilão),unguá,gûyrámirĩ,unguá
sacador,unguá,kokaba,unguá
socador de pilão,ungûáobaîara,Aîpepópûar,ungûáobaîara
lago,upaba,kilá,upaba
lagoa,upaba; 'yno'onga,ykua,upaba; 'yno'onga
brejo,uparana,mbegüé,uparana
corda de rede,upásama,mby piru'a,upásama
através (de),upi,apyri,upi
conforme,"upi (r, s)",i mombe'u rupi,"upi (r, s)"
segundo1 (= de acordo com),"upi (r, s) segundo2 (num ord )",segundo2 (= segundo segundo): segundo2 segundo2 (= segundo segundo): segundo2 segundo2,"upi (r, s) segundo2 (num ord )"
alçar,upir,ityk,upir
alcançar,upytyk,ohupytá,upytyk
berne,ura,ura,ura
bainha,uru,kokaba,uru
cesto,uru,aka,uru
recipiente,"uru (r, s); (em relação à pessoa que o leva): (ep)uru (r, s)",iurá; moka'e,"uru (r, s); (em relação à pessoa que o leva): (ep)uru (r, s)"
urubu,urubu,aka,urubu
Como o revolutear de um urubu sobre coisas fedorentas,Urubu mba'enema 'arybo nhemoîereba îabé,Mboîaîuîa îabé morubixabamo oîabé,Urubu mba'enema 'arybo nhemoîereba îabé
"Como o revolutear de um urubu sobre coisas fedorentas, tu voltas o rosto para trás","Urubu mba'enema 'arybo nhemoîereba îabé, nde atybak","Mba'epoxy resé mboîa moîegûaka, nde robápyteramo","Urubu mba'enema 'arybo nhemoîereba îabé, nde atybak"
caracol,urugfiá,(variedades): karapuku; urupé etc coisa,urugfiá
peneira,urupema,kutuk,urupema
var de peneira,urupẽmby'i,se,urupẽmby'i
peneira rala,urupẽmokanga,kutuk,urupẽmokanga
var de peneira,urupemusu,se,urupẽmby'i
caranguejo,usá,aka,usá
sede,useia,suf,useia
Dar de beber aos sedentos,Useîbora mbo'y'u,Useîbora mbo'ypyranga,Useîbora mbo'y'u
"Sede verdadeira, não a de antes de tocar a água","Useîeté, na 'y atõî' îanondé ruã","Tekobéeté, na tygéî 'y","Useîeté, na 'y atõî' îanondé ruã"
tosse,u'u,aruru,u'u
tossir,u'u (xe),tykyra,u'u (xe)
flecha,"u'uba (r, s) # flecha incendiária: tatá",(variedades): karapuku; urupé etc coisa,"u'uba (r, s) # flecha incendiária: tatá"
na ponta da flecha,u'uba anhãî,itá ku'aî,u'uba anhãî
Querendo fazer passar as flechas,U'uba mongûápotá,U'uba mongûápotá,U'uba mongûápotá
entalhe da flecha,u'uba nhã,nhau'uma,u'uba nhã
melado ou mel de canadeaçúcar,u'ubae'ẽ eíra,îepe'amĩ,u'ubae'ẽ eíra
prensa de espremer canadeaçúcar,u'ubae'ẽ kambykaba,Aîkupyî mamfiá,u'ubae'ẽ kambykaba
prensa de canadeaçúcar,u'ubae'ẽ pokasaba,kartlaba,u'ubae'ẽ pokasaba
"ajuntamento de canadeaçúcar, canavial",u'ubae'ẽndyba,atyrátyrá,u'ubae'ẽndyba
prensa de canadeaçúcar,u'ubae'ẽyamĩsaba,kartlaba,u'ubae'ẽ pokasaba
ajuntamento de canasdeflecha,u'ubátyba,akaîu'a,u'ubátyba
flechado,u'ubor/a,iasekó,u'ubor/a
enlameado,"u'um (r, s) (v u'uma (r, s)) enojar",nhü,"u'um (r, s) (v u'uma (r, s)) enojar"
maço de flechas,u'umana,mangangá,u'umana
"empenadura de flecha, isto é, penas de asas de pássaros que eram atadas às flechas",u'upepó,u'uba nhã,u'upepó
bicho,v animal,kõia; kõigfiera,v animal
botar,v pôr,moebykatã,v pôr
mais de vinte,vinte sosé,vinte sosé,vinte sosé
"meu (s), minha (s)",xe,xe,xe
Meu senhor!,Xe 'a!,Xe 'a!,Xe 'a!
Eis que eu sou homem,Xe abá niã ixé,Aporoîaî,Xe abá niã ixé
"Eu sou um mísero índio, de fato",Xe abáaibĩ anhẽ,Abáporopotarypyramo aîkó,Xe abáaîbĩ anhẽ
"Eu sou um mísero índio, de fato",Xe abáaîbĩ anhẽ,Abáporopotarypyramo aîkó,Xe abáaîbĩ anhẽ
Eu sou um homem feito,Xe abagûasu,Abáekokatu ixé,Xe abagûasu
Fizme homem,Xe abagûasu,Abá ixé,Xe abagûasu
Eu sou confuso,Xe abaíb,Aîeréîereb,Xe abaíb
Eu sou covarde,Xe abang,Aîkó îeîsaru'ã,Xe abang
Eu sou uma pessoa desprezível,Xe abangaíba,Abáekotenhẽ ixé,Xe abangaíba
Eu sou gentil,Xe abangatu,Aîmẽ,Xe abangatu
A mim também o flechado Bastião derrotoume,Xe abé iî ybõmbyrûera Bastião xe moaûîé,"Ixé bé, Bastião maranirũ, xe moatã",Xe abé iî ybõmbyrûera Bastião xe moaûîé
A mim também o flechado Bastião derrotoume Não existe mais minha antiga bravura,Xe abé iî ybõmbyrûera Bastião xe moaûîé N'i tybi xe abaetepûera,"Ixé bé, Bastião maranirũ xe reîtyki N'i tybangáî xe îubykarûera",Xe abé iî ybõmbyrûera Bastião xe moaûîé N'i tybi xe abaetepûera
Eu também sou um porco,Xe abé taîasugûaîa,Xe abé u'ipuba,Xe abé taîasugûaîa
Eu também danço com meus parentes,Xe abé xe anametá aroporaseî,Ixé bé xe anama pabẽ aroporaseî,Xe abé xe anametá aroporaseî
"Eu também os meus parentes trazendo, façoos dançar comigo",Xe abé xe anametá aroporaseî seru,"Ixé bé xe anama ogûeru, i pyri gûiporaseîa",Xe abé xe anametá aroporaseî seru
Eu tenho uma grande grenha,Xe 'abebogûasu,Xe îuruburusu,Xe 'abebogûasu
Eu mesmo pus gente no desejo sensual,Xe aé aporomoingó moropotara resé,Ixé aé t'astronhẽ xe nhe'enga gûyrybo,Xe aé aporomoingó moropotara resé
Flechoume em lugar vital,Xe aépe xe ybõû,Aîekûatiar ybõû,Xe aépe xe ybõû
"Eu sou um guaráguaçu, uma onça","Xe agûaragûasu, îagûara",Gûarani aîkó,"Xe agûaragûasu, îagûara"
Eu estoume amancebando,Xe agûasá gûitekóbo,Îeîbeté apak,Xe agûasá gûitekóbo
Eu estou cambaleando,Xe agûyagûy,Aîeapysyk,Xe agûyagûy
Eu estou debilitado,Xe aíb,Iî aeté Ele é frágil Xe aeté,Xe aíb
Eu sou grosseirão,Xe aíbusu,Atyabor,Xe aíbusu
"Eu tinha o pescoço caído (isto é, por um desmaio Também se diz do figo derrubado, por estar muito maduro)",Xe aîurar,Aîakãmondok,Xe aîurar
Eu tenho cachaço grande,Xe aîurupygûasu,Xe rûaîurusu,Xe aŷpygûasu
Eu estou amargo,Xe 'ak,Aîmonhyrõ,Xe 'ak
Até mesmo gritou comigo,Xe aká tekatu nhẽ,Aîeruré îepé,Xe aká tekatunhẽ
Até mesmo gritou comigo,Xe aká tekatunhẽ,Aîeruré îepé,Xe aká tekatunhẽ
enfeitando minha cabeça,xe akanga moîegûaka,Aîe'amĩ xe akanga resé,xe akanga moîegûaka
Eu tenho cabelo crespo,Xe akangaíb,I 'aputu'uma,Xe akangaíb
Eu estou descoroçoado,Xe akangûyr,Anhemondubyndubyr,Xe akangûyr
"Eu estou febril, eu tenho febre",Xe akanunduk,Aîpitupyrang,Xe rakub
Eu sou rugoso,Xe akaraxixã,Aîeaparyîar,Xe akaraxixã
Eu estou com dúvida,Xe akasang,Aîopyîopyk,Xe 'angetaetá
Eu sou calvo,Xe 'akuî,I 'aputu'uma ixé,Xe 'apytereb
Eu estoume agitando,Xe akurẽkurẽî,Aîe'ĩngatu,Xe akurẽkurẽî
Eu estou molhado,Xe akym,Aîmoatã,Xe akym
Eu estou úmido,Xe akymaíb,Aîasekó,Xe ryby'y
Eu sou redondo,Xe amandab,Aîkupyî,Xe apu'a
Eu estou faminto,Xe ambyasy,Aîero'ar,Xe ambyasy
lenitivo de minha fome,xe ambyasy posanga,Aîero'ar,xe ambyasy posanga
Tragoo no meu colo,Xe ambyî arekó,Aîeakasó,Xe ambyî arekó
"Ao passar minha família, tu cuidavas dela","Xe anama gûatasápe, nde morerekoá sesé","Aîpó xe anama resé i me'enga, nde morerekoá sesé","Xe anama gûatasápe, nde morerekoá sesé"
Minha família te ama,Xe anama nde raûsu,Nde raûsupe xe anama,Xe anama nde raûsu
Minha família fezme vir,Xe anama xe mbouri,Aîmoapapub xe anama,Xe anama xe mbouri
"Minha nação, outrora, estava segundo a lei primeira","Xe anama, erimba'e, tekóypyramo sekóû","Aroŷrõ, erimba'e, tekóypyramo sekóû","Xe anama, erimba'e, tekóypyramo sekóû"
"Minha nação, outrora, estava de acordo com a cultura primeira","Xe anama, erimba'e, tekóypyramo sekóû","Akûeîme, xe retama, tekóypyramo sekóû","Xe anama, erimba'e, tekóypyramo sekóû"
"Meus parentes trazendo, façoos dançar comigo",Xe anametá aroporaseî seru,"Aîur xe anama, sesé gûiporaseîa",Xe anametá aroporaseî seru
Tenhoo como meu par para dança,Xe andaramo arekó,T'oîeoî xe rapixara moraseîa,Xe andaramo arekó
"Eu tenho bom abrigo, eu estou bem abrigado","Xe 'ang  Eu tenho abrigo, eu estou abrigado Xe 'ãngatu",Xe rokaîeu,"Xe 'ang Eu tenho abrigo, eu estou abrigado Xe 'ãngatu"
meu pensamento,xe 'anga,Aîubĩote,xe 'anga
Lançando fora a sujeira de minha alma,Xe 'anga ky'a reîtyka,Aî'atypetek,Xe 'anga ky'a reîtyka
fazendo estar bem minha alma!,xe 'anga moingókatûabo!,xe 'anga moarybébo,xe 'anga moingókatûabo!
Minh'alma faz firme,Xe 'anga moteni,Xe 'anga moingotebẽngatu,Xe 'anga moteni
"Leva minha alma que te ama, fazendoa subir contigo",Xe 'anga nde raûsupara erasó seroîeupi,"Eîar xe 'anga nde raûsupa, t'oîeupi nde pyri",Xe 'anga nde raûsupara erasó seroîeupi
A maldade fez feder minha alma,Xe 'anga omonem tekoangaîpaba,Aîpó tekoangaîpaba xe 'anga apypyki,Xe 'anga omonem tekoangaîpaba
Minha alma fez feder a vida pecaminosa,Xe 'anga omonem tekoangaîpaba,Aîpo'o xe rekóangaîpaba,Xe 'anga omonem tekoangaîpaba
"A vida de minha alma, que eu perdi, fará devolver a mim",Xe 'anga rekobepûera xe remimokanhẽûera oîmoîebyrukar ixébone,"Xe 'anga rekobepûera, xe remimombe'u, amongoty benhẽne",Xe 'anga rekobepûera xe remimokanhẽûera oîmoîebyrukar ixébone
vida longa de minha alma,xe 'anga rekópuku,xe 'anga rekópuku,xe 'anga rekópuku
Vida longa de minha alma,Xe 'anga rekópuku,Akó xe 'anga rekópuku,Xe 'anga rekópuku
o que minh'alma busca,xe 'anga remiekara,Xe 'anga remiekara,xe 'anga remiekara
o resgate de minha alma,xe 'anga repymondykaba,xe 'anga repymondykaba,xe 'anga repymondykaba
Força de minha alma,Xe 'anga taŷaíba,Atyatyra,Xe 'anga taŷaíba
Eu sou tísico,Xe angaîbabîar,Xe rubĩ,Xe angaîbabîar
Eu sou magro,Xe angaîbor,Aî'aî,Xe angaîbor
Eu sou (ou estou) doido,Xe 'angaingaíb,Aîepyaobok,Xe 'angaingaíb
Eu sou muito pecador,Xe angaîpabeté,Ixé angaîpáeté,Xe angaîpabeté
"Ah, eu fui muito pecador!",Xe angaîpabeté'i ra'u mã!,Xe angaîpabetéeté mã!,Xe angaîpabeté'ĩ ra'u mã!
"Ah, eu fui muito pecador!",Xe angaîpabeté'ĩ ra'u mã!,Xe angaîpabetéeté mã!,Xe angaîpabeté'ĩ ra'u mã!
Meus antigos e grandes pecados farei sair,Xe angaîpátubixagûera amosẽne,xe angaîpátubixagûera,Xe angaîpátubixagûera amosẽne
Mas eis que minha alma não está aflita,Xe 'angat'iã n'i marani,Na xe 'anga ruãte iî abaeté,Xe 'angat'iã n'i marani
"Ah, oxalá futuramente eu seja um pouquinho melhor!",Xe angaturã be'ĩ temõ erimba'e mã!,Xe nhe'ẽpokatu be'ĩ temõ erimba'e mã!,Xe angaturã be'ĩ temõ erimba'e mã!
Eu fui bom antes de ir para o céu,Xe angaturam ybakype xe só îanondé,Xe angaturam ybakype xe só îanondé,Xe angaturam ybakype xe só îanondé
Eu estou com dúvida,Xe 'angetaetá,Aîopyîopyk,Xe 'angetaetá
A causa da alegria de minha alma,Xe 'angorypaba,Aîepysyrõ xe 'anga,Xe 'angorypaba
Eu sou o diabo esquentador de gente,Xe anhanga moropé,Anhanga îandé rapixara momoranga ixé,Xe anhanga moropé
"Eu, o diabão assado",Xe anhangusumixyra,"Ixé, anhanga momburu",Xe anhangusumixyra
Eu estou de luto,Xe anhangyar,Aîmoasy,Xe anhangyar
Eu somente nesta aldeia morava,Xe anhõ kó taba pupé aîkó,Ixé anhõ kó taba pupé aîkó,Xe anhõ kó taba pupé aîkó
Eu tenho arrepiamentos,Xe aninganing,Aîaîub,Xe aninganing
Eu estou ricamente vestido de roupas,Xe aómondématueté,I porangeté xe aoba,Xe aómondématueté
Eu fiz confusão,Xe apaîugûá,Aîekotyrung,Xe apaxixã
Resvalou em mim o fulano com a espada,Xe apan ahẽ itaingapema pupé,Eîori xe rerobakaíba,Xe apan ahẽ itaingapema pupé
Eu afrouxei,Xe apapub,Aîe'atype'a,Xe apapub
Eu sou aleijado,Xe apar,Aîapyaíb,Xe apar
Eu caí rodando,Xe aparaîereb,Aîasy'ab,Xe aparaîereb
Eu estou hirto,Xe aparatã,Aîepysó gûitupa,Xe aparatã
Eu sou curvadinho,Xe aparĩ,Ixé i kangûer,Xe aparĩ
Eu fiz confusão,Xe apatynã,Aîekotyrung,Xe apaxixã
Eu fiz confusão,Xe apaxixã,Aîekotyrung,Xe apaxixã
Eu sou torto,Xe apẽ,Aîkó,Xe apẽ
Eu sou rechonchudinho,Xe apebĩ,Aîababixûer,Xe apebĩ
Travame a língua esta fruta,Xe apekũmombyk ikó 'ybá,Eî'useî ikó 'ybá,Xe apekũmombyk ikó 'ybá
Eu fiz confusão,Xe apererá,Aîekotyrung,Xe apaxixã
Eu sou um circuncidado,Xe api'a,Aî'amopikytĩ,Xe api'a
Eu tenho usagre,Xe 'apiraíb,Aîeîurupirar,Xe 'apiraíb
Eu sou malhado na cabeça,Xe 'apititing,I 'aputu'uma'ub,Xe 'apititing
Eu estou opilado,Xe apong,Aîepysó gûitupa,Xe apong
Eu sou redondo,Xe apu'a,Aîkupyî,Xe apu'a
Eu sou curto,Xe apûa'ĩ,Xe apûa'ĩ,Xe apûa'ĩ
"Apressome hoje, por causa da tua fama","Xe apuãnamo kori, nde rerapûana resé","Nde apûan, kori, nde robaké","Xe apuãnamo kori, nde rerapûana resé"
Eu sou manchado,Xe apŷab,Aîepysó gûitupa,Xe apŷab
Eu estava pendente,Xe apy'am,Aîubĩ tenondé,Xe apy'am
Eu sou redondo,Xe apỹî,Aîkupyî,Xe apu'a
Eu sumi de vista,Xe apykanhem,Aîepubuîereb,Xe apykanhem
Nossas casas estão estabelecidas uma junto da outra,Xe apyri tuî  Ele mora a meu lado O îoapyri oré roka ruî,Îandé roka oîepegûasu oîubyka,Xe apyri tuî Ele mora a meu lado O îoapyri oré roka ruî
Eu tenho os buracos da orelhas tapados,Xe apysakûáîe'o,Aîasekó,Xe apysakûáîe'o
"Eu tenho os buracos das orelhas perdidos (isto é, não ouço nada)",Xe apysakûákanhem,Asenõî tenhẽ,Xe apysakûákanhem
Uma notícia chegoume aos ouvidos,Xe apysakûaraby moranduba,I moranduba amõ xe apysakûápe obuî,Xe apysakûaraby moranduba
Estava muito satisfeito na morada deles,Xe apysykatu sekoápe,I amotare'ymeté,Xe apysykatu sekoápe
Eu sou calvo,Xe 'apytekuî,I 'aputu'uma ixé,Xe 'apytereb
Eu sou calvo,Xe 'apytereb,I 'aputu'uma ixé,Xe 'apytereb
Eu sou garrido,Xe araakasyk,Aîguerani,Xe araakasyk
Eu tenho pés tortos,Xe are'a,Aîerekoaibor,Xe are'a
meu igual,xe arõana,eu tenho papo Xe aîusu,xe arõana
Eu sou garrido,Xe arũaíb,Aîguerani,Xe araakasyk
Eu sou rechonchudo,Xe asang,Atyabor,Xe asang
"Eu sou rechonchudão (isto é, de corpo muito largo)",Xe asangusu,Xe membyrĩ,Xe asangusu
Nas minhas costas leveio,Xe aseî arasó,Aîmoatã xe rapupa'ũ,Xe aseî arasó
Eu tenho garganta seca,Xe ase'otining,Aîpyeîurar,Xe ase'otining
Eu tenho secura na garganta,Xe aseótining,Iîabaí xe îuru,Xe aseótining
Eu estou calombento,Xe asur,Aîmombe'u,Xe asur
"Eu tenho o andar escarrapachado (isto é, abro muito as pernas ao andar)",Xe atáîaî,Xe atápûan,Xe atáîaî
"Eu tenho uma caminhada ligeira, ando depressa",Xe atápûan,Aanumẽ asó,Xe atápûan
Manquejo,Xe ate'ẽ,kartlaba,Xe ate'ẽ
Eu sou um aleijado,Xe ate'ẽ,Aîkó marãtekó monhanga,Xe ate'ẽ
Eu sou mocho,Xe aterẽ,Xe sarigûeîa,Xe aterẽ
Sou muito mocho,Xe aterẽngatu,Xe reburusu,Xe aterẽngatu
Eu espirro,Xe atîam,Aîeapysaká,Xe atîam
por ocasião de meu retorno,xe atimandápe,Ara xe rerobîaragûama pupé,xe atimandápe
Tomoo no meu ombro,Xe ati'yba ri aîar,Aîar xe aseî,Xe ati'yba ri aîar
Veio logo detrás de mim,Xe atuaî bé turi,Eîori xe atuaî,Xe atuaî bé turi
Veio detrás de mim,Xe atuaî turi,Eîori xe atuaî,Xe atuaî turi
minhas costas,xe atukupé,apysá,xe atukupé
Enterraime vós,Xe aty peîepé,Aîubyk,Xe aty peîepé
Eu tenho cabelos muito arrepiados,Xe 'atyragûasu,I tyryk xe akanga,Xe 'atyragûasu
Eu fui rendido,Xe aûîé,Aîeme'eng,Xe aûîé
Tive alento,Xe 'ãur,Aîepysyrõsyrõ,Xe 'ãur
Eu estou rugoso,Xe axixã,Aîeîurupirar,Xe axixã
Eu estou corcunda,Xe aŷpyasur,Ixé i kangûer,Xe aŷpyasur
Eu tenho cachaço grande,Xe aŷpygûasu,Xe rûaîurusu,Xe aŷpygûasu
Eu sou bem feito,Xe aysó,Aîmoapererákatu,Xe aysó
Eu sou muito formoso,Xe aysókatu,Xe aysókatu,Xe aysókatu
"Por causa de minha imensa formosura, Deus revelarseá a mim","Xe aysómatueté resé é, Tupã îepîakukari xebene","Marã xe rekokatu resé é, Tupã îepîakukari xebene","Xe aysómatueté resé é, Tupã îepîakukari xebene"
"Eu sou mediano, eu não sou grande nem pequeno",Xe boîá,I ku'a rupi aîkó,Xe boîá
"Como meus súditos, todos em minhas mãos tenhoos bem",Xe boîáramo pabẽ xe pópe arekókatu,"Xe boîáramo, opabĩ xe pópe oîkóbone",Xe boîáramo pabẽ xe pópe arekókatu
Como meus súditos em minhas mãos bem os tenho a todos,Xe boîáramo pabẽ xe pópe arekókatu,"Aîpó xe pópe xe remiaûsuba monhanga, a'epûera pabẽ",Xe boîáramo pabẽ xe pópe arekókatu
"Eu sou cristão, eu sou virtuoso","Xe cristão, xe karaí","Cristãos ixé, karaíba ixé","Xe cristão, xe karaí"
Como se eu dissesse,Xe 'é îasûaramo n'aé,Aîpó i 'amoeté,Xe 'é îasûaramo n'aé
se eu arrotar (lit  no caso de meu arroto),xe eúme,xe moŷrõmo,xe eúme
"Eu estou inchado, eu tenho calombos",Xe gûa'agûa'a,"Aûîebeté, aûîebeté",Xe gûa'agûa'a
"abaixo de mim, mais pequeno que eu",xe gûyri,xe gûyri,xe gûyri
menor ainda que eu,xe gûyri bé,xe gûyri,xe gûyri bé
Sou um menor de idade,Xe gûyrigûana,Nd'a'éî gûiîypa ranhẽ,Xe gûyrigûana
"Está segundo minha medida, somente",Xe îá nhote,Aîe'amĩ,Xe îá nhote
Eu sou um fujão,Xe îababixûer,Apynõ,Xe îababixûer
Eu sou um jaguaretê comedor de gente!,Xe îagûareteporu!,Xe îagûareteporu!,Xe îagûareteporu!
Trouxeo conforme minhas forças (diria o que foi repreendido por não trazer um feixe de lenha todo de uma vez),Xe îaîbeĩé ixé seruri,Aîar ikatupendûara suí,Xe îaîbeĩé ixé seruri
Eu estou tingido de jenipapo,Xe îanypagûer,Aî'asu'u îepi,Xe îanypagûer
"Meu senhor, eis que eu não sou digno para que entres em meu coração","Xe îar, na xe angaturami ã a'emo ereîké xe py'ape","Xe îar, n'aîpotari kó nde mongetá xe py'ape nde reîkébo","Xe îar, na xe angaturami ã a'emo ereîké xe py'ape"
"Meu senhor, eis que eu não sou digno de que entres em meu coração","Xe îar, na xe angaturami ã a'emo ereîké xe py'ape","Xe îar, kó n'aîkóî xûé nde mongetasápe xe py'ape","Xe îar, na xe angaturami ã a'emo ereîké xe py'ape"
Meu senhor é que me mandou fazêlo,Xe îara é xe pûaî sesé,Xe îara é xe pûaî sesé,Xe îara é xe pûaî sesé
"Sangue verdadeiro de meu Senhor Jesus Cristo, tu, outrora, como resgate, fizeste derramarte na cruz","Xe îara Îesu Cristo rugûyeté, nde erimba'e morepyramo ereîemo'ẽukar cruz pupé","Îandé Îara Îesu Cristo rugûyeté, nde erimba'e morepyramo ereîemo'ẽukar cruz pupé","Xe îara Îesu Cristo rugûyeté, nde erimba'e morepyramo ereîemo'ẽukar cruz pupé"
Meu senhor Jesus sofre pela gente,Xe îara Îesu sosang poresé,"Xe îara Îesu, ereîkotebẽ oré resé",Xe îara Îesu sosang poresé
Evocando a morte de meu Senhor,xe îara re'õ renõîa,xe îara re'õagûera resé,xe îara re'õ renõîa
não indo ao encontro de meu senhor,xe îara robaîxûare'yma,N'asóî pá xe îara pé,xe îara robaîxûare'yma
Eu estou rouco,Xe îase'opyoú,Aîmombe'u,Xe îase'opyoú
Engasgoume minha comida,Xe îase'opytym xe remi'u,Aî'useîmogûab,Xe îase'opytym xe remi'u
"Eu estou chagado, eu tenho muitas chagas",Xe îáxe îaó,Aîekuakuakube'ỹ,Xe îáxe îaó
Eu sou ríspido,Xe îeaseîxûer,Aîababixûer,Xe îeaseîxûer
Eu sou arredio,Xe îeîaî,Aîepysó gûitupa,Xe îeîaî
Eu soluço,Xe îeîok,Aîmoasy,Xe îeîok
Eu sou sociável,Xe îekotyarixûer,Abá ixé,Xe îekotyarixûer
"Ao morrer eu, que venhas","Xe îekyîme, t'ereîu","Xe îekyîme, îori","Xe îekyîme, t'ereîu"
"Quando eu morrer, que venhas","Xe îekyîme, t'ereîu","Xe îekyîme, îori","Xe îekyîme, t'ereîu"
"Ao morrer eu, que tu venhas para levarme para o alto","Xe îekyîme, t'ereîu ybaté xe rerasóbo","Xe îekyîme, îori xe rerasóbo ybaté","Xe îekyîme, t'ereîu ybaté xe rerasóbo"
Irritome habitualmente,Xe îemoŷrõndûer îá,Iî abaíbeté aîkó,Xe îemoŷrõndûer îá
Eu sou vingativo,Xe îepykixûer,Aîepyk anhẽ,Xe îepykixûer
Eu tenho inclinação a pedir,Xe îeruresûer,Aîase'o,Xe îeruresûer
Eu sou antigo filho de Jetuú,Xe Îetu'u ra'yrûera,Îetu'u ra'yrûera ixé,Xe Îetu'u ra'yrûera
Eu sou antigo filho de Jetuú Crieime dentro dela,Xe Îetu'u ra'yrûera Anhemonhang i pupé,"Îetu'u ra'yrûera ixé, sesé nhẽ aîkó",Xe Îetu'u ra'yrûera Anhemonhang i pupé
Eu tenho estatura elevada,Xe îeysápuku,Xe reburusu,Xe îeysápuku
"Eis que eu amo vossas almas, aformoseandoas, embelezandoas","Xe ikó asaûsu pe 'anga i moaysóbo, i momoranga","Nde 'anga osanga nde raûsupa, nde moatã, nde momoranga","Xe ikó asaûsu pe 'anga i moaysóbo, i momoranga"
"Eis que eu amo vossas almas, modificando os costumes antigos",Xe ikó asaûsu pe 'anga tekopûera rekoaboka,"Asaûsu pe 'anga, mba'epûera pe'abo",Xe ikó asaûsu pe 'anga tekopûera rekoaboka
A mim certamente é que vós procurais,Xe ipó xe rekar peîepé,Ixé pe îeruresaba,Xe ipó xe rekar peîepé
"Esta há de ser minha companheira, com certeza",Xe irũ ã re'a,Aîpó xe irũ re'a,Xe irũ ã re'a
Eis que ela é minha companheira,Xe irũ a'e ã,A'e xe irũ,Xe irũ a'e ã
Que esteja comigo também ao estar eu em ocupação,Xe irũnamo bé t'oîkó marã xe rekóreme,Irũnamo bé xe ambyasy pupé,Xe irũnamo bé t'oîkó marã xe rekóreme
o que arde comigo,xe irũnamo okaîba'e,Aroker,xe irũnamo okaîba'e
Vós me matais,Xe îuká peîepé,Pe îuká pe îuká,Xe îuká peîepé
Meu senhor me mata,Xe îuká xe îara,Xe îuká xe îara,Xe îuká xe îara
"por ocasião de minha morte, quando me matarem",xe îukasápe,xe îukasápe,xe îukasápe
Tenhoo no meu pescoço,Xe îuri arekó,Aîe'amaman,Xe îuri arekó
Eu estou fendido em diversas partes,Xe îurubóbok,Aîaparóparó,Xe îurubóbok
Eu estou fendido,Xe îurubok,Aîmombe'u,Xe îurubok
Eu estou com a boca entreaberta,Xe îurubok,Aîeîurupirar,Xe îurubok
Eu tenho a boca aberta,Xe îuruîaî,Aîeîurupirar,Xe îuruîaî
Faço trejeitos com a boca,Xe îurumemûã,Aîputupyk,Xe îurumemûã
"Eu sou uma jibóia, eu sou um socó, eu sou o grande tamoio Aimbirê","Xe îyboîa, xe sokó, xe tamuîusu Aîmbiré","Îapŷaba ixé, Îapykagûasu ixé, Aîmbiré sapukaiusu ixé","Xe îyboîa, xe sokó, xe tamuîusu Aîmbiré"
Eu sou exaltado,Xe kagûaíb,Aîemomara'ar,Xe kagûaíb
Eu estou cansado,Xe kane'õ,Apûerab,Xe kane'õ
Eu estou esquelético,Xe kangûer,Atuîuk,Xe kangûer
Eu sou fujão,Xe kanhemixûer,Apynõ,Xe kanhemixûer
Eu sou resplandecente,Xe kanugûá,Aîub,Xe kanugûá
Eu estou benzido,Xe karaíb,Aîepysó gûitupa,Xe karaíb
Eu estou maleitoso,Xe karasy,Aîerobîapo'ir,Xe karasy
Eu sou comilão,Xe karu,Aîkó tembi'u,Xe karu
Eu estou triste,Xe karukasy,Aîmoasy,Xe karukasy
Eu sou airoso,Xe katu,Aîkó îagûara,Xe katu
"Eia, fazeme andar nas minhas virtudes",Xe katûagûama ri ene'ĩ xe mbogûatábo,Eîpytybõ xe 'anga angaturama,Xe katûagûama ri ene'ĩ xe mbogûatábo
Eu sou melhor que tu,Xe katueté nde suí,Ixé nde sosé,Xe katueté nde suí
Eu hei de ser bom,Xe katupe ká,"""Xe katupe ká""",Xe katupe ká
Hei de ser bom,Xe katupe ká,"""Xe katupe ká""",Xe katupe ká
propondo ser bom,xe katurama momboîa,katupe ká,xe katurama momboîa
Eu gemo dormindo,Xe keraíb,Aîubĩote,Xe keraíb
Eu estou caindo de sono,Xe kerákerar,Kotype aîub,Xe keraparáparar
Eu ronco muito,Xe kerambugûasu,Aîase'oasykatûabo,Xe kerambugûasu
De meu pesado sono despertandome,Xe keranama mombaka,Xe keranama momburu,Xe keranama mombaka
De meu pesado sono despertandome,Xe keranama mombaka,Xe keranama momburu,Xe keranama mombaka
Eu estou caindo de sono,Xe keraparáparar,Kotype aîub,Xe keraparáparar
Eu caí de sono,Xe keraparar,Akambu,Xe keraparar
Eu fico gritando dormindo,Xe kerasẽrasem,Xe kerasyryk,Xe kerasẽrasem
o limite de minha roça,xe kó robapy,xe rygûyrybỹîa pupé,xe kó sykaba
o limite de minha roça,xe kó sykaba,xe rygûyrybỹîa pupé,xe kó sykaba
"Eu tenho roça própria (isto é, que não faço com os outros)",Xe kóé,Xe mba'e'ĩ,Xe kóé
"meu irmão gêmeo, o que nasceu juntamente comigo",xe kõîgûera,xe kõîgûera,xe kõîgûera
Eu hoje (quero) o lombo deles,Xe kori i pyîaso'o,Aîasó kori i atukupé,Xe kori i pyîaso'o
meu soltar de grunhidos,xe kororõpysyrõ,xe ambyasy,xe kororõpysyrõ
Eu sou raro,Xe kûaî,Aîepysó gûitupa,Xe kûaî
Tenhoo na cintura,Xe ku'aî arekó,akangapé,Xe ku'aî arekó
Tenhoo bem na minha cintura,Xe ku'aî bé arekó,Aîmoapŷákatu xe rûaîa pupé,Xe ku'aî bé arekó
Eu já estou desvirginada,Xe kûar ymûan,Akakuab umã,Xe kûar ymûan
"Eu estou no cio, eu estou saída",Xe kûaruru,Aîubĩ,Xe kûaruru
Eu tenho um buraco grande,Xe kûarusu,Xe kûarusu,Xe kûarusu
Eu tenho um buraco oco,Xe kûarybỹî,Xe kûar,Xe kûarybỹî
Denunciarmeiam ao meu imperador,Xe kuaukámo xe rubixaba supémo,Aîmoîebyr ixé reîara supé,Xe kuaukámo xe rubixaba supémo
Tenhoa como minha namorada,Xe kunhã'ybamo arekó,Xe kunhã'ybamo t'oîkó,Xe kunhã'ybamo arekó
"meu nome de meninice, meu nome de infância",xe kunumĩera,xe kunhataĩ rera,xe kunumĩera
Eu sou modesto,Xe kunusãî,Ixé i mongaraibypyra,Xe kunusãî
"Eu tenho corcova, eu estou corcunda",Xe kupeasur,Aîpitupuku,Xe kupeasur
Pelas minhas costas disseste isso,Xe kupébo aîpó eré,Aîmoapapub,Xe kupébo aîpó eré
Infamamme pelas costas,Xe kupébo xe mombe'u,Aîepyapasamoín,Xe kupébo xe mombe'u
Na minha aûsência é que ele disse isso,Xe kupépe é ahẽ aîpó i 'éû,Xe robaké aîpó i 'éû,Xe kupépe é ahẽ aîpó i 'éû
Eu estou sujo,Xe ky'a,Aîe'amĩ,Xe ky'a
Mas minha sujeira era muita,Xe ky'ate turusu,Na xe u'ukatuî,Xe ky'ate turusu
Eu estou imaturo,Xe kyr,N'akerangáî,Xe kyr
Eu sou muito gordo,Xe kyragûasu,Aîkuakupab,Xe kyragûasu
Eu sou habilidoso,Xe kyre'ym,Aîkapasok,Xe kyre'ym
"Eu sou um espião, um velho poltrão","Xe manhana, manembûera","Ixé manhana, manembûera","Xe manhana, manembûera"
Eu sou furioso,Xe marãmotar,Aîmonhyrõ,Xe marãmotar
Eu estou em guerra,Xe marãmotar,Aîkó marana ri,Xe marãmotar
Eu sou agradável,Xe matueté,Aîmẽ,Xe matueté
Eu tenho bens,Xe mba'e,Xe mba'e,Xe mba'e
Minhas próprias coisas,Xe mba'e teé,Aîmoîa'ok,Xe mba'e teé
Eu estou adoentado,Xe mba'easyaíb,Aîekûabĩ,Xe rekoruruînhẽ
Caí doente,Xe mba'easy'ar,Aîeréîereb,Xe mba'easy'ar
Eu sou enfermiço,Xe mba'easypotar,I mara'a ixé,Xe mba'easypotar
"Eu sou enfermiço, doentio (isto é, tenho propensão para adoecer amiúde)",Xe mba'easypotar îá,Xe mba'easypotar îá,Xe mba'easypotar îá
minhas coisinhas,xe mba'e'ĩ,xe mba'ee'ym/a,xe mba'e'ĩ
Eu sou sábio,Xe mba'ekugûab,Aîkugûab,Xe mba'ekugûab
"Eu lamentome, de costume (isto é, reclamo de qualquer coisa)",Xe mba'emoasy îá,Xe mba'emoasy îá,Xe mba'emoasy îá
Eu sou sensível,Xe mba'emoasyîá,Aîkó temõ,Xe mba'emoasyîá
"Eu tenho sorte com animais (isto é, eu caço ou pesco muito)",Xe mba'eporang,Xe mba'eporang,Xe mba'eporang
Eu costumo mexericar,Xe mba'epûery îá,Ixéte xe nhe'engetekatu,Xe mba'epûery îá
"Eu sou fleumático, eu sou vagaroso",Xe mbegûé,Aîepysyrõsyrõ,Xe mbegûé
Dáme ânsia de vômito minha comida,Xe mbouk xe remi'u,Na xe apiti,Xe mbouk xe remi'u
Eu sou molengão,Xe membek,Xe membek,Xe rekoporeaûsub
Meu filho que mama,Xe membykambu,Aîmoembek,Xe membykambu
Tive filhos gêmeos,Xe membykõî,Mokõî membyrar,Xe membykõî
"o pai de meus filhos (isto é, meu marido legítimo)",xe membyra ruba,xe membyra ruba,xe membyra ruba
Abortei meu filho,Xe membyrakyrar,Aîmo'ar xe membyra,Xe membyrakyrar
Eu dou à luz,Xe membyrar,Aîmo'ar,Xe membyrar
Eu tenho dores de parto,Xe membyrasy,Xe kûarasy aseî,Xe membyrasy
"Ó meu filhinho, em um momento desapareceste de mim!","Xe membyrĩ mã, korite'ĩaíbeté erekanhem xe suí","Xe ra'yrĩ, korite'ĩaíbeté erekanhem xe suí!","Xe membyrĩ mã, korite'ĩaíbeté erekanhem xe suí"
Eu sou mau de costume,Xe memûã îá,Xe memûã îá,Xe memûã îá
Com meu cônjuge verdadeiro somente hei de ter relações sexuais,Xe mendasabeté resé nhõ t'aîkóne,Amõ xe remirekó resé nhõ t'aîkóne,Xe mendasabeté resé nhõ t'aîkóne
"Meu exmarido há de ser, certamente",Xe mendûera ipó re'ĩ,Aîkó îepi xe mendarymana,Xe mendûera ipó re'ĩ
"Meu exmarido há de ser, certamente",Xe mendûera ipó re'ĩ,Aîkó îepi xe mendarymana,Xe mendûera ipó re'ĩ
Meu exmarido há de ser certamente,Xe mendûera ipó re'ĩ,Aîkó îepi xe mendarymana,Xe mendûera ipó re'ĩ
"Meu exmarido há de ser certamente, o finado Piracaém","Xe mendûera ipó re'ĩ, Piraka'ẽ amyrĩ!","A'e ipó xe mendarymana ipó, Piraka'ẽ abŷare'yma","Xe mendûera ipó re'ĩ, Piraka'ẽ amyrĩ!"
Eu enviuvei,Xe mene'õ,Aîmonheran,Xe remirekoe'õ
Eu sou pequeno!,Xe mirĩ!,Xe mirĩ!,Xe mirĩ!
"Eu sou pequeno! Engolirmeá hoje, como de costume","Xe mirĩ! Xe mokõ kori, îandune","Xe retobapépyryb, kori xe nhemokane'õ îandune","Xe mirĩ! Xe mokõ kori, îandune"
Mas escondeme tu dele!,Xe mĩte îepé i xuí!,Ndete xe pysyrõ i xuí,Xe mĩte îepé i xuí!
Mas escondeme dele!,Xe mĩte îepé i xuí!,Xe pe'a i xuí!,Xe mĩte îepé i xuí!
Mas me esconde tu dele!,Xe mĩte îepé i xuí!,Ndete ereîkuakume i xuí,Xe mĩte îepé i xuí!
Importuname muito aquela lei nova,Xe moaîumarangatu aîpó tekópysasu,I abaeté xebo aîpó tekópysasu,Xe moaîumarangatu aîpó tekópysasu
Importuname bem aquela lei nova,Xe moaîumarangatu aîpó tekópysasu,Aîkuabe'engeté aîpó tekópysasu,Xe moaîumarangatu aîpó tekópysasu
"Importuname bem, irritandome muitíssimo, aquela lei nova","Xe moaîumarangatu, xe moŷrõetekatûabo, aîpó tekópysasu","Aîkó sesé, xe moŷrõeté, tekópysasu","Xe moaîumarangatu, xe moŷrõetekatûabo, aîpó tekópysasu"
"Importuname bem, irritandome muitíssimo, aquela lei nova","Xe moaîumarangatu, xe moŷrõetekatûabo, aîpó tekópysasu","Aîkó sesé, xe moŷrõeté, tekópysasu","Xe moaîumarangatu, xe moŷrõetekatûabo, aîpó tekópysasu"
"Ah, como me importuna o fedor dele!",Xe moaîute i nema mã!,Xe poropoîîute i nema mã!,Xe moaîute i nema mã!
"Ah, mas como me importuna o fedor dele!",Xe moaîute i nema mã!,Xe pixã tekatueté mã!,Xe moaîute i nema mã!
Apressamme estes meus súditos,Xe moanhẽ kó xe boîá,Aîepyaobok xe boîá,Xe moanhẽ kó xe boîá
"Apressamme estes meus súditos, tendo saudades de mim hoje","Xe moanhẽ kó xe boîá, îeí xe repîaka'upa","Aûnhenhẽ ã xe boîá ruri, ko'y mara'ara","Xe moanhẽ kó xe boîá, îeí xe repîaka'upa"
Confortame tu,Xe moapysyk îepé,Aîpó eré supikatu,Xe moapysyk îepé
Deleitame muito,Xe moapysykatu,Eîmoetékatu xe resé,Xe moapysykatu
Estorvame o Senhor Deus!,Xe moarûá Pa'i Tupã!,Xe rapy Tupã!,Xe moarûá Pa'i Tupã!
Repletame minha ira,Xe moîoîá xe îemoŷrõ,Aîeîukáukar,Xe moîoîá xe îemoŷrõ
"Engolirmeá hoje, como sempre","Xe mokõ kori, îandune",Îeí xe rerapîasó îandune,"Xe mokõ kori, îandune"
Engolirmeá por aí alguma cobra grande,Xe mokõ kûepe mboîusu amõne,I xuí serasóû,Xe mokõ kûepe mboîusu amõne
Fazendome enxergar,Xe moma'ẽmo,Aîeabyky,Xe moma'ẽmo
Não me faças demorar,Xe mombuku umẽ îepé,Aîpotare'ymumẽ,Xe mombuku umẽ îepé
Atraime a roupa daquele,Xe momotar ahẽ aoba,Aîmoaobok,Xe momotar ahẽ aoba
Deus me atrai,Xe momotar Tupã,Tupã xe moingobé benhẽ,Xe momotar Tupã
A fala de fulano repreendeume,Xe momotîasó ahẽ nhe'enga,Xe momotîasó nhe'enga,Xe momotîasó ahẽ nhe'enga
Eu sou ladrão,Xe mondá,Abá mondá ixé,Xe mondá
"Se me mandasse, iria","Xe mondórememo, asómo","Aûîebétemo xe renõîa, asó","Xe mondórememo, asómo"
Fazendome erguer o rosto,Xe moobaybaka,Aîe'amĩ xe akanga,Xe moobaybaka
Tu me alegras muito,Xe moorykatu îepé,Nde moaysóeté ixébene,Xe moorykatu îepé
"Tu me alegras muito, narrando assim os fatos","Xe moorykatu îepé, inã tekó mombegûabo","Aûîebeté, xe moorykatu, inã tekó mombegûabo","Xe moorykatu îepé, inã tekó mombegûabo"
"Tu me alegras muito, narrando assim os fatos","Xe moorykatu îepé, inã tekó mombegûabo","Aûîebeté, xe moorykatu, inã tekó mombegûabo","Xe moorykatu îepé, inã tekó mombegûabo"
Fazeme tu valente,Xe mopyatã îepé,Eîmoatã nde abaeté ixébe,Xe mopyatã îepé
Fazeme tu valente para que eu me oponha ao maldito,"Xe mopyatã îepé, t'apu'am muru resé",Eîmonhyrõ xe i xuí,"Xe mopyatã îepé, t'apu'am muru resé"
"Fazeme tu valente, para que eu me oponha ao maldito, para sempre vencendoo","Xe mopyatã îepé, t'apu'am muru resé, aûîérama i moaûîébo","Eîeîuká xe îepé, t'apu'am ahẽ resé, îepi nhẽ xe 'anga setébo","Xe mopyatã îepé, t'apu'am muru resé, aûîérama i moaûîébo"
Eu sou agourento,Xe morangygûan,Aîkó i angaîpabamo,Xe morangygûan
Eu sou liberal,Xe mosakar,Aîkoekoate'yme'yma,Xe mosakar
Fazme sair sempre da aldeia o padre,Xe mosẽ memẽ taba suí abaré,"Kûepe xe gûabo, abaré xe mbo'ir",Xe mosẽ memẽ taba suí abaré
Eu tenho muitos parentes,Xe mũetá,Xe anamaetá,Xe mũetá
"Eu não queria vir (mas vim), irando os homens brancos","Xe n'aîupotari biã, karaíba moabaîtébo","N'aîupotari biã, karaíba amõ gûabo","Xe n'aîupotari biã, karaíba moabaîtébo"
"Eu não queria vir, irando os homens brancos","Xe n'aîupotari biã, karaíba moabaîtébo","N'aîupotari xûéne, îaîopuna","Xe n'aîupotari biã, karaíba moabaîtébo"
Eu tenho as orelhas cortadas,Xe nambiasyk,Aîeapyká,Xe nambiasyk
Eu sou fedorento,Xe nem,Aî'aî,Xe nem
Eu sou risonho,Xe nhearõ,Aîpynekûar,Xe pukasûer
eco de minhas palavras,xe nhe'ẽ'anga,xe nhe'enga abŷagûera,xe nhe'ẽ'anga
Eu resmungo,Xe nhe'ẽkurukuruk,Aîmombe'u,Xe nhe'ẽkurukuruk
Eu sou elegante nas palavras,Xe nhe'ẽmatueté,Gûinhe'enga xe momorangi,Xe nhe'ẽmatueté
Eu falo demais,Xe nhe'ẽmby'i,Xe nhe'engetekatu,Xe nhe'ẽmby'i
Eu tenho fala rápida,Xe nhe'ẽmby'i,Xe nhe'ẽmby'i,Xe nhe'ẽmby'i
Ele me deixou sem palavras,Xe nhe'ẽmbyk ahẽ,Aînhe'enga abŷabo,Xe nhe'ẽmbyk ahẽ
Eu me calei,Xe nhe'endok,Aî'apyk,Xe nhe'endok
"No final de minha fala, ele falou",Xe nhe'enga apyrûerype ahẽ nhe'engi,i 'anga koty é ahẽ nhe'engi,Xe nhe'enga apyrûerype ahẽ nhe'engi
Minhas palavras somente cumprirás,Xe nhe'enga nhõ ereîporaká,Xe nhe'enga nhõ ereîporaká,Xe nhe'enga nhõ ereîporaká
Eu tenho palavras afáveis,Xe nhe'engangaturam,Xe nhe'ẽposyî,Xe nhe'engangaturam
"Eu sou de voz alta, eu levanto a voz",Xe nhe'engapûan,Xe nhe'ẽmatã,Xe nhe'engapûan
Eu tenho palavras de rufião,Xe nhe'engarũaíb,Xe nhe'engasy,Xe nhe'engarũaíb
Eu tenho palavras ásperas,Xe nhe'engasy,Xe nhe'ẽngatu,Xe nhe'engasy
Eu sou gritador,Xe nhe'engatãndûer,Aîpyapasamoín,Xe nhe'engatãndûer
"Eu tenho boa fala, eu sou bom falante",Xe nhe'ẽngatu,Gûaîxará,Xe nhe'ẽngatu
Eu tenho palavras desatinadas,Xe nhe'engetá,Aînhe'ẽîeaseî,Xe nhe'engetá
Eu sou muito falante,Xe nhe'engetekatu,Ixé aé ipó nhe'engixûer,Xe nhe'engetekatu
Eu sou falador,Xe nhe'engixûer,Aîmopor xe nhe'enga,Xe nhe'engixûer
Eu vivo papeando,Xe nhe'engixûer gûitekóbo,Aîkó tenhẽ,Xe nhe'engixûer gûitekóbo
Eu sou fingido (nas palavras),Xe nhe'engyrygûan,Aîepysó gûitupa,Xe nhe'engyrygûan
minhas palavras engasgadas,xe nhe'ẽpa'ama,xe nhe'ẽremimbyra,xe nhe'ẽpa'ama
Eu sou muito manhoso em palavras,Xe nhe'ẽpokarugûákatu,Xe nhe'ẽpokarugûákatu,Xe nhe'ẽpokarugûákatu
Eu tenho palavras sagazes,Xe nhe'ẽpokarugûar,Xe nhe'ẽpoty,Xe nhe'ẽpokarugûar
"Eu tenho palavras pesadas (isto é, sérias, com pesadas reflexões)",Xe nhe'ẽposyî,Xe nhe'ẽposyî,Xe nhe'ẽposyî
"Eu tenho palavras enganosas, falsas",Xe nhe'ẽpuraké,Xe nhe'ẽpuraké,Xe nhe'ẽpuraké
Eu sou gago,Xe nhe'ẽrueru,Xe sarigûeîa,Xe nhe'ẽrueru
Eu tenho muitas comborças,Xe nhemõîetá,I mara'arusu ixé,Xe nhemõîetá
Veio antes que eu me preparasse,Xe nhemosako'i e'ymebé turi,Eîori xe nhemosako'i e'ymebé,Xe nhemosako'i e'ymebé turi
Eu tenho inclinação a me irritar,Xe nhemoŷrõndûer,Aîeréîereb,Xe nhemoŷrõndûer
Eu somente beberei tudo,Xe nhõ a'u pakatune,Ixé anhõ ygara,Xe nhõ a'u pakatune
"Ah, tão somente eu, na verdade, sofrerei isto!",Xe nhõngatueté koba'e aîporaráne mã!,Xe nhõngatueté koba'e aîpotareté mã!,Xe nhõngatueté koba'e aîporaráne mã!
"Que entres em meu coração, guardando meu interior","Xe nhy'ãme t'ereîké, xe py'a moingatûabo","Eîké xe nhy'ãme, xe ybỹîa rarõmo","Xe nhy'ãme t'ereîké, xe py'a moingatûabo"
"Que entres no meu coração, guardando bem meu interior","Xe nhy'ãme t'ereîké, xe py'a moingatûabo","Eîké xe nhy'ãme, xe ybỹîa rerekóbo","Xe nhy'ãme t'ereîké, xe py'a moingatûabo"
Eu sou muito manchado,Xe paráparab,Aîerekoaibeté,Xe paráparab
Eu vim do rio dos paratis,Xe parati 'y suí aîu,Aîur 'y parati suí,Xe parati 'y suí aîu
"Eu vim do rio dos paratis para ver a mãe de Deus, ficando a enfeitarme","Xe Parati 'y suí aîu Tupã sy repîaka, gûinhemoîegûáîegûaka","Aîur 'y Parati suí Tupã sy repîaka, i moingotebẽsaba","Xe Parati 'y suí aîu Tupã sy repîaka, gûinhemoîegûáîegûaka"
"Do rio dos paratis vim para ver a rainha, enfeitando minha cabeça","Xe parati 'y suí aîu, rainha repîaka, xe akanga moîegûaka","Xe parati 'y suí aîu kunhã repîaka, xe akanga moîegûaka","Xe parati 'y suí aîu, rainha repîaka, xe akanga moîegûaka"
Eu manquejo,Xe parĩ,Aîepysó gûitupa,Xe parĩ
Aquentamme,Xe pé,Eîori xe renõîa,Xe pé
Não me desterres tu,Xe pe'a umẽ îepé,Aûîé! Teumẽ xe mombaka,Xe pe'a umẽ îepé
Não me desterres tu,Xe pe'a umẽ îepé,Aûîé! Teumẽ xe mombaka,Xe pe'a umẽ îepé
Eu tenho casca (de ferida) erguida,Xe pébur,Xe rûaîurupirar,Xe pébur
"Eu tenho casca (isto é, de ferida prestes a sarar) estalada",Xe pépok,I piririk,Xe pépok
Eu sou muito perebento,Xe perépereb,Aîepysó gûitekóbo,Xe perépereb
lugar costumeiro de minha pescaria,xe pindaeîtykatyba,xe pirá itatyba,xe pindaeîtykatyba
Meu anzol muito ditoso há de pescar para ti,Xe pindáporangeté t'opindaîtykyne endébo,Xe 'apira amotá nde koty,Xe pindáporangeté t'opindaîtykyne endébo
"Meu anzol muito ditoso há de pescar para ti, puxando bem os canapus e as arabaianas verdadeiras","Xe pindáporangeté t'opindaîtykyne endébo, kunapu rekyîetébo, gûaraobanhaneté","Xe îurupypyk îepotasaba resé, kunapu resé i apytĩamo, arupare'yma","Xe pindáporangeté t'opindaîtykyne endébo, kunapu rekyîetébo, gûaraobanhaneté"
Eu tenho pintas,Xe pinim,Xe îeysápuku,Xe pinim
Eu sou todo manchado,Xe pinĩpinim,Aîku'ab,Xe pinĩpinim
Eu sou leproso,Xe piraíb,Xe piryty,Xe piraíb
Eu tenho a pele quente,Xe pirakubor,Aîpirok,Xe pirakubor
Eu tenho amantes,Xe piraty,Xe amigûar,Xe piraty
Eu tenho muitas bolhas,Xe piru'aru'a,Xe nhemoŷrõetá,Xe piru'aru'a
Eu sou leproso,Xe piryty,Xe piryty,Xe piraíb
Eu estou muito arrepiado,Xe pita'ita'i,Aîepysyrõsyrõ,Xe pita'ita'i
Eu estou muito quebrantado,Xe pitubarusu,Aîeréîereb,Xe pitubarusu
"Ah, beliscarmeá hoje!","Xe pixã korine, mã!","Té, kó ahẽ pu'ami!","Xe pixã korine, mã!"
extremidades de minhas mãos,xe pó apyra,xe pó apyra,xe pó apyra
"Sob minhas mãos tenho os moços pecadores, os velhos crescidos","Xe pó gûyrype arekó kunumĩgûasuangaîpaba, tunhãba'ekakuaba","Na xe pó gûyrype ruã kunumĩgûasuangaîpaba, tunhãba'ekakuaba","Xe pó gûyrype arekó kunumĩgûasuangaîpaba, tunhãba'ekakuaba"
Eu sou ligeiro de mãos,Xe poapyî,I popy'i tenhẽ,Xe poesãî
Eu sou ligeiro de mãos,Xe pobebuî,I popy'i tenhẽ,Xe poesãî
Eu sou ligeiro de mãos,Xe poesãî,I popy'i tenhẽ,Xe poesãî
Eu sou destro,Xe poîabab,I 'ekatûaba ixé,Xe poîabab
Eu sou hábil,Xe pokarugûar,Aîeapyká,Xe pokarugûar
Em minhas mãos bem os tenho,Xe pópe arekókatu,Aîpó gûyrype arekó,Xe pópe arekókatu
"Nas minhas mãos, somente, leveias",Xe pópe nhote arasó,Ambó pó suí nhõ nde reropûar,Xe pópe nhote arasó
Eu tenho mãos sardentas,Xe pópinim,I aîub xe pó,Xe pópinim
Eu sou ligeiro de mãos,Xe popy'i,I popy'i tenhẽ,Xe poesãî
Eu sou hábil em assim agir,Xe popy'i emonã gûitekóbo,Emonã tekó aîkó,Xe popy'i emonã gûitekóbo
Eu tenho mãos rápidas para assim agir,Xe pópy'i emonã gûitekóbo,Aîepyaobok emonã xe pó,Xe pópy'i emonã gûitekóbo
meu pescador,xe porakasara,xe pirá,xe porakasara
"Oxalá eu esteja muito bela, para que os homens me desejem","Xe porangeté temomã, a'emo abá xe potari","I porangetépotá, abá mondabeypó","Xe porangeté temomã, a'emo abá xe potari"
"Ah, eu sou muito miserável após me entregar para o diabo!",Xe poreaûsubetekatu Anhanga supé xe nheme'eng'iré mã!,Xe poreaûsubeté'ĩ ra'u anhanga pópe xe reîme'ẽngatu roîré mã!,Xe poreaûsubetekatu Anhanga supé xe nheme'eng'iré mã!
Estou sendo muito miserável,Xe poreaûsukatu gûitekóbo,Aîeréîereb,Xe poreaûsukatu gûitekóbo
Eu tenho mestre,Xe porombo'esar,Xe porombo'esar,Xe porombo'esar
"Eu açouto gente, de costume",Xe poronupã îá,Apore'ym îá,Xe poronupã îá
Açoito gente frequentemente,Xe poronupã îaby,Aîmoapapub apyrasápe,Xe poronupã îaby
Costumo alimentar gente,Xe poropoîxûer,"Ixéte, xe poîa'o ixébo",Xe poropoîxûer
Eu sou mandão,Xe poropûaîxûer,Xe poropûaîxûer,Xe poropûaîxûer
"Eu sou moçacara, eu sou forte","Xe posaká, xe ratã",Akakuab,"Xe posaká, xe ratã"
"Eu sou moçacara, eu sou forte","Xe posaká, xe ratã",Akakuab,"Xe posaká, xe ratã"
Eu estava sobrecarregado,Xe posakar,Aîepysó gûitupa,Xe posakar
Vio em meus sonhos,Xe posaûsupe asepîak,Aîosub xe piara,Xe posaûsupe asepîak
Dormiu comigo,Xe posé i keri,Aîkó xe ri,Xe posé i keri
Eu sou visitador,Xe posubixûer,Morubixámosaramo aîkó,Xe posubixûer
minha herança,xe potaba,xe potaba,xe potaba
O que me cabe é tomar cauim,Xe potaba kaûĩ rá,Kaûĩ xe potaba,Xe potaba kaûĩ rá
O que me cabe é tomar cauim,Xe potaba kaûĩ rá,Kaûĩ xe potaba,Xe potaba kaûĩ rá
Meu quinhão és tu!,Xe potaba nde!,Aîkó nde rekobîaramo!,Xe potaba nde!
Eu tenho flores,Xe potyr,Xe potyr,Xe potyr
Ocupame tu,Xe pûaî îepé,Nde nhemosaînanyne ixébene,Xe pûaî îepé
Eu sou certeiro,Xe pûakatu,Aîmoa'yrĩ,Xe pûakatu
minha presa (o que eu capturei na guerra),xe pu'amagûera,xe maranirũ,xe pu'amagûera
Eu estava ainda cansado,Xe pûeraî mbyté,Aîpuku bé,Xe pûeraî mbyté
Eu estava ainda cansado,Xe pûeraî mbyté,Aîpuku bé,Xe pûeraî mbyté
"Eu estou cansado, eu estou com sono!","Xe pûeraî, xe ropesyî!","Xe pûeraî, xe kerapará!","Xe pûeraî, xe ropesyî!"
Eu sou muito barulhento,Xe pugûasu,Aîmoporang,Xe pugûasu
Eu sou risonho,Xe pukasûer,Aîpynekûar,Xe pukasûer
Eu sou alto,Xe puku,I popebusu ixé,Xe puku
Eu fui peado,Xe pukusam,Aîepysó gûitupa,Xe pukusam
Eu estou inchado,Xe pungá,Aîubĩ tenondé,Xe pungá
Eu tenho azia,Xe pusu'umukaî,Iî aŷpyasab,Xe pusu'umukaî
Eu estou resfolgando,Xe putuẽtuẽ,Aîmombe'u,Xe putuẽtuẽ
Eu sou paciente,Xe putumuku,Xe putumuku,Xe putumuku
Eu estou admirado contigo,Xe putupab nhẽ nde ri,Aîpoûsubeté nde resé,Xe putupab nhẽ nde ri
Vou a pé,Xe py resé nhẽ asó,Asó itá resé,Xe py resé nhẽ asó
Meu coração ficando a revirar,Xe py'a pobupobu,I pypy'a e'i xe py'a,Xe py'a pobupobu
Toma logo meu coração e minha alma como coisas tuas,Xe py'a xe 'anga eîar nde mba'eramo taûîé,Eîar xe py'a xe 'anga nde mba'eramo,Xe py'a xe 'anga eîar nde mba'eramo taûîé
Eu tenho o coração angustiado,Xe py'aekotebẽ,I moŷrõ xe py'a,Xe py'aekotebẽ
Faço muito barulho ao andar,Xe pyambugûasu,Asykyîé asó,Xe pyambugûasu
Eu tenho o coração palpitante,Xe py'atytyk,I moapysyka xe py'a,Xe py'atytyk
Eu tenho olhos tortos,Xe pybang  Eu tenho os pés tortos Xe resábang,Aîpytápûar,Xe pybang Eu tenho os pés tortos Xe resábang
Eu tenho covinhas,Xe pygûaî,Xe rygeasypu'ãpu'am,Xe pygûaî
Eu tenho o pé adormecido,Xe pyîesyî,Iî aŷpy rupi aîkó,Xe pyîesyî
"Eu estava de pés soltos, meus pés soltaramse (pex, subindo eu a escada)",Xe py'ir,Aîeréîereb,Xe py'ir
Eu estou atolado,Xe pykûab,Aîepysó gûitupa,Xe pykûab
Um pau me desconjuntou o pé,Xe pymongaraû ybyrá,Amõ îepe'aba xe retymã moîegûaka,Xe pymongaraû ybyrá
Eu tenho pés calejados,Xe pypiru'a,Aîepysyrõsyrõ,Xe pypiru'a
O que trabalha perto de mim,Xe pyri marãtekoara,Aîkó xe porupi,Xe pyri marãtekoara
Eu dou tropeçada,Xe pysakang,Ixé t'aîub,Xe pysakang
Eu sou novo,Xe pysasu,Aîkó pysasu,Xe pysasu
Prendeume este macaxera!,Xe pysyk kó makaxera!,Eîpe'a kó tekoangaîpaba monhanga!,Xe pysyk kó makaxera!
Talvez queira agarrarme novamente este pássaro grande,Xe pysypotary bé serã kó gûyragûasu,Ikatupe nhẽ xe rerekoá benhẽ ikó gûyragûasu resé,Xe pysypotary bé serã kó gûyragûasu
Talvez queira agarrarme novamente este pássaro grande,Xe pysypotary bé serã kó gûyragûasu,Ikatupe nhẽ xe rerekoá benhẽ ikó gûyragûasu resé,Xe pysypotary bé serã kó gûyragûasu
Livrame tu!,Xe pysyrõ îepé!,Eîepe'a ixé i xuí!,Xe pysyrõ îepé!
Meus pés escorregaram,Xe pysyryk,Aîepysyrõsyrõ,Xe pysyryk
Eu me fico levantando nas pontas dos pés,Xe pyta'ãta'am,Aîeapyká,Xe pyta'ãta'am
Veio bem detrás de mim,Xe pytáî bé turi,Eîori xe atuaî,Xe pytáî bé turi
Atrás de mim ele veio,Xe pytaî turi,Aîeîurupirar,Xe pytaî turi
Veio atrás de mim,Xe pytaî turi,Eîori xe atuaî,Xe pytaî turi
Eu sou pardo,Xe pytang,Aîparĩ,Xe pytang
Eu sou coxo,Xe pyte'em,Aîpyapasamoín,Xe pyte'em
Eu tenho muito pitiú,Xe pyti'ugûasu,Xe 'angaeté,Xe pyti'ugûasu
"Eu tenho fôlego apressado, eu tenho muito fôlego",Xe pytubapûan,Aîerekoaíb,Xe pytubapûan
Eu estou muito melancólico,Xe pytubarusu,Aîeréîereb,Xe pytubarusu
Eu tenho fôlego comprido,Xe pytumuku,Ipuku xe resa'y,Xe pytumuku
Eu sou manchado,Xe rabarab,Aîepysó gûitupa,Xe apŷab
Eu sou muito manchado,Xe rabarábarab,Aîerekoaibeté,Xe paráparab
Eu tenho muita felpa,Xe rabusu,Xe piraty,Xe rabusu
Eu tenho inhaca,Xe raby'ak,Xe înhakũ,Xe raby'ak
"Estou pela metade (pex, afundado n'água)",Xe ragûé rupi aín,Aîopyterybo,Xe ragûé rupi aín
Arreganhei os dentes,Xe rãîbitir,Aîeapyká,Xe rãîbitir
"Saiume de través (pex, a flecha que me atingiu)",Xe raîé i xemi,Aîpĩnhang,Xe raîé i xemi
Rangemme os dentes,Xe rãîngyrỹî,Aîe'amĩ,Xe rãîngyrỹî
"Meus dentes tiritam (isto é, batem com o frio) Xe rembétatak  Meu beiço tirita",Xe rãîtatak,Xe resa'ykuaíb,Xe rãîtatak
Eu sou fibroso,Xe raîuraîu,Xe raîuraîu,Xe raîyraîyk
Eu tenho um nervo encolhido,Xe raîyîeapar,Aîepymongaraû,Xe raîyîeapar
Eu sou fibroso,Xe raîyraîyk,Xe raîuraîu,Xe raîyraîyk
O vão entre minhas pernas,Xe rakamby,Aîeîurupirar,Xe rakamby
Eu estou com doença venérea,Xe rakûanhaíb,Xe rakûanhaíb,Xe rakûanhaíb
Eu estou febril,Xe rakûar,Aîpitupyrang,Xe rakûar
"Eu estou febril, eu tenho febre",Xe rakub,Aîpitupyrang,Xe rakub
Eu estou morno,Xe rakubaíb,Aîubĩ,Xe rakubaíb
"Ah, eu estou muito quente aqui!",Xe rakubeté kó mã!,Xe rakubeté kó mã!,Xe rakubeté kó mã!
Eu estou animoso,Xe rakubor,Aîe'atype'a,Xe rakubor
"meu clítoris, meu tamatiá",Xe ramati'ã,Amokane'õ,Xe ramati'ã
Frustreime,Xe rambûer,Aîe'atype'a,Xe rarûab
meu avô Jaguaruna,xe ramũîa Îagûaruna,xe ramũîa Îagûarete,xe ramũîa Îagûaruna
"Eu sou muito grosseiro, eu sou grosseirão",Xe ran  Eu sou grosseiro Xe ranusu,"Ixé aé ixé, xe raûsub",Xe ran Eu sou grosseiro Xe ranusu
Eu sou peçonhento,Xe ranhasy,Aîkó i angaîpabamo,Xe ranhasy
Eu estou apressado,Xe ranhẽ,Xe aembé,Xe ranhẽ
Eu sou temporão,Xe ranhẽ,Aîkó ranhẽ,Xe ranhẽ
Eu hei de ir primeiro,Xe ranhẽ t'akûáne,Ixé ranhẽ t'akûáne,Xe ranhẽ t'akûáne
Eu tenho hérnia,Xe rapi'agûasu,Xe rapi'agûasu,Xe rapi'agûasu
Obedecemme bem os índios,Xe rapîakatu abá,Apŷaba xe rerekóû îepé,Xe rapîakatu abá
Eu sou semelhante aos selvagens,Xe rapixá saraûaîa,Asokaî,Xe rapixá saraûaîa
meu parceiro,xe rapixara,xe rapixara,xe rapixara
"Meus companheiros, hei de ver o feriado santo","Xe rapixarĩ pabẽ, 'aretéangaturama t'asepîáne!","Kunhã'yba xe, 'aretéangaturama t'asepîáne!","Xe rapixarĩ pabẽ, 'aretéangaturama t'asepîáne!"
Eu tenho (ou eu lanço) raízes,Xe rapó,Aîporaká,Xe rapó
Eu sou pontudo,Xe rapûá,Aîembo'e,Xe rapûá
Eu estou amontoado,Xe rapûá,Aîeréîereb,Xe rapûá
Eu tenho a extremidade pontuda,Xe rapûáobyr,Xe aseî ipó,Xe rapûáobyr
"Dou passos largos, dou grandes passos",Xe rapupa'ũusu,Aîmoatã kûepe xe só,Xe rapupa'ũusu
O que me guarda é o habitante do céu,Xe rarõana ybakygûara,Ybakype gûinhemoingóbo aîkó,Xe rarõana ybakygûara
Frustreime,Xe rarûab,Aîe'atype'a,Xe rarûab
Eu tenho vermes (na carne podre),Xe rasok,Xe îurupirar,Xe rasok
Eu estou quebrantado,Xe rasyrõ,Aîeréîereb,Xe rasyrõ
Meu fogo é o lugar em que queimarás,Xe ratá nde kaîaûama,Xe ratá pupé ereîotyk,Xe ratá nde kaîaûama
Mas meu fogo apagouse,Xe ratáte ogûé!,Xe ratá kanhemi,Xe ratáte ogûé!
Eu estou fumegante,Xe ratating,Aîubĩote,Xe ratating
Eu faço bochecha (comendo),Xe ratypygûasu,Aîmobabak xe remindu'une,Xe ratypygûasu
"Compadecete um pouco de mim, ó morte!",Xe raûsubámirĩ îepé te'õ gûé!,"Xe poreaûsubeté, xe re'õnama mã!",Xe raûsubámirĩ îepé te'õ gûé!
"Ah, quem me dera tivesse o padre um pouquinho de piedade de mim, mandandome pôr em outra parte!","Xe raûsubámirĩ temõ abaré, amongoty nhõte xe moinuká mã!","Xe raûsubámirĩ temõ abaré, xe mbouri mamõmo mã!","Xe raûsubámirĩ temõ abaré, amongoty nhõte xe moinuká mã!"
"Por se compadecer de mim, minh'alma faz firme","Xe raûsubasápe, xe 'anga moteni","I angaturama ri, xe 'anga seté","Xe raûsubasápe, xe 'anga moteni"
Eu estou esfalfado,Xe ra'ypab,Aîepysó gûitupa,Xe ra'ypab
Tratoo como se fosse meu filho,Xe ra'yra berame'ĩ arekó,Aîme'eng i nhemonhanga îabé,Xe ra'yra berame'ĩ arekó
meu filho que gerei,xe ra'yra xe remimonhanga,xe membyra amõanupãsara,xe ra'yra xe remimonhanga
"Ó meu filhinho, lembrate de que os que pereceram são objeto de esquecimento","Xe ra'yrĩ gûé, tesaraîtabamo okanhemba'epûera rekó resé nde ma'enduar","Xe ra'yrĩ, tesaraîtabamo okanhemba'epûera rekó resé nde ma'enduar","Xe ra'yrĩ gûé, tesaraîtabamo okanhemba'epûera rekó resé nde ma'enduar"
Eu sou de pequeno tamanho,Xe ra'yrĩa'ub,Iî aeté Ele é fino Xe aeté,Xe ra'yrĩa'ub
os parentes de minha mulher,xe ra'ysé,xe ra'ysé,xe ra'ysé
a mãe de meus filhos,xe ra'ysy,xe ra'ysy,xe ra'ysy
Meu filho!,Xe ra'yt!,Xe ra'yt!,Xe ra'yt!
"Indo, eu me escafedo",Xe rebinhỹ gûixóbo,"Asó, gûabo",Xe rebinhỹ gûixóbo
Ele é grande,Xe reburusu  Eu sou grande Seburusu,I îaeté,Xe reburusu Eu sou grande Seburusu
Eu sou médio,Xe reburusu nhote,Aîaî,Xe reburusu nhote
Eu tenho diarréia,Xe rebykasy,Iî abaí xe 'anga,Xe rybykasy
Eu tenho diarréia com sangue,Xe rebykasypyrang,Xe reîkûarugûy,Xe rebykasypyrang
Eu estou muito empanturrado,Xe rebykatãgûasu,Aîeréîereb,Xe rebykatãgûasu
Eu tenho diarréia com sangue,Xe reîkûarugûy,Xe reîkûarugûy,Xe rebykasypyrang
Eu tenho criações,Xe reîmbab,Xe poronupã,Xe reîmbab
Minha vaca que crio,Xe reîmbaba tapi'ira,Aîmba'e reîmbaba tapi'ira,Xe reîmbaba tapi'ira
a vaca que crio,xe reîmbaba tapi'ira,Aîmongy,xe reîmbaba tapi'ira
"Ah, vencermeão hoje!",Xe reîtyk korine mã!,"Xe reîtyk korine, mã!",Xe reîtyk korine mã!
"Ah, vencermeão hoje",Xe reîtyk korine mã!,Aûîé kori i gûaîbĩ mã!,Xe reîtyk korine mã!
"Eis que minha condição, na verdade, é assim",Xe rekó anhẽ nhẽ nakó emonã,Emonã anhẽ ã xe rekóû re'a,Xe rekó anhẽ nhẽ nakó emonã
Minha lei é muito bela,Xe rekó i porangeté,I porangeté xe rekó,Xe rekó i porangeté
Tenho meu modo de ser diferente,Xe rekóaé arekó,Aîepîasó,Xe rekóaé arekó
"Tenho meu modo de ser diferente (VLB, I, 103), Oré rekórekóaé oroerekó  Temos nossos modos de ser diferentes",Xe rekóaé arekó,Xe nhe'enga arekó,Xe rekóaé arekó
Eu estou muito leve nas minhas coisas,Xe rekóapepupepu,Xe mba'eaíb,Xe rekóapepupepu
"Embora me evoques os atos, daqueles arrependome","Xe rekóekyî îepé, a'epûera aîmoasy","Îasepîak îepé xe rekopûera, a'e xe arõane","Xe rekóekyî îepé, a'epûera aîmoasy"
"Embora me evoques os atos, daqueles arrependime, bem resgatandoos também","Xe rekoekyî îepé, a'epûera aîmoasy, i mboepykatûabo bé","Penhemoma'enduar xe rekopûera xe rapirõmo, xe rapirõmo, pe rapirõmo bé","Xe rekoekyî îepé, a'epûera aîmoasy, i mboepykatûabo bé"
Eu sou molengão,Xe rekombegûé,Xe membek,Xe rekoporeaûsub
Eu sou molengão,Xe rekoporeaûsub,Xe membek,Xe rekoporeaûsub
Eu estou adoentado,Xe rekoruînhẽ,Aîekûabĩ,Xe rekoruruînhẽ
Eu estou adoentado,Xe rekoruruînhẽ,Aîekûabĩ,Xe rekoruruînhẽ
Eu sou muito longevo,Xe rekosûékatu,Ixé ipó arekó,Xe rekosûékatu
Coisa beiçuda!,Xe rembegûasu  Eu tenho beiço grande Mba'eembegûasu!,Mba'eembegûasu!,Xe rembegûasu Eu tenho beiço grande Mba'eembegûasu!
Eu estou embasbacado,Xe rembeirĩ,Aîeréîereb,Xe rembeirĩ
Eu quero presas nas pessoas de alguns bêbados,Xe rembiápotá sabeypora amõ resé,Asapîápotá abá rygûasu,Xe rembiápotá sabeypora amõ resé
"Eu tenho presas, eu faço presas, eu apreso",Xe rembiar,"Xe rûaî, xe momburu, xe arõana",Xe rembiar
O resto de minhas presas trouxe para a rainha,Xe rembiara rembyrûera arurĩ reîa supé,Aîurupara rembyrûera arurĩ,Xe rembiara rembyrûera arurĩ reîá supé
O resto de minhas presas trouxe para a rainha,Xe rembiara rembyrûera arurĩ reîá supé,Aîurupara rembyrûera arurĩ,Xe rembiara rembyrûera arurĩ reîá supé
Eu sou muito delgado,Xe rembó nhẽ,Na xe rekosûeri,Xe rembó nhẽ
Eu me escafedo ao ir,Xe rembykãî gûixóbo,Aîepubuî gûixóbo,Xe rembykãî gûixóbo
Eu sobrei,Xe rembyr,Aîembo'e,Xe rembyrûer
Eu sobrei,Xe rembyrûer,Aîembo'e,Xe rembyrûer
meu escravo,xe remiaûsuba,xe remiaûsuba,xe remiaûsuba
o que eu tomo,xe remiîara,i gûasapaba,xe remiîara
o que eu ensinei,xe remimbo'epûera,i mbo'esaba,xe remimbo'epûera
"Eu tenho buzina, eu buzino",Xe remimby,"Aîmongetá, asapekóne",Xe remimby
Vou por minha vontade,Xe remimotarybo asó,Aîkó gûitekóbo,Xe remimotarybo asó
o magro que convidei,xe remipoîangaîbara,marãbirĩ xe renõîndara,xe remipoîangaîbara
o magro que convido para comer,xe remipoîangaîbara,iî aoba'e xe mbo'u,xe remipoîangaîbara
o fraco que convido para comer,xe remipoîmembeka,xe remipoîangaîbara,xe remipoîmembeka
o molengão que convido,xe remipoîmembeka,xe remipoîmembeka,xe remipoîmembeka
Eu enviuvei,Xe remirekoe'õ,Aîmonheran,Xe remirekoe'õ
o que eu como costumeiramente,xe remi'utyba,xe remi'u rerekóbo,xe remi'utyba
Eu fui mentiroso dizendo isso,Xe remo'em aîpó gûi'îabo,Aîpynekûab aîpó gûi'îabo,Xe remo'em aîpó gûi'îabo
"Eu hei de mentir, dizendo isso",Xe remo'em ká é aîpó ûi'îabo,Anhe'ẽne rasẽ,Xe remo'em ká é aîpó ûi'îabo
meu estrado,Xe rendaba,xe apykaba,Xe rendaba
Eu brilho,Xe rendy,Aîberab,Xe rendy
Eu tenho barba ruiva,Xe rendybaáîub,Xe rendybaáoby,Xe rendybáaîub
Eu tenho barba ruiva,Xe rendybáaîub,Xe rendybaáoby,Xe rendybáaîub
minha barba branca,xe rendybaátinga,xe rendybaátinga,xe rendybaátinga
Eu tenho papo (ou papada),Xe rendybagûyaî,Xe papu'a,Xe rendybagûyaî
Eu espumei,Xe rendyîuî,Aîepubuîereb,Xe rendyîuî
Eu sou luzente,Xe rendypuk,Aîub,Xe rendypuk
Eu fico salivando,Xe rendyrendy,Aîmombe'u,Xe rendyrendy
Eu babo,Xe rendysyryk,Aîmombe'u,Xe rendysyryk
Eu tenho penduricalhos,Xe renembaî,Xe nhe'eng,Xe renembaî
Não me chames tu pelo nome diante dele senão me mata,Xe renõî umẽ îepé i xupé na xe îukáî,Xe renõî umẽ îepé i xupé koîpó xe îukáne,Xe renõî umẽ îepé i xupé na xe îukáî
"Não me chames pelo nome diante dele, senão me mata!","Xe renõî umẽ îepé i xupé, na xe îukáî!","Eîpotare'ym umẽ xe rera i xupé, na xe îukáî!","Xe renõî umẽ îepé i xupé, na xe îukáî!"
Eu desmaiei,Xe re'õ'ar,Aîkomemûã,Xe re'õ'ar
Meu preço é pouquinho,Xe repy mokonhõ'ĩ,Arupibĩ,Xe repy mokonhõ'ĩ
Eu tenho muito preço,Xe repyetá,Xe mba'eetá,Xe repyetá
Eu tenho um preço baixinho,Xe repymokonhõ'ĩ,Arerekóîeapûã,Xe repymokonhõ'ĩ
Não me enternecendo eu pelo que morreu para me resgatar,Xe repyramo omanõba'epûera ri xe akyre'ymamo,Na xe resapysóî a'e xe repyramo omanõba'epûera,Xe repyramo omanõba'epûera ri xe akyre'ymamo
Eu tenho nome,Xe rer,Xe rer,Xe rer
"Meu nome é ""Sapo Achatado""","Xe rera ""Kururupeba""","Xe rera ""Tupã potaba""","Xe rera ""Kururupeba"""
meu padrinho,xe rerokarûera,xe îara,xe rerokarûera
"Batizoume, verdadeiramente, o padre",Xe reroketé pa'i,"Aîepypekatueté, pa'i abaré",Xe reroketé pa'i
"Levoume alguém consigo, por acaso, para longe me levando do meu bom caminho?","Xe reropîápe abá ri, kûepe nhẽ xe rerasóbo xe rapékatu suí?",Serapûan serã nde rapixara amõ xe rerasóbo xe rapékatu suí?,"Xe reropîápe abá ri, kûepe nhẽ xe rerasóbo xe rapékatu suí?"
Faze uma igreja que tenha meu nome,Xe reryîara tupãoka eîmonhang,Eîmonhang Tupãoka xe rerype,Xe reryîara tupãoka eîmonhang
Bem com os meus olhos vi que tu as escondeste,Xe resá pupékatu asepîak nde i mimagûera,Nde nhe'engabŷápe a'é,Xe resá pupékatu asepîak nde i mimagûera
Eu chorei até ficar com olhos avermelhados,Xe resaapytãpytang,Aîpytápytybyrok,Xe resaapytãpytang
Eu sou travessa,Xe resaarũaíb,Aîkó i angaîpabamo,Xe resaarũaíb
Eu sou torto do olho,Xe resab,Aindé,Xe resab
Eis que teu filho me fez mudar de idéia,Xe resaekoabok ikó nde ra'yra,A'ereme nde ra'yra xe rekobîarõmo,Xe resaekoabok ikó nde ra'yra
Eu sou libertina,Xe resaeté,Okyko'ẽko'ẽ amana,Xe resaeté
Eu sou arisco,Xe resaeté,Atyabor,Xe resaeté
Eu tenho olheiras,Xe resagûyrumbyk,Xe pûapẽ,Xe resagûyrumbyk
Eu tive vertigem (ou eu estou enjoado),Xe resagûyryb,Aîepîakukar,Xe resagûyryb
Ele tem o rosto muito alegre,Xe resãî  Eu estou alegre Sobáesãîngatu,Xe resátingatu,Xe resãî Eu estou alegre Sobáesãîngatu
Eu tenho olhos zarcos,Xe resáîub,I morotĩ xe resá,Xe resáîub
Eu sou de bom semblante,Xe resakûanhyrõ,Aîkóngatu,Xe resakûanhyrõ
Eu sou malencarado,Xe resakûarasy,Anhagûãnhagûãî,Xe robasy
Eu tenho as cavidades dos olhos encovadas,Xe resakûárorẽ,Aîpytápûar,Xe resakûárorẽ
Eu estou olheirento,Xe resakûarumbyk,Aîepîakukar,Xe resakûarumbyk
Eu sou travesso,Xe resakûékûé,Aîkó i angaîpabamo,Xe resakûékûé
homem choramigas,Xe resangá  Eu sou chorão Abáesangá,abápukuîara,Xe resangá Eu sou chorão Abáesangá
Eu tenho catarata,Xe resaoby,Xe resaoby,Xe resaoby
Eu tenho olhos enevoados,Xe resáoby,I pytang xe resá,Xe resáoby
"Surpreendeume ele, vindo","Xe resapy'a ahẽ, oú",Aîeapyká,"Xe resapy'a ahẽ, oú"
Eu desmaio,Xe resapytumbyk,Aîkomemûãpe ká,Xe resapytumbyk
Eu estavame esquecendo mesmo,Xe resaraî é gûitekóbo,Aîepysyrõngatu,Xe resaraî é gûitekóbo
"Eu estava, mesmo, esquecendo, não que o quisesse omitir","Xe resaraî é gûitekóbo, n'aseîápotá ruã!","Anheté, xe pysyrõ îepé, na xe pe'aî xóne","Xe resaraî é gûitekóbo, n'aseîápotá ruã!"
"Eu estavame, mesmo, esquecendo e não querendo omitilo","Xe resaraî é gûitekóbo, n'aseîápotá ruã!","Ixé aé, xe pysyrõ îepé, n'aîpotari xe rapirõmo","Xe resaraî é gûitekóbo, n'aseîápotá ruã!"
Eu tinhame esquecido por causa da muita aflição,Xe resaraî tekotebẽeté suí!,Aîerekoaibok xe angaîpaba suí,Xe resaraî tekotebẽeté suí!
Eu sou esquecidiço,Xe resaraîpotar,Aîobîasab,Xe resaraîpotar
"Eu tenho propensão a esquecer, eu sou esquecidiço",Xe resaraîpotar,Na xe ma'enduar,Xe resaraîpotar
Mas eu me esqueci completamente,Xe resaraîtekatu,Xe resaraîtekatu,Xe resaraîtekatu
Eu tenho olhos claros,Xe resáting,Xe resá resapytumbyk,Xe resáting
Eu tenho olhos esbugalhados,Xe resáynhusu,Aîesápetek,Xe resáynhusu
Eu estou lacrimejando,Xe resa'ysa'y,Aîmoasy,Xe resa'ysa'y
Eu tenho lágrimas gotejantes,Xe resa'ytykyr,Aîase'o anhanga suí,Xe resa'ytykyr
Em mim confiam,Xe resé oîerobîá,Xe resé oîerobîá,Xe resé oîerobîá
"Em mim confiam, bem em mim apoiandose","Xe resé oîerobîá, xe resékatu oîekoka",Xe resé oîerobîá,"Xe resé oîerobîá, xe resékatu oîekoka"
"Fulano está muito atrás de mim (isto é, fica no meu encalço, a importunarme)",Xe resékatu ahẽ rekóû,Amõ xe momburûabo,Xe resékatu ahẽ rekóû
"Sobrame dinheiro, certamente",Xe resemõ îepé itaîuba,Itaîuba rembyrûera anhẽ,Xe resemõ îepé itaîuba
Abundarmeá futuramente toda a felicidade desejada,Xe resemõ irã mba'ekatupabẽ i potarypyra,Aîpytá xe suí opakatu xe remimborará,Xe resemõ irã mba'ekatupabẽ i potarypyra
Sobramme sauiás,Xe resemõ sauîá,Xe resé nde nheŷnhang,Xe resemõ saûîá
Sobramme sauiás,Xe resemõ saûîá,Xe resé nde nheŷnhang,Xe resemõ saûîá
Isso é o que é destinado a mim,Xe resendûara ebokûea,Aîpó xe rapixara,Xe resendûara ebokûea
"Isso é referente a mim, isso é o que me concerne",Xe resendûara ebokûea,Akó xe resendûara,Xe resendûara ebokûea
Assame o Lourenço tostado,Xe resy Lorẽka'ẽ,Emoîyb laurel,Xe resy Lorẽka'ẽ
"Assame o Lourenço tostado, embora eu seja um rei","Xe resy Lorẽka'ẽ, xe morubixaba biã","Xe îaramo nhẽ, Lorẽmbora moîarukari","Xe resy Lorẽka'ẽ, xe morubixaba biã"
Eu tenho muitos (parentes),Xe retá,Xe retá,Xe retá
minha antiga região,xe retãmbûera,xe retãmbûera,xe retãmbûera
"Eis que meu corpo não está disposto, amolecendo","Xe reté ã n'oîkoetéî, omembeka","Na xe reté ã n'i marani, i moîekuakupa","Xe reté ã n'oîkoetéî, omembeka"
"Eis que meu corpo não está disposto, amolecendo","Xe reté ã n'oîkoetéî, omembeka","Na xe reté ã n'i marani, i moîekuakupa","Xe reté ã n'oîkoetéî, omembeka"
Meu corpo treme (de medo),Xe retépiring,Xe retékyî,Xe retépiring
"Eu sou muito bochechudo, eu tenho bochechas grandes",Xe retobapegûasu,Aîeaîubĩ,Xe retobapegûasu
Eu sou um pouco bochechudo,Xe retobapépyryb,Aîababixûer,Xe retobapépyryb
Fezme arder as pernas,Xe retymãmoîosar,Aîeatyká,Xe retymãmoîosar
Eu tenho pernas tortas,Xe retymãnhemang,I 'aputu'uma,Xe retymãnhemang
Eu sou pequeno,Xe risi'ĩ,Iî aeté Ele é fino Xe aeté,Xe risi'ĩ
meu sobrinho,xe ri'yra,xe ri'yra,xe ri'yra
Eu estou amargo,Xe rob,Aîmonhyrõ,Xe 'ak
Meu rosto é envelhecido,Xe robá tuîba'e,Aîkó tuîba'e,Xe robá tuîba'e
"Eu estou de rosto amarelo, eu estou pálido",Xe robáîub,I pytubok xe robá,Xe robáîub
Na minha frente ele disse isso,Xe robaké aîpó i 'éû,Amba'e renondé aîpó i 'éû,Xe robaké aîpó i 'éû
Eu tenho o rosto curubento,Xe robákurub,Aîehobaob,Xe robákurub
Eu tenho o rosto muito curubento,Xe robákurukurub,I tybi xe robá,Xe robákurukurub
Eu tenho o rosto esburacado (com varíola),Xe robápupuk,Aîobok,Xe robápupuk
Eu estou arrasado,Xe robapyka'ẽ,Aka'ab,Xe robapyka'ẽ
"Eu tenho rosto muito vermelho, eu enrubesço",Xe robápyrãpyrang,I pytãngatu xe robá,Xe robápyrãpyrang
Eu tenho a mão parcialmente descoberta,Xe robáseb  Eu tenho o rosto parcialmente descoberto Xe póseb,Nde popûera!,Xe robáseb Eu tenho o rosto parcialmente descoberto Xe póseb
Eu sou malencarado,Xe robasy,Anhagûãnhagûãî,Xe robasy
Eu estou roxo furtacor,Xe robykanugûá,Aîpitupyrang,Xe robykanugûá
Eu sou pontudo,Xe robyr,Aîembo'e,Xe rapûá
Querendo revirar minha casa,Xe roka pobupotá,Xe roka potá,Xe roka pobupotá
Tenho a carne arrepiada,Xe ro'opiring,Iî aeté a'u,Xe ro'opiring
Eu tenho a carne trêmula,Xe ro'osysyî,I gûabo nhẽ xe remi'u,Xe ro'osysyî
Eu tenho a carne palpitante,Xe ro'otytyk,I 'apira a'u,Xe ro'otytyk
Será que me perdi?,Xe ropá serã?,Asóp'ixéne ri?,Xe ropá serã?
Ando perdido,Xe ropáropar,Aîmoîa'ok,Xe ropáropar
Eu cochilo,Xe ropebypebyk,Akambu,Xe ropebypebyk
Eu tenho terçol,Xe ropepirekó,Xe terço,Xe ropepirekó
Eu tenho o interior das pálpebras trêmulo,Xe ropépysysyî,Aîubĩ xe remindu'une,Xe ropépysysyî
"Eu sou o alegre Ibitirapé, do topo da montanha","Xe rory Ybytyrapé, ybytyrapûá suí","Ixé Ibitirapé moesãîa, ybytyra abiã","Xe rory Ybytyrapé, ybytyrapûá suí"
Eu estou feliz por causa de tua ida,Xe roryb nde só resé,Iîá osóbo,Xe roryb nde só resé
Eu estou feliz por tua ida,Xe roryb nde só resé,Iîá osóbo,Xe roryb nde só resé
Eu tenho sofrimento de sobra,Xe rosangesemõ,Xe aíbusu,Xe rosangesemõ
minha ausência,xe roŷpyre'yma,xe aîubykara,xe roŷpyre'yma
"meus prisioneiros (ie, aqueles que são inferiores a mim e que devem servirme)",xe rûaîa,xe kyre'ymbaba,xe rûaîa
Eu tenho o rabo cortado,Xe rûaîasyk,Aîeká xe gûapyka,Xe rûaîasyk
herança de meu pai,xe ruba mba'epûera,xe ruba ra'ysé,xe ruba mba'epûera
Há de ser o substituto de meu pai,Xe ruba rekobîara é re'ĩ,Aîkó xe ruba rekobîaramo serã,Xe ruba rekobîara é re'ĩ
Assim ajo conforme meu pai,Xe ruba rupi é emonã aîkó,Emonã xe ruba rerasóbo aîkó,Xe ruba rupi é emonã aîkó
Eu sou pecador como meu pai,Xe ruba rupi é xe angaîpabamo,Xe ruba rupi é xe angaîpabamo,Xe ruba rupi é xe angaîpabamo
Vais em busca de meu pai?,Xe ruba supépe eresó?,Eresópotápe xe ruba?,Xe ruba supépe eresó?
Meu pai os inimigos comeram,Xe ruba tobaîara îa'u,"Xe ruba, xe suí i aîuri'yma t'ere'u",Xe ruba tobaîara îa'u
o patrimônio dado a mim por meu pai,xe ruba xe mba'eme'engaba,xe ruba xe me'engaba,xe ruba xe mba'eme'engaba
"meu pai, o que me gerou (para não haver confusão com outros parentes que também eram chamados tuba)",xe ruba xe monhangara,"xe ruba, xe monhangara",xe ruba xe monhangara
Meu pai foi?,Xe rubape osó?,Osópe tuba?,Xe rubape osó?
meu paizinho,xe rubĩ ,xe rubĩ ,xe rubĩ 
"Ah, meu pai!",Xe rubĩ mã!,Xe rubĩ!,Xe rubĩ mã!
Eu estou menstruada,Xe rugûy,Aîgûaîbĩ,Xe rugûy
Eu tenho o sangue escorrido,Xe rugûysyryk,Aîmondeb,Xe rugûysyryk
Tu me escaldaste,Xe rũî îepé,Nde marãmotar xe ri,Xe rũî îepé
Eu sou preto,Xe run,Aindé,Xe run
Eu estou preto de fumaça,Xe run tatatinga suí,Aîpitupyrang,Xe run tatatinga suí
desde minha vinda,xe rura agûerabé,xe rura agûerabé,xe rura agûerabé
logo que vim,xe rura rupibé,xe rura agûerabé,xe rura rupibé
"Ao vir eu, encontrei o que guardara","Xe rureme, asobaîtĩ xe remierekopûera",Anhemonhang xe mba'e amõ gûeba resé,"Xe rureme, asobaîtĩ xe remierekopûera"
"Minha embarcação (isto é, a que me contém, não aquela que me pertence)",Xe ruru,Aîogûerekó,Xe ruru
Eu estou desinchado,Xe rurunhyng,Aîmombe'u,Xe rurunhyng
Eu estou enlameado,Xe ru'um,Ka'abo aîub,Xe ru'um
Suo,Xe ryaî,ebok6ra; ebokiié; eboili; ebo6ing; eboiliba'e; eboilinga; (variedades): a'e; aipó; akó; akiieiá; akiieiá; akiieiá; akiieiá etc,Xe ryaî
Eu sou barulhento,Xe ryapu,Asem,Xe ryapu
Eu fedo,Xe ryapûanusu,Aî'aî,Xe ryapûanusu
Eu sou trepador,Xe rybobõ,Ybytyrapu'a ixé,Xe rybobõ
Eu tenho diarréia,Xe rybykasy,Iî abaí xe 'anga,Xe rybykasy
"Meu irmão, perdoa tu a mim","Xe rybyt, nde nhyrõ xebo","Xe rybyt, xe poraûsubara","Xe rybyt, nde nhyrõ xebo"
"Meu irmão, perdoa tu a mim","Xe rybyt, nde nhyrõ xebo","Xe rybyt, xe poraûsubara","Xe rybyt, nde nhyrõ xebo"
Eu estou úmido,Xe ryby'y,Aîasekó,Xe ryby'y
Eu tenho diarréia,Xe rygeaíb,Iî abaí xe 'anga,Xe rybykasy
Eu tenho puxos,Xe rygeasypu'ãpu'am,Xe 'ekuakupab,Xe rygeasypu'ãpu'am
Eu estou muito úmido,Xe rygûasu,Aîybyyby'ab,Xe rygûasu
Eu sou ciumento,Xe rygûyrõbor,Aîmonhyrõ,Xe rygûyrõbor
Eu tenho bafio,Xe rygynõ,Xe 'y'u,Xe rygynõ
Eu me derreti,Xe ryku,Aîubĩ,Xe ryku
Eu seco,Xe rypab,Aîasekó,Xe rypab
Assim que eu vou,Xe só abé,Aîupabok,Xe só abé
"Tão logo indo eu, ele veio",Xe só abé turi,Aîupabok,Xe só abé turi
Como se eu fosse,Xe só îarameté,Ixé nhe'enga supé,Xe só îarameté
Como se eu fosse,Xe só îasûaramo n'aé,Ixé nhe'enga supé,Xe só îarameté
Como se eu fosse,Xe só serãmona'ẽ,Ixé nhe'enga supé,Xe só îarameté
Meu destino é a terra de Deus,Xe soaba Tupã retama,Tupã retama ixé remimotara,Xe soaba Tupã retama
"Deume pancada de ponta, somente (isto é, sem me furar)",Xe sok îõte,Aîkupyîurar,Xe sok îõte
o que toca a quando eu fui,xe soremendûara,xe só riré seró,xe soremendûara
De mim comendoas todas,Xe suí i gûabo pá,Aîmo'y'useî,Xe suí i gûabo pá
Não tendo nojo de mim,Xe suí oîegûarue'yma,Nde nhyrõtene xébo,Xe suí oîegûarue'yma
Eu sou inchado,Xe susu'a,Aîubĩ tenondé,Xe susu'a
Picarmeia o marigui,Xe su'umo marigûi,Moxy aî'abo,Xe su'umo marigûi
"Ó minha mãe! (Fig, Arte, 9) [Usavase também por quem respondia",Xe sy îu!,Xe sy!,Xe sy îu!
Eu estou liso,Xe sym,Aîubĩ tenondé,Xe sym
"Que seja minha mãe, de fato",Xe syramongatu t'oîkó,Aîkóeté,Xe syramongatu t'oîkó 
"Que seja minha mãe, de fato",Xe syramongatu t'oîkó ,Aîkóeté,Xe syramongatu t'oîkó 
a companheira de minha mãe,xe sy'yra,xe sy'yra,xe sy'yra
Eu sou o grande tamoio Aimbirê,Xe tamũîusu Aîmbiré,"Aîmbiré, ybyráeté, ixé",Xe tamũîusu Aîmbiré
"Eu sou o grande tamoio Aimbirê, uma sucuriju, um tauató","Xe tamuîusu Aîmbiré, sukuriîu, tagûató","Xe ambusu Aîmbiré, sukuriîu, tagûató","Xe tamuîusu Aîmbiré, sukuriîu, tagûató"
Eu sou terrível,Xe taŷgaíb,Xe taŷgaíb,Xe taŷgaíb
Eu estou muito desfigurado,Xe té xe té,Anhe'engatã,Xe té xe té
Eu tenho peçonha,Xe tegûam,Xe 'ak,Xe tegûam
"Eu estoume homiziando, eu estou vivendo fugido",Xe tekoaraibor gûitekóbo,"Aîomongetá tenhẽ, apûaîaî",Xe tekoaraibor gûitekóbo
Meu entendimento todo fiz desaparecer,Xe tekokuaba opá amokanhem,Opá xe mba'ekugûapara é,Xe tekokuaba opá amokanhem
Eu retomei o bom senso,Xe tekokuabar,Aîe'amaman,Xe tekokuabar
Eu tenho impigem,Xe titing,Xe îeîurupygûaî,Xe titing
Minha pele tem titinga,Xe tĩtiting  Meu nariz tem titinga Xe pytiting  Meus pés têm titinga Xe pititing,Xe pytygûyr,Xe tĩtiting Meu nariz tem titinga Xe pytiting Meus pés têm titinga Xe pititing
"Eu hei de bem apanharte, fazendote cair no meu mundéu","Xe t'oropysykatu, xe mundépe nde mbo'a","Aîpotákatu nde suí, xe retãme nde reîkébo","Xe t'oropysykatu, xe mundépe nde mbo'a"
"Eu hei de bem apanharte, na minha armadilha fazendote cair","Xe t'oropysykatu, xe mundépe nde mbo'a","Aîpysykatu nde suí, nde koty xe sópotá","Xe t'oropysykatu, xe mundépe nde mbo'a"
Eu sou o grande tupinambá,Xe tupinambagûasu,Ixé tupinambagûasu,Xe tupinambagûasu
Eu tenho cálculos renais,Xe typa'am,Itá arekó xe aseî,Xe typa'am
Eu arquejo,Xe ukûakûar,Aîepysó gûitupa,Xe ukûakûar
Eu tenho muitos bernes,Xe ur  Eu tenho berne Xe uxe ur,Arurusu,Xe ur Eu tenho berne Xe uxe ur
Eis que eu tenho sede,Xe 'useî ã,A'ekatu sepîaka,Xe 'useî ã
Tu me atormentas,Xe usũî îepé,Nde rasyrõ xe momburu,Xe usũî îepé
Eu tusso,Xe u'u,Aîubĩote,Xe u'u
Eu arquejo,Xe u'ukûar,Aîepysó gûitupa,Xe ukûakûar
Eu enfeio minh'alma,Xe xe 'anga aîmomoxy,Aîmoaob xe 'anga,Xe xe 'anga aîmomoxy
Eu tenho bafo fedorento,Xe ybĩîrem,Aîarusu,Xe ybĩîrem
Eu tenho baceira,Xe ybypiar,I mara'ara ixé,Xe ybypiar
Jazia ao lado de mim,Xe ybyri tuî,Eîori xe rekóû,Xe ybyri tuî
Eu estou poento,Xe yî,Aîepysó gûitupa,Xe yî
Eu sou velho,Xe ymûan,Ixé tuîba'e,Xe ymûan
Eu estou com a base com firmeza,Xe ypy ten,Aîpysykatã ahẽ mba'e resé,Xe ypy ten
Eu tenho a base fixa,Xe ypyten,Xe ypyten,Xe ypyten
Eu sou nadador (ou sei nadar),Xe 'ytab,Na xe aîur,Xe 'ytab
Fartame o peixe,Xe ytarõ pirá,Emondyky pirá ixébe,Xe ytarõ pirá
"Eu, o diabão assado","Xe, anhangusumixyra","Ixé, anhanga momburu",Xe anhangusumixyra
"Eu, o diabão assado, o que tem nome Guaixará, o que é afamado por aí","Xe, anhangusumixyra, Gûaîxará seryba'e, kûepe i moerapûanymbyra","Ixé, Anhanga ro'y, Gûaîxará seryba'e, a'epe ojekuaba'e","Xe, anhangusumixyra, Gûaîxará seryba'e, kûepe i moerapûanymbyra"
"Eu, Tatapitera, inflamo os antigos ódios","Xe, Tatapytera asapy nhemoŷrõmbûera","Ixé, Tatapytera, aropopó moropotaragûera","Xe, Tatapytera asapy nhemoŷrõmbûera"
"Eu, Tatapitera, assim como meu grande fogo, inflamo os antigos ódios","Xe, Tatapytera, xe tatagûasu îabé, asapy nhemoŷrõmbûera","Ixé, Tatapytera, xe tatagûasu îabé, amoingobépuku xe raûsuba","Xe, Tatapytera, xe tatagûasu îabé, asapy nhemoŷrõmbûera"
o que entra para junto de mim,xebe teîkeara,Xe posé oîkeba'epûera,xebe teîkeara
"E a mim é que faz vir hoje para vos empurrar, enxotandovos desta sua terra","Xete xe mboú kori pe moanhana, pe mondóbo ikó setama suí",Ixé aé kó 'ara pe mondóbo pe retama suí pe mondóbo,"Xete xe mboú kori pe moanhana, pe mondóbo ikó setama suí"
"Mas eu, tendo saudades de ti, querote muito bem","Xete, nde repîaka'upa, oroamotákatu","Ixéte, nde resé gûaîxará, asetobapépyryb","Xete, nde repîaka'upa, oroamotákatu"
"Mas eu, amando minh'alma, fico quieto em minha terra","Xete, xe 'anga raûsupa, aby'arĩ xe retãme","Xete, xe 'anga raûsupa nhẽ, aby'arĩ nhote xe retãme","Xete, xe 'anga raûsupa, aby'arĩ xe retãme"
"Eu, em vez disso, quero presas nas pessoas de alguns bêbados","Xete, xe rembiápotá sabeypora amõ resé","Ixéte, xe remimotarybo abá raûsupa","Xete, xe rembiápotá sabeypora amõ resé"
"Eu, em vez disso, quero presas em alguns bêbados","Xete, xe rembiápotá sabeypora amõ resé","Ixéte, mba'ee'ymba'e potá","Xete, xe rembiápotá sabeypora amõ resé"
água,y,ara,y
Atravessar a água elimina a sujeira dos pés,Y aé rasaba mby ky'a îaîmomemûã,Y aé rasaba i moîasukaba,Y aé rasaba mby ky'a îaîmomemûã
Água é o que não tem essa ilha,Y angaba'eamẽ ebokûé 'ypa'ũ,Y angaba'e kó 'ype sekó,Y angaba'eamẽ ebokûé 'ypa'ũ
água sem mistura,y anhẽ,y nonnyngere'yma,y anhẽ
A água transformou em vinho,Y anhẽ monhangi kaûĩnamo,Y anhẽ monhangi kaûĩnamo,Y anhẽ monhangi kaûĩnamo
Na superfície das águas os peixes estavam,Y ape'arybo pirá kûáî,Y ape'arybo pirá kûáî,Y ape'arybo pirá kûáî
A água benta seja o meio de viver de minha alma,Y i mongaraibypyra t'oîkó xe 'anga rekobesabamo,Y i mongaraibypyra t'oîkó xe 'anga rekobesabamo,Y i mongaraibypyra t'oîkó xe 'anga rekobesabamo
"passagem de água, rego para água",y kûapaba,yrapema,y kûapaba
Vou em busca de água,Y piaramo asó,Asó 'y gûabo,Y piaramo asó
Com água nos molham a cabeça,Y pupé asé 'apiramõû,Y pupé asé akanga i moîáno,Y pupé asé 'apiramõû
no fundo da água,y pype,paranãpyterybo,y pype
"Fui ao encontro do meio das águas (isto é, para o altomar)",Y pytera asopenhan,Atymombytá,Y pytera asopenhan
rego d'água,y rapé,y,y rapé
"costa (de mar, de rio)",y rembe'yba costas,ye'ekiiaba,y rembe'yba costas
lume das águas,y rendyîaba,tatá suí 'y,y rendyîaba
além do rio,y robaî,kamuri,y robaî
Nem mesmo água eu tenho,Y tiruã n'arekóî,Y tiruã n'arekóî,Y tiruã n'arekóî
rio,y; ty2; iy,y; ty2; iy,y; ty2; iy
braço de rio,yakã,y; ty2; iy,yakã
"rio acima, a montante",yanhangoty,yape'ara rupi,yanhangoty
"cabaçapescocinho (isto é, em forma de pescoço, com estreitamento entre duas partes mais largas, estreita no meio e grossa nas pontas)",yánhurĩ,iî apé koty,yánhurĩ
"à flor d'água, na superfície da água",yapé 'arybo,yapé 'arybo,yapé 'arybo
"à tona d'água, na superfície da água",yape'ara rupi,paranã ybyri,yape'ara rupi
cheiroso,yapüan,ta'angaba; iekuapaba; pora (mb) siri,yapüan
nascentes (de águas),yapyra,ybytinga,yapyra
cabeceiras de rio,yapyra,ye'ekiiaba; 'yekiiabusu,yapyra
"rio acima, a montante",yapyrakoty,yape'ara rupi,yanhangoty
passagem costumeira de rio,Yasapátyba,kamuri'y,Yasapátyba
rio direito,yatã,kamuri'y,yatã
cabo,yba,aka,yba
caule,yba,ybyrá,yba
guia,yba,posyia,yba
planta',yba,kambu,yba
fruta,ybá,ai ,ybá
fruto,ybá,ai ,ybá
Os cabos são achatados,Yba i peb,I pupukytĩba'e yba i apenhugûãnhugûanyba'e,Yba i peb
A força vital das frutas aqui está,Ybá seté kó sekóû,Kó 'ybá rekobé,Ybá seté kó sekóû
Os cabos são brancos,Yba ting,Yba îaîuba,Yba ting
o fruto que Deus proíbe,ybá Tupã remipysyrõ,a'e 'ybá Tupã 'éû i 'uû,ybá Tupã remipysyrõ
origem,yba; ypy; ypyrunga,"ypyrunga, ypyrungaba (v ypyrung) comer",yba; ypy; ypyrunga
imitando a queda das frutas maduras,ybá'apuba kuîa ra'anga,Aîkytykytyk mba'ekagûera,ybá'apuba kuîa ra'anga
melancia,ybae'e; anhumatiroba,aîpi 'y,ybae'e; anhumatiroba
céu,ybaka,ybaka,ybaka
O próprio céu é o que Deus prepara para nós,Ybaka aé Tupã îandé resé i nhemosako'îaba,Ybaka aé Tupã îandé resé i nhemosako'îaba,Ybaka aé Tupã îandé resé i nhemosako'îaba
"O próprio céu é o que Deus prepara para nós, lugar em que bem coloca nossa felicidade futura","Ybaka aé Tupã îandé resé i nhemosako'îaba, îandé mba'ekaturama nongatûaba re'a","Ybaka aé Tupã îandé resé i nhemosako'îabo, a'epe îandé mba'ekaturama nongatûabo ruã","Ybaka aé Tupã îandé resé i nhemosako'îaba, îandé mba'ekaturama nongatûaba re'a"
"Os habitantes do céu, mais ainda, estão bem felizes",Ybaka porátene soryporang,Ybaka porátene soryporang,Ybaka porátene soryporang
"Atravessando o céu foi, deixandote","Ybaka rasapa osó, nde reîá","Ybaka rupi i xóû, nde reîá","Ybaka rasapa osó, nde reîá"
"Atravessando o céu foi, deixandote","Ybaka rasapa, osó, nde reîá","Ybaka rupi i xóû, nde reîá","Ybaka rasapa osó, nde reîá"
"Atravessando o céu, foi, deixandote","Ybaka rasapa, osó, nde reîá","Ybaka rupi osó, nde reîá","Ybaka rasapa, osó, nde reîá"
Vieste do céu,Ybaka suí ereîur,Ereîur ybaka suí,Ybaka suí ereîur
Do céu vieste,Ybaka suí ereîur,Ybaka suí ereîur,Ybaka suí ereîur
celestial,ybakygüar,ybaka ri,ybakygüar
os habitantes do céu,ybakygûara,ybakygüar,ybakygûara
Os habitantes do céu afligiramse,Ybakygûara onhemoputupab,Ybakygûara onhemoputupab,Ybakygûara onhemoputupab
"Os habitantes do céu afligiramse, vendoo humilharse",Ybakygûara onhemoputupab i nhemomoreaûsuba repîaka,A'epe ybakygûara onhemoputupab i nhemomoreaûsuba repîaka?,Ybakygûara onhemoputupab i nhemomoreaûsuba repîaka
Levando nossa alma para o céu,Ybakype asé 'anga rerasóbo,Asé 'anga asé rerasó ybakype,Ybakype asé 'anga rerasóbo
Antes sua ida para junto dele no céu que sua ida para o inferno,Ybakype i pyri o só îanondé Anhanga ratápe o só suí,I xosé rakó t'eresó hendive ybakype Anhanga retãme nde só suí,Ybakype i pyri o só îanondé Anhanga ratápe o só suí
Antes sua ida para junto dele no céu que sua ida para o inferno,Ybakype i pyri o só îanondé Anhanga ratápe o só suí,I xosé rakó t'eresó hendive ybakype Anhanga retãme nde só suí,Ybakype i pyri o só îanondé Anhanga ratápe o só suí
Crendo na sua ida para o céu,Ybakype i xoagûera rerobîá,Arobîar ybakype nde îeupiragûera,Ybakype i xoagûera rerobîá
Fazendonos ir para o céu,Ybakype îandé sorama monhanga,Ybakype îandé sorama,Ybakype îandé sorama monhanga
Chefe dos que ficaram no céu,Ybakype opytaba'epûera rubixaba,Ybakype opytaba'epûera rubixaba,Ybakype opytaba'epûera rubixaba
o que irá para o céu,ybakype soarama,Abá ybakype soarama,ybakype soarama
A felicidade no céu,Ybakype toryba,Ybakype toryba,Ybakype toryba
Lembrandose de que Deus os honra muito no céu,Ybakype Tupã i moetékatu resé o ma'enduaramo,Ybakype Tupã i moetékatu resé o ma'enduaramo,Ybakype Tupã i moetékatu resé o ma'enduaramo
alho,ybarema,avati'yba,ybarema
alto,ybaté,agiieá2,ybaté
elevado,ybaté,agiieá2,ybaté
Para cima suas pernas mandou pregar,Ybaté koty ogûetymã moîarukari,I 'apira sosé ybaté serasóbo,Ybaté koty ogûetymã moîarukari
"Para cima mandou pregar suas pernas e, para baixo, sua cabeça","Ybaté koty ogûetymã moîarukari, 'yba koty o akanga","Ybaté koty o akanga moîarukari, ybyté o akanga","Ybaté koty ogûetymã moîarukari, 'yba koty o akanga"
"Para cima suas pernas mandou pregar e, para baixo, sua cabeça","Ybaté koty ogûetymã moîarukari,'yba koty o akanga","I py resé i nambi, i akanga","Ybaté koty ogûetymã moîarukari,'yba koty o akanga"
Veio das alturas,Ybaté suí oú,Ybaté suí oú,Ybaté suí oú
Que cheguemos ao alto,Ybaté t'orobasẽ,Anhenong,Ybaté t'orobasẽ
nuvem,ybatinga; ybytinga,ybatinga; ybytinga,ybatinga; ybytinga
flechar,ybõ,ekyi ,ybõ
"flor de planta, flor (em geral)",ybotyra,potyr (xe),ybotyra
"borbotão d'água, água que brota para cima",ybura,ysyryka,ybura
chão,yby,"(em seu aspecto físico, natural): yby; (no sentido de pátria): tetama",yby
solo,yby,"(em seu aspecto físico, natural): yby; (no sentido de pátria): tetama",yby
"A terra também, então, agitandose, tremendo","Yby abé a'ereme onhemonguébo, oryryîane",Ybytuatã serã i moatãe'ymba'e,"Yby abé a'ereme onhemonguébo, oryryîane"
"Tremendo, então, a terra também",Yby abé a'ereme oryryîane,A'ereme yby abé osyî,Yby abé a'ereme oryryîane
"Porventura é terra, na verdade, a nossa carne?",Yby anhẽ nipó asé ro'o?,Asé retéporanga ruãtepe yby?,Yby anhẽ nipó asé ro'o?
"No meio da terra fazendo um fogo inextinguível, que não se apagará",Yby apyterype tatáamororé ogûeba'erame'yma monhanga,Yby apyterype tatá ogûeba'erame'yma,Yby apyterype tatáamororé ogûeba'erame'yma monhanga
O que come terra ou outra coisa,Yby koîpó mba'e amõ gûara,Ayby koîpó mba'e amõ gûabo,Yby koîpó mba'e amõ gûara
buraco do chão,yby kûara,ybyku'i,yby kûara
A terra ficou levantando,Yby obuobur,Ayby obuobur,Yby obuobur
"A terra ferve, ficando a estremecer","Yby obuobur, otumutumunga","Yby obuobur, i moîáno","Yby obuobur, otumutumunga"
"A terra, todas as nuvens que caem do céu cobrilaão",Yby opá ybytinga ybaka suí o'aryba'e i aso'iûne,Yby opá ybytinga suí o'aryba'e i moynysema,Yby opá ybytinga ybaka suí o'aryba'e i aso'iûne
Todas as nuvens que caem do céu cobrirão a terra,Yby opá ybytinga ybaka suí o'aryba'e i aso'iûne,Opabárá ybytinga 'arybo nhẽ yby mopungábo,Yby opá ybytinga ybaka suí o'aryba'e i aso'iûne
Pelo chão também escorreu seu sangue?,Yby rupi bépe sugûy syryki?,Yby rupi bépe sugûy onhemoputun?,Yby rupi bépe sugûy syryki?
poeira da terra,yby tubyra,yby apé,yby tubyra
arar,yby'ab,mongu 'i,yby'ab
barrancos,yby'ãby'ama,ybyku'i,yby'ãby'ama
terra levantada,yby'ama,yby seîyî,yby'ama
monte de terra,ybyatyra,ybyku'i,ybyatyra
ribanceira da terra,ybyesapykanga,yby apé,ybyesapykanga
vão (s),ybYí:a; pa'ü,Aîkumirik,ybYí:a; pa'ü
limite,yby'iaba; sykaba,petymbu,yby'iaba; sykaba
caverna,ybykfiarusu,ykua,ybykfiarusu
cavar,ybykoi (s),"atiaija (r, s)",ybykoi (s)
"produtivo, de bom rendimento",ybykûab,araba,ybykûab
areia,ybyku'i,ybyku'i,ybyku'i
sob a areia branca,ybyku'itinga gûyri,ybyku'itinga gûyri,ybyku'itinga gûyri
Sob a areia branca,Ybyku'itinga gûyri,Ybytyrysype,Ybyku'itinga gûyri
areia preta,ybyku'iuna,Asa'ub,ybyku'iuna
entranhas,"ybynha, ybYia",tygé,"ybynha, ybYia"
casa de terra,ybyoka,ybyku'i,ybyoka
"Hei de frequentar Ibioca, revirarei também Itaoca e, enfim, Jupaoguaó","Ybyoka asapekóne, Itaoka abé aîpobu, rumby, Îupaogûaóne","Asó Ybyoka, a'ereme Itaoka abé, rumby, Îupaogûaóne","Ybyoka asapekóne, Itaoka abé aîpobu, rumby, Îupaogûaóne"
"em baixo, na lájea",ybype,itá sosé,ybype
estopa torcida,ybypomombykypyra,apPk ,ybypomombykypyra
"terra avermelhada, barro",ybypytanga,itá karamemûã,ybypytanga
árvore,ybyrá,ybyrá,ybyrá
cruz,ybyrá,ybyrá,ybyrá
madeira,ybyrá,ybyrá,ybyrá
pau,ybyrá,ybyrá,brasil
Madeira é o que falta,Ybyrá angapeẽamẽ,Aîpó 'yba kanhembora,Ybyrá angapeẽamẽ
Atrás de uma cerca feita de pedras tomou a casa dos animais de criação como sua pousada,Ybyrá itá monhangymbyra kupépe so'o mimbaba roka ogûâr gûupabamo,Itá okytá kupépe so'o pytasaba ogûâr gûupabamo,Ybyrá itá monhangymbyra kupépe so'o mimbaba roka ogûâr gûupabamo
"Atrás de uma cerca feita de pedras, tomou a casa dos animais de criação como sua pousada",Ybyrá itá monhangymbyra kupépe so'o mimbaba roka ogûar og upabamo,Itá okytá kupépe so'o mimbaba rerasóbo,Ybyrá itá monhangymbyra kupépe so'o mimbaba roka ogûar og upabamo
atrás de uma cerca feita de pedras,ybyrá itámonhangymbyra kupépe,Aîkytyk iraîty pupé,ybyrá itámonhangymbyra kupépe
forquilha de madeira,ybyrá kamby,ybyrá kamby,ybyrá kamby
"Mandando fazêlos embarcar numa arca de madeira, semelhante a um navio","Ybyrá karamemûã, ygarusu nungara pupé i mo'aruká",A'e i moîarungárungara pupé ygarusu nungara pupé,"Ybyrá karamemûã, ygarusu nungara pupé i mo'aruká"
"Mandando fazêlos embarcar numa arca de madeira, semelhante a um navio","Ybyrá karamemûã, ygarusu nungara pupé i mo'aruká",A'e i moîarungárungara pupé ygarusu nungara pupé,"Ybyrá karamemûã, ygarusu nungara pupé i mo'aruká"
"Mandando fazêlos embarcar numa arca de madeira, semelhante a um navio","Ybyrá karamemûã, ygarusu nungara pupé, i mo'aruká",A'e i moîarungárungara pupé ygarusu nungara pupé,"Ybyrá karamemûã, ygarusu nungara pupé i mo'aruká"
pó de madeira (como o que faz o caruncho no pau),ybyrá ku'i,ybyrá pirûera,ybyrá ku'i
"o que lavra as madeiras, o carpinteiro",ybyrá pandara,ybyrá pandara,ybyrá pandara
colher de madeira (com que as índias mexiam suas bebidas e mingaus),ybyrá pesẽ,kuarepoti,ybyrá pesẽ
Morrendo na cruz,Ybyrá pupé omanõmo,Eîpysó ybyraîoasaba 'arybo,Ybyrá pupé omanõmo
Diante de uma madeira a gente se inclina?,Ybyrá supé nhẽpe asé îerokyû?,Ybyrá supé nhẽpe asé îerokyû?,Ybyrá supé nhẽpe asé îerokyû?
vara,ybyrá; ybyrá'i; (de pescar): pinda'yba (m),ybyrá,ybyrá'ĩ
roda de madeira (para algodão),ybyrábabaka,(variedades): pinda'yba; i'apira; i'apira'yba etc,ybyrábabaka
"madeira fina, ótima",ybyráeté,nhau'uma,ybyráeté
vara,ybyrá'ĩ,ybyrá,ybyrá'ĩ
"Foi pregado na cruz, foi morto, foi sepultado","Ybyraîoasaba resé i moîarypyrûeramo sekóû, i îukapyrûeramo, i tymbyrûeramo","Eîuká, eîmoîub, eîmoîar ybyraîoasaba resé","Ybyraîoasaba resé i moîarypyrûeramo sekóû, i îukapyrûeramo, i tymbyrûeramo"
serra2 (= instrumento de serrar),ybyrakytiaba servir,serra2,ybyrakytiaba servir
serra braceira,ybyrakytĩabusu,aka,ybyrakytĩabusu
Em terra não os mandando transformar,Ybyramo i moingoukare'yma,Ara pupé serasóû n'i îaîmoîaî,Ybyramo i moingoukare'yma
Em terra não os fazendo transformar,Ybyramo i moingóukare'yma,Ara pupé i mopu'ami,Ybyramo i moingóukare'yma
Em terra ele se transformará,Ybyramo i nhemonhangyne,Ybyku'îa pupé sekóû,Ybyramo i nhemonhangyne
pano de linho,ybyraoba,ybyraoba,ybyraoba
arco,ybyrapara,iara,ybyrapara
eixo da roda de madeira que gira (no engenho de açúcar),ybyrápararanga agûeá,itá re'yîa,ybyrápararanga agûeá
tábua,ybyrapeba,tygynõ,ybyrapeba
tacape,ybyrapema,koty,ybyrapema
colher' (de pau),ybyrapesê,kupi'i,ybyrapesê
lasca de madeira,ybyrápesembûera,ybyrá pepó,ybyrápesembûera
cerca feita de ramas,ybyrápokanga,amynyîutyba,ybyrápokanga
bola de madeira,ybyrapu'a,ybyrá'ĩ,ybyrapu'a
Estive assentado no tronco de uma árvore,Ybyráypype aín,Aín ybyráypype,Ybyráypype aín
"cepo, o toco da árvore que foi cortada",ybyráypypûera,ybyrá'apu'a,ybyráypypûera
Vamos um pouco mais ao longo da costa,Ybyripyryb t'îasó,Îasó ybyripyrungápe,Ybyripyryb t'îasó
neblina,ybytinga,kíiarasy,ybytinga
nevoeiro,ybytinga,pari,ybytinga
vento,ybytu,tygé,ybytu
Zune como o vento,Ybytu îabé osunung,Asa'ub,Ybytu îabé osunung
"Zune como o vento, tremendo por causa de sua bravura","Ybytu îabé osunung, i abaeté suí osyîa","Asa'ub ybytu îabé, nde abaeté suí osykyîébo","Ybytu îabé osunung, i abaeté suí osyîa"
"Como o vento zune, tremendo por causa de sua bravura","Ybytu îabé osunung, î abaeté suí osyîa","Abebé kó ybytu îaîpyaíba, o kane'õ suí","Ybytu îabé osunung, î abaeté suí osyîa"
ao te trespassar o vento,ybytu nde rasapápe,ybytu nde ratá kasara,ybytu nde rasapápe
"muitos outeiros, serrania",ybytybytyra,ybytyraetá,ybytybytyra
vale,ybytygííaia,okapyra,ybytygííaia
No vale que tem nome Josafat,Ybytygûaîa Îosafat seryba'epe,Ybytygûaîa Îosafat seryba'epe,Ybytygûaîa Îosafat seryba'epe
montanha,ybytyra,ybytyra,ybytyra
morro,ybytyra,gûimanõmo,ybytyra
além das montanhas,ybytyra amongoty,ybytyra amongoty,ybytyra amongoty
Para o monte chamado Calvário,Ybytyra Monte Calvário 'îápe,Ybytyra Monte Calvário 'îápe,Ybytyra Monte Calvário 'îápe
"Levou sua mãe e seus discípulos sobre o cume do monte chamado ""das Oliveiras""",Ybytyra Olivete seryba'e apyra 'arybo o sy o boîá rerasóû,Ybytyra Olivete 'arybo Îesu ogûar i sy o boîá rerasóbo,Ybytyra Olivete seryba'e apyra 'arybo o sy o boîá rerasóû
Para o alto do chamado Monte das Oliveiras levou sua mãe e seus discípulos,Ybytyra Olivete seryba'e apyterybo o sy o boîá rerasóû,A'e ramo i xupé o îosuí Olivarypype o sy o boîá rerasóû,Ybytyra Olivete seryba'e apyterybo o sy o boîá rerasóû
serra1 (= conjunto de montanhas),ybytyrusu; ybytyra,ybyrakytiaba servir,ybytyrusu; ybytyra
"Pelos montes voando, fui para fazer pecar os tupis","Ybytyrybo gûibebébo, asó tupi moangaîpapa","Ybytyra rupi ubana, asó tupi moangaîpapa","Ybytyrybo gûibebébo, asó tupi moangaîpapa"
À serra eu fui para encontrarme com nossos súditos,Ybytyrype xe sóû îandé boîá rerosupa,Ybytyrype xe sóû îandé reká reká,Ybytyrype xe sóû îandé boîá rerosupa
água salgada (do mar),ye'ẽ,a'y,ye'ẽ
fojo (armadilha para animais),ye'e fôlego,so'o rerekó,ye'e fôlego
riacho,ye'ekiiaba; 'yekiiabusu,y; ty2; iy,yekûabusu
água salgada estagnada,ye'ẽmbyka,kilátenhe,ye'ẽmbyka
riacho,yekûabusu,y; ty2; iy,yekûabusu
"margem de rio, beira do mar",yembe'yba,kamuri'y,yembe'yba
"margem de rio, praia, ourela de mar ou rio",yembe'yba,kamuri,yembe'yba
praia (de mar ou rio),"yembe'yba; 'yembiieia prantear (alguém que morreu ou alguém que chega, como forma de saudação)",ypa'ũ,"yembe'yba; 'yembiieia prantear (alguém que morreu ou alguém que chega, como forma de saudação)"
"rio abaixo, a jusante",yembykoty,kamuri'ype,yembykoty
água doce,yeté,ybyoby,yeté
"barco de navio, barco salvavidas",ygámembyra,paranãgûara,ygámembyra
jangada,ygapeba,apé koty,ygapeba
bago de tacape,ygapẽnambi,angaingaíba,ygapẽnambi
onda,"ygapenunga (r, t)",(s): asyka; : asyk,"ygapenunga (r, t)"
remo,ygapukuitaba,kokaba,ygapukuitaba
remador de canoa,ygápukuîtara,ygara rakypûera,ygápukuîtara
"na parte de dentro da embarcação (isto é, sob a cobertura dela)",ygápype,ygápype,ygápype
barco,ygara,ygara,ygara
canoa,ygara,kûara,ygara
porto das canoas,ygara îepotasatyba,ygara kybõîa,ygara îepotasatyba
querendo que a canoa passe adiante,ygara kûabĩ potá,ygara kûabĩ potá,ygara kûabĩ potá
esteira da canoa,ygara rakypûera,ka'a,ygara rakypûera
convés da embarcação,ygara rokabytera,ygara ybyri,ygara rokabytera
mastro da embarcação,ygara rokytá,ygara rerekoara,ygara rokytá
o leme da embarcação,ygara ropytaerobakaba,ygara rerekoara,ygara ropytaerobakaba
As canoas eram muitíssimas,Ygara setákatu,I ygara re'yî,Ygara setákatu
navio,ygarusu,ygara,ygarusu
Algo semelhante a um navio,Ygarusu nungara,I ygara nungara,Ygarusu nungara
talha (de fazer cauim),ygasaba,aembékorõîa,ygasaba
"Depois disso, o cauim transbordante nas igaçabas atraios",Ygasápe kaûĩtuîa a'e ré îamomotá,"A'e ré, ka'a o 'ybapûera amõ okûapa","Ygasápe kaûĩtuîa, a'e ré, îamomotá"
"Além disso, atraios o cauim transbordante nas igaçabas",Ygasápe kaûĩtuîa a'e ré îamomotá,"A'e bé, asó kaûĩ ybyrá pupé",Ygasápe kaûĩtuîa a'e ré îamomotá
"O cauim transbordante nas igaçabas, depois disso, os atrai, e, igualmente, as cuias das velhas","Ygasápe kaûĩtuîa a'e ré îamomotá, oîoîá gûaîbĩ rekuîa","Îasytatá o îasytatá pupé o sabeypora reroangûabo, oîoîá gûaîbĩ tuîba'e","Ygasápe kaûĩtuîa a'e ré îamomotá, oîoîá gûaîbĩ rekuîa"
"O cauim transbordante nas igaçabas, depois disso, atraios","Ygasápe kaûĩtuîa, a'e ré, îamomotá","Paranãmbora suí o'aryba'e, a'ereme, îamombá","Ygasápe kaûĩtuîa, a'e ré, îamomotá"
"Depois disso, o cauim transbordante nas igaçabas atraios","Ygasápe kaûĩtuîa, a'e ré, îamomotá","A'e ré, ka'a o 'ybapûera amõ okûapa","Ygasápe kaûĩtuîa, a'e ré, îamomotá"
"O cauim transbordante nas igaçabas, depois disso, os atrai","Ygasápe kaûĩtuîa, a'e ré, îamomotá","Atykûarusu paranã pupé i mo'ẽmo, a'ereme i mosẽmo","Ygasápe kaûĩtuîa, a'e ré, îamomotá"
esporão de embarcação,ygátĩkupeara,ygámembyra,ygátĩkupeara
limo,ygftá,potaba (m),ygftá
haste sem os grãos,ygûera,ybyrá'ỹîa,ygûera
bolorento,ygynõ,apara; banga; apena tosar,ygynõ
mofado,"ygynõ (r, s)",moaiu,"ygynõ (r, s)"
remanso d'água,yîebyra,kamusi rembe'yba,yîebyra
"águas tranquilas, bonança",ykatu,ytu putu'u,ykatu
poço,yküara,ykua,yküara
debulhar,yky,andub,yky
colher (v),yky; po'o,ybyrapoti,yky; po'o
"lugar de se abrigar da água, barra de porto",ymbîasaba,paranãmbora,ymbîasaba
"instrumento de desvio de água, sangradouro",ymombîasaba,ysyryka,ymombîasaba
sangradouro de rio,ymombukaba,kamuri'y,ymombukaba
Por longo espaço de tempo ele se deteve,Ymûanĩ ahẽ rekóû,Ipuku erimba'e i kûáî,Ymûanĩ ahẽ rekóû
Por longo tempo ele se deteve,Ymûanĩ ahẽ rekóû,Ipuku xe rekóû,Ymûanĩ ahẽ rekóû
Estive por longo tempo,Ymûanĩ xe rekóû,Akûeîme é,Ymûanĩ xe rekóû
charco,yno'onga,ykua,yno'onga
poça,yno'onga,ykua,yno'onga
cheio,ynysem ,por,ynysem 
transbordante,"ynysemja (r, t)",katutenhe,"ynysemja (r, t)"
"fonte, água perene",ypabe'ymba'e,ye'ẽ,ypabe'ymba'e
ilha,ypa'ü,ypa'ü,ypa'ü
"intervalo de água, ilha",ypa'ũ,paranã kûara,ypa'ũ
Ilha Grande (antigo nome de ilha das costas do Rio de Janeiro),Ypa'ũgûasu,Ypa'ũgûasu,Ypa'ũgûasu
pato,ypeka,potyr [v potyra (mb)],ypeka
peroba,yperoba,tapyaba,yperoba
o que vai buscar água (à fonte),ypîasoara,Eîori 'y,ypîasoara
dilúvio,yporu,amanybá,yporu
"cabo de espada (lit, cabo de dedos)",ypûã,amykyra,ypûã
base,ypy,"ypyrunga, ypyrungaba (v ypyrung) comer",ypy
miJnby; miJnbyapara; nhUJDbugiiasu tronco (de árvore),ypy # tronco cortado: topytá,Anhopan,ypy # tronco cortado: topytá
"Como que do fundo emergi (tb fig, ""livreime de um grande aperto"", ""tornei a mim"", como quem saiu de alguma grande aflição em que estava)",Ypy suí berame'ĩ abur,mba'easy suí aha'eté,Ypy suí berame'ĩ abur
Emergi como que do fundo,Ypy suí berame'ĩ abur,Asó nhẽ,Ypy suí berame'ĩ abur
começar,ypy; ypyrung,"ypyrunga, ypyrungaba (v ypyrung) comer",ypy; ypyrung
início,ypy; ypyrunga,"ypyrunga, ypyrungaba (v ypyrung) comer",ypy; ypyrunga
coalhado,"ypy'ak (r, t)",nhe'eng,"ypy'ak (r, t)"
o que vai buscar água,ypyasoara,Mba'easy reruara,ypyasoara
aspergir,ypyi,andub,se
aguar,ypyi ,ara,ypyi 
resto do tronco de árvore que fica na terra após o seu corte,ypypûera,ybyrá pepóype o 'yba suí o 'yba rupi oína,ypypûera
iniciar,ypyrung; ypy,"ypyrunga, ypyrungaba (v ypyrung) comer",ypyrung; ypy
começo,"ypyrunga, ypyrungaba (v ypyrung) comer",ypy; ypyrunga,"ypyrunga, ypyrungaba (v ypyrung) comer"
Fui na direção do meio das águas,Ypytera koty asó,Atymombîá ypytera rupi,Ypytera koty asó
ovos de içá,ysá rupi'a,îugûarobá,ysá rupi'a
traça,ysokapé,amandaba,ysokapé
cipó,ysypó,potaba (m),ysypó
ajuntamento de cipós,ysypótyba,akaîu'a,ysypótyba
água corrente,ysyryka,ysyrykaba,ysyryka
Fachos de luz para iluminar o caminho pela escuridão,Ysysaý putumimbyka rupi pé resapébo,Ysysaý putumimbyka rupi pé resapébo,Ysysaý putumimbyka rupi pé resapébo
armação,ytá,aparok,ytá
tear,ytá,(variedades): aty; gílakagílasu etc galho,ytá
bica (d'água),ytororoma,Aîpi 'y,ytororoma
"jorro d'água, ITORORÓ, bica d'água",ytororoma,îepe'amobokaba,ytororoma
cachoeira,ytu,amanybá,ytu
cisco,yty,se,yty
lixo,yty,moaiu,yty
enchente (do mar),yura,Aîy'ã,yura
maré,"yura # maré descendente, maré baixa: 'ysyryka",amanybá,"yura # maré descendente, maré baixa: 'ysyryka"
